unit_id,cycle,d,theta_hat
1,1,0.005208333333333333,0.2373354156764328
1,2,0.010416666666666666,0.23782247109227778
1,3,0.015625,0.27949441000797304
1,4,0.020833333333333332,0.26629210161053435
1,5,0.026041666666666668,0.2596256328673464
1,6,0.03125,0.24418787600434708
1,7,0.036458333333333336,0.2427534786866428
1,8,0.041666666666666664,0.2308070084328108
1,9,0.046875,0.23839588424990119
1,10,0.052083333333333336,0.25358650129801225
1,11,0.057291666666666664,0.2614734679381895
1,12,0.0625,0.2622655169818596
1,13,0.06770833333333333,0.24496224834387129
1,14,0.07291666666666667,0.24682299140045846
1,15,0.078125,0.2585873582766573
1,16,0.08333333333333333,0.2639868101599266
1,17,0.08854166666666667,0.259436423900154
1,18,0.09375,0.23822034473149756
1,19,0.09895833333333333,0.2624815453771753
1,20,0.10416666666666667,0.2667139976638809
1,21,0.109375,0.2624797930450429
1,22,0.11458333333333333,0.27639825313552757
1,23,0.11979166666666667,0.2817098119990317
1,24,0.125,0.2718554843787786
1,25,0.13020833333333334,0.26286635611277115
1,26,0.13541666666666666,0.26509956378372646
1,27,0.140625,0.24635543276792976
1,28,0.14583333333333334,0.2552906368900576
1,29,0.15104166666666666,0.24651525471986768
1,30,0.15625,0.2191874036487703
1,31,0.16145833333333334,0.22229080358154255
1,32,0.16666666666666666,0.24639799398659606
1,33,0.171875,0.23792941559250544
1,34,0.17708333333333334,0.2281798280127487
1,35,0.18229166666666666,0.21261295615449555
1,36,0.1875,0.24462832570835755
1,37,0.19270833333333334,0.21670714381296446
1,38,0.19791666666666666,0.2112032875395818
1,39,0.203125,0.22976727896777788
1,40,0.20833333333333334,0.21065356080730321
1,41,0.21354166666666666,0.20296281264376342
1,42,0.21875,0.2011014988366593
1,43,0.22395833333333334,0.20191971078386792
1,44,0.22916666666666666,0.2127278027405554
1,45,0.234375,0.21979874999267016
1,46,0.23958333333333334,0.20457480028032468
1,47,0.24479166666666666,0.20318635636312124
1,48,0.25,0.19383085062668676
1,49,0.2552083333333333,0.19869017534480138
1,50,0.2604166666666667,0.21598399128622725
1,51,0.265625,0.21478473863191966
1,52,0.2708333333333333,0.2541009731669465
1,53,0.2760416666666667,0.2593359390221115
1,54,0.28125,0.24624426705212646
1,55,0.2864583333333333,0.25571347555542023
1,56,0.2916666666666667,0.26171801811751616
1,57,0.296875,0.2570597306462144
1,58,0.3020833333333333,0.25009923931724637
1,59,0.3072916666666667,0.25410335633473974
1,60,0.3125,0.2798805451291097
1,61,0.3177083333333333,0.28514994039957575
1,62,0.3229166666666667,0.26905819376556206
1,63,0.328125,0.2694536936974383
1,64,0.3333333333333333,0.24938223238109308
1,65,0.3385416666666667,0.24131814963747905
1,66,0.34375,0.22743691296820584
1,67,0.3489583333333333,0.18305877310501353
1,68,0.3541666666666667,0.18936241272122542
1,69,0.359375,0.1687810548772574
1,70,0.3645833333333333,0.17863487948504775
1,71,0.3697916666666667,0.160138316846963
1,72,0.375,0.1846355120599646
1,73,0.3802083333333333,0.19491164873427252
1,74,0.3854166666666667,0.17775907182650286
1,75,0.390625,0.18909600903883306
1,76,0.3958333333333333,0.20968607687283353
1,77,0.4010416666666667,0.21990020897598567
1,78,0.40625,0.2453178625170754
1,79,0.4114583333333333,0.2673883880371743
1,80,0.4166666666666667,0.28149154633207507
1,81,0.421875,0.2787347766331179
1,82,0.4270833333333333,0.29076127805864577
1,83,0.4322916666666667,0.2704841517001145
1,84,0.4375,0.29167191102031303
1,85,0.4427083333333333,0.27911996759412877
1,86,0.4479166666666667,0.3070831776883637
1,87,0.453125,0.2913831075692439
1,88,0.4583333333333333,0.29228353451964706
1,89,0.4635416666666667,0.2910200567192282
1,90,0.46875,0.28321024250971194
1,91,0.4739583333333333,0.2833732841177531
1,92,0.4791666666666667,0.3017986354131108
1,93,0.484375,0.2821863985970474
1,94,0.4895833333333333,0.24042389993524474
1,95,0.4947916666666667,0.2246365762298418
1,96,0.5,0.20935425931161813
1,97,0.5052083333333334,0.2295835779902857
1,98,0.5104166666666666,0.26740785502791375
1,99,0.515625,0.25157595532462296
1,100,0.5208333333333334,0.2882458530139838
1,101,0.5260416666666666,0.2556278208655019
1,102,0.53125,0.2535573261167837
1,103,0.5364583333333334,0.2529354781511087
1,104,0.5416666666666666,0.2506334204962284
1,105,0.546875,0.24675118436524282
1,106,0.5520833333333334,0.2408705383598894
1,107,0.5572916666666666,0.2124802741502605
1,108,0.5625,0.23934890308480716
1,109,0.5677083333333334,0.2509099035223027
1,110,0.5729166666666666,0.2827592071905703
1,111,0.578125,0.30430607812114374
1,112,0.5833333333333334,0.3073429864256804
1,113,0.5885416666666666,0.3023434855810771
1,114,0.59375,0.34842483046908934
1,115,0.5989583333333334,0.32946785919944577
1,116,0.6041666666666666,0.32755397824138716
1,117,0.609375,0.33838702482894173
1,118,0.6145833333333334,0.3374163423777861
1,119,0.6197916666666666,0.3534410909651667
1,120,0.625,0.3237786097111362
1,121,0.6302083333333334,0.3294291621674447
1,122,0.6354166666666666,0.33560344424957156
1,123,0.640625,0.3233525240996077
1,124,0.6458333333333334,0.32241029101758983
1,125,0.6510416666666666,0.32225989995145604
1,126,0.65625,0.33784186303157004
1,127,0.6614583333333334,0.3069028042178098
1,128,0.6666666666666666,0.30154798223541107
1,129,0.671875,0.28766996355777685
1,130,0.6770833333333334,0.28385655089023254
1,131,0.6822916666666666,0.2956516655336963
1,132,0.6875,0.2949904627885957
1,133,0.6927083333333334,0.2952444255270673
1,134,0.6979166666666666,0.3082087843361537
1,135,0.703125,0.34559817063246423
1,136,0.7083333333333334,0.35346015479246096
1,137,0.7135416666666666,0.35979156763160247
1,138,0.71875,0.393361110725934
1,139,0.7239583333333334,0.4029678439831228
1,140,0.7291666666666666,0.3928723539509972
1,141,0.734375,0.3827486441150982
1,142,0.7395833333333334,0.400973260384453
1,143,0.7447916666666666,0.4119830594021893
1,144,0.75,0.4260951955338182
1,145,0.7552083333333334,0.4584500920244461
1,146,0.7604166666666666,0.46540720036659716
1,147,0.765625,0.4864481002192168
1,148,0.7708333333333334,0.5091841516363713
1,149,0.7760416666666666,0.5028801955997789
1,150,0.78125,0.5067531966039955
1,151,0.7864583333333334,0.5076896510000993
1,152,0.7916666666666666,0.4982075157783985
1,153,0.796875,0.4666616769953934
1,154,0.8020833333333334,0.4894695076194986
1,155,0.8072916666666666,0.4930270901379081
1,156,0.8125,0.5172323929248471
1,157,0.8177083333333334,0.5500420443027081
1,158,0.8229166666666666,0.5505868224220299
1,159,0.828125,0.5510314635518331
1,160,0.8333333333333334,0.5154009786225703
1,161,0.8385416666666666,0.5092606958812994
1,162,0.84375,0.49827381498072426
1,163,0.8489583333333334,0.5000167052078457
1,164,0.8541666666666666,0.48599487773732414
1,165,0.859375,0.44848080912306737
1,166,0.8645833333333334,0.44769395518112726
1,167,0.8697916666666666,0.48439730890992905
1,168,0.875,0.5093847667650043
1,169,0.8802083333333334,0.5033431988945313
1,170,0.8854166666666666,0.5144556433660028
1,171,0.890625,0.5190050406566612
1,172,0.8958333333333334,0.4936354357129626
1,173,0.9010416666666666,0.5099744525694575
1,174,0.90625,0.5135763543157787
1,175,0.9114583333333334,0.5535675826726298
1,176,0.9166666666666666,0.5817971874500236
1,177,0.921875,0.6210398878031794
1,178,0.9270833333333334,0.6344349986159558
1,179,0.9322916666666666,0.6734651144402743
1,180,0.9375,0.7013482838351621
1,181,0.9427083333333334,0.7353773078392283
1,182,0.9479166666666666,0.706424199118972
1,183,0.953125,0.6997832382612954
1,184,0.9583333333333334,0.7187161308793375
1,185,0.9635416666666666,0.731662714660333
1,186,0.96875,0.7256917662540654
1,187,0.9739583333333334,0.7516363720399384
1,188,0.9791666666666666,0.750935455252737
1,189,0.984375,0.7506053898814609
1,190,0.9895833333333334,0.7389685888758085
1,191,0.9947916666666666,0.7504692843829344
1,192,1.0,0.7208209160085359
5,1,0.0037174721189591076,0.1723868893198871
5,2,0.007434944237918215,0.15386109293324696
5,3,0.011152416356877323,0.12240674160771194
5,4,0.01486988847583643,0.10039096281389655
5,5,0.01858736059479554,0.11748227972355865
5,6,0.022304832713754646,0.12560422379013944
5,7,0.026022304832713755,0.11879008797631438
5,8,0.02973977695167286,0.13445435596135658
5,9,0.03345724907063197,0.11335785074897288
5,10,0.03717472118959108,0.09454117739794711
5,11,0.040892193308550186,0.0955563311448599
5,12,0.04460966542750929,0.13421071875144913
5,13,0.048327137546468404,0.14824476735431386
5,14,0.05204460966542751,0.13676139580820165
5,15,0.055762081784386616,0.12806746098362315
5,16,0.05947955390334572,0.14111863529925373
5,17,0.06319702602230483,0.15127846409774032
5,18,0.06691449814126393,0.16489169253449473
5,19,0.07063197026022305,0.1774213623038751
5,20,0.07434944237918216,0.16882437911183237
5,21,0.07806691449814127,0.1476798416077754
5,22,0.08178438661710037,0.13966048299675682
5,23,0.08550185873605948,0.10975575130858174
5,24,0.08921933085501858,0.119004438041194
5,25,0.09293680297397769,0.09505094989550292
5,26,0.09665427509293681,0.11432472522454379
5,27,0.10037174721189591,0.09175309382144312
5,28,0.10408921933085502,0.061239576266797484
5,29,0.10780669144981413,0.07825509201835401
5,30,0.11152416356877323,0.09840159851582664
5,31,0.11524163568773234,0.07980520444168623
5,32,0.11895910780669144,0.06254444340250129
5,33,0.12267657992565056,0.06052278929774061
5,34,0.12639405204460966,0.06631963801300729
5,35,0.13011152416356878,0.06903444132215064
5,36,0.13382899628252787,0.10288215072888922
5,37,0.137546468401487,0.11907487365404217
5,38,0.1412639405204461,0.15054011942710585
5,39,0.1449814126394052,0.1724154585629933
5,40,0.14869888475836432,0.19462663734466365
5,41,0.1524163568773234,0.16182987888187197
5,42,0.15613382899628253,0.1753263272158196
5,43,0.15985130111524162,0.18864912069664333
5,44,0.16356877323420074,0.1443705866676098
5,45,0.16728624535315986,0.1644204630488711
5,46,0.17100371747211895,0.16545003401587716
5,47,0.17472118959107807,0.16540548772753322
5,48,0.17843866171003717,0.1803676831275507
5,49,0.1821561338289963,0.16667861480530555
5,50,0.18587360594795538,0.14949788462740876
5,51,0.1895910780669145,0.12416453427474812
5,52,0.19330855018587362,0.129058938750853
5,53,0.1970260223048327,0.11733933442210988
5,54,0.20074349442379183,0.11096177497186645
5,55,0.20446096654275092,0.10076290509303706
5,56,0.20817843866171004,0.10616145777402772
5,57,0.21189591078066913,0.08924631390081934
5,58,0.21561338289962825,0.0834348658736258
5,59,0.21933085501858737,0.12727707331390167
5,60,0.22304832713754646,0.11711935798478852
5,61,0.22676579925650558,0.117191216986889
5,62,0.23048327137546468,0.1517305779110109
5,63,0.2342007434944238,0.14326777790000203
5,64,0.2379182156133829,0.14811740049469901
5,65,0.241635687732342,0.15865636115410015
5,66,0.24535315985130113,0.14247163040879393
5,67,0.24907063197026022,0.12309382090272811
5,68,0.2527881040892193,0.11373991507978273
5,69,0.25650557620817843,0.10166323221820817
5,70,0.26022304832713755,0.08905360261502443
5,71,0.26394052044609667,0.11226906012095075
5,72,0.26765799256505574,0.10986581806111256
5,73,0.27137546468401486,0.10764366011150184
5,74,0.275092936802974,0.10159067368350214
5,75,0.2788104089219331,0.09905755126912585
5,76,0.2825278810408922,0.11403520669598081
5,77,0.2862453531598513,0.1006128490369381
5,78,0.2899628252788104,0.12134070664268438
5,79,0.2936802973977695,0.14314530751176627
5,80,0.29739776951672864,0.15300487502602703
5,81,0.30111524163568776,0.2065686762935218
5,82,0.3048327137546468,0.22505311652492832
5,83,0.30855018587360594,0.23927348635477336
5,84,0.31226765799256506,0.22685610379590201
5,85,0.3159851301115242,0.25589106144224955
5,86,0.31970260223048325,0.2461442868380325
5,87,0.32342007434944237,0.26251609650539
5,88,0.3271375464684015,0.2611388286102432
5,89,0.3308550185873606,0.24842812999254557
5,90,0.3345724907063197,0.2248082482770379
5,91,0.3382899628252788,0.21593510844611938
5,92,0.3420074349442379,0.2186083113973407
5,93,0.34572490706319703,0.21610814205660447
5,94,0.34944237918215615,0.1697541124537972
5,95,0.35315985130111527,0.14815645096271654
5,96,0.35687732342007433,0.13827972827068086
5,97,0.36059479553903345,0.1388331940160741
5,98,0.3643122676579926,0.11852997958726608
5,99,0.3680297397769517,0.11724203211012868
5,100,0.37174721189591076,0.12241917433019778
5,101,0.3754646840148699,0.12491434406572527
5,102,0.379182156133829,0.10779969020257123
5,103,0.3828996282527881,0.13303392740223535
5,104,0.38661710037174724,0.14519222566626241
5,105,0.3903345724907063,0.1314465892919786
5,106,0.3940520446096654,0.1204061702080905
5,107,0.39776951672862454,0.10403065735188355
5,108,0.40148698884758366,0.06292310459191261
5,109,0.4052044609665427,0.09176593226386684
5,110,0.40892193308550184,0.09883481633268562
5,111,0.41263940520446096,0.07878912652103795
5,112,0.4163568773234201,0.07570125427851229
5,113,0.4200743494423792,0.09570636625785582
5,114,0.42379182156133827,0.1034811257636472
5,115,0.4275092936802974,0.10023628282970429
5,116,0.4312267657992565,0.09925055393537179
5,117,0.4349442379182156,0.11357434108455039
5,118,0.43866171003717475,0.1041120266675962
5,119,0.4423791821561338,0.1023811937792169
5,120,0.44609665427509293,0.1261552118474275
5,121,0.44981412639405205,0.16476825854923083
5,122,0.45353159851301117,0.18142042344335116
5,123,0.45724907063197023,0.20754993231384686
5,124,0.46096654275092935,0.23006068351706377
5,125,0.4646840148698885,0.25783616029039835
5,126,0.4684014869888476,0.2843271964309108
5,127,0.4721189591078067,0.28162118121558527
5,128,0.4758364312267658,0.2767007737970365
5,129,0.4795539033457249,0.2831616383373524
5,130,0.483271375464684,0.2853020336534895
5,131,0.48698884758364314,0.28044520305131937
5,132,0.49070631970260226,0.2806500306617797
5,133,0.4944237918215613,0.3043023969051009
5,134,0.49814126394052044,0.32922472129381636
5,135,0.5018587360594795,0.3411940707503703
5,136,0.5055762081784386,0.31753593610773423
5,137,0.5092936802973977,0.3021648931503698
5,138,0.5130111524163569,0.32671594584211566
5,139,0.516728624535316,0.3394635237328094
5,140,0.5204460966542751,0.3196299410615834
5,141,0.5241635687732342,0.2752140160147202
5,142,0.5278810408921933,0.28982084810365005
5,143,0.5315985130111525,0.2924896739366764
5,144,0.5353159851301115,0.32017859561534207
5,145,0.5390334572490706,0.32759554969576704
5,146,0.5427509293680297,0.3228129890212978
5,147,0.5464684014869888,0.2929288172482171
5,148,0.550185873605948,0.2866604569704738
5,149,0.5539033457249071,0.2723518303609018
5,150,0.5576208178438662,0.2633365203956555
5,151,0.5613382899628253,0.302764734818196
5,152,0.5650557620817844,0.30754040578467084
5,153,0.5687732342007435,0.32706223582627647
5,154,0.5724907063197026,0.30818377020745064
5,155,0.5762081784386617,0.3213580980250983
5,156,0.5799256505576208,0.36025677854082194
5,157,0.5836431226765799,0.345679947896811
5,158,0.587360594795539,0.3581900203584644
5,159,0.5910780669144982,0.3331063323355106
5,160,0.5947955390334573,0.32595110457756543
5,161,0.5985130111524164,0.33865715399506113
5,162,0.6022304832713755,0.3520851690990885
5,163,0.6059479553903345,0.32031610443741076
5,164,0.6096654275092936,0.2985303928304659
5,165,0.6133828996282528,0.29370203614025137
5,166,0.6171003717472119,0.2555209954380005
5,167,0.620817843866171,0.25111779969092846
5,168,0.6245353159851301,0.23500899626613803
5,169,0.6282527881040892,0.24000981378269062
5,170,0.6319702602230484,0.23414048261567189
5,171,0.6356877323420075,0.2179388046835709
5,172,0.6394052044609665,0.22252348256274643
5,173,0.6431226765799256,0.2157351279372222
5,174,0.6468401486988847,0.23994978083486884
5,175,0.6505576208178439,0.24557021554622252
5,176,0.654275092936803,0.24335872037308712
5,177,0.6579925650557621,0.2711536130171099
5,178,0.6617100371747212,0.30092583881806617
5,179,0.6654275092936803,0.3163847411645408
5,180,0.6691449814126395,0.31161086617231665
5,181,0.6728624535315985,0.3234119547453148
5,182,0.6765799256505576,0.33890109337944985
5,183,0.6802973977695167,0.3392843375488004
5,184,0.6840148698884758,0.3053568915293591
5,185,0.6877323420074349,0.30639959863203153
5,186,0.6914498141263941,0.32432613832274476
5,187,0.6951672862453532,0.34262021479835564
5,188,0.6988847583643123,0.38131284570377727
5,189,0.7026022304832714,0.3859018400964004
5,190,0.7063197026022305,0.4082631184905144
5,191,0.7100371747211895,0.39825523212252895
5,192,0.7137546468401487,0.40525645858905307
5,193,0.7174721189591078,0.4037867452991722
5,194,0.7211895910780669,0.4179115534104918
5,195,0.724907063197026,0.44104849707390303
5,196,0.7286245353159851,0.43587067811162544
5,197,0.7323420074349443,0.4642415834945618
5,198,0.7360594795539034,0.44492065278251863
5,199,0.7397769516728625,0.48441773696835705
5,200,0.7434944237918215,0.4700484885864048
5,201,0.7472118959107806,0.473458547521485
5,202,0.7509293680297398,0.4414343246042781
5,203,0.7546468401486989,0.42773089502714917
5,204,0.758364312267658,0.4351116206800489
5,205,0.7620817843866171,0.41083291156379026
5,206,0.7657992565055762,0.42649528106559054
5,207,0.7695167286245354,0.4281610385101769
5,208,0.7732342007434945,0.44944841478295333
5,209,0.7769516728624535,0.47808526797220946
5,210,0.7806691449814126,0.49563166786982343
5,211,0.7843866171003717,0.5212365792967202
5,212,0.7881040892193308,0.5099636610616677
5,213,0.79182156133829,0.5383530622151046
5,214,0.7955390334572491,0.5510731220588049
5,215,0.7992565055762082,0.5858440211913647
5,216,0.8029739776951673,0.5990855798398612
5,217,0.8066914498141264,0.6366845488169618
5,218,0.8104089219330854,0.6305566455019244
5,219,0.8141263940520446,0.6224900781962861
5,220,0.8178438661710037,0.6344955567567793
5,221,0.8215613382899628,0.6399107908048886
5,222,0.8252788104089219,0.6400149219198251
5,223,0.828996282527881,0.6352647820431134
5,224,0.8327137546468402,0.592055189074759
5,225,0.8364312267657993,0.5796298421810342
5,226,0.8401486988847584,0.5621647803545831
5,227,0.8438661710037175,0.5854657354737214
5,228,0.8475836431226765,0.5724182350438386
5,229,0.8513011152416357,0.5604273364794358
5,230,0.8550185873605948,0.5358886893695919
5,231,0.8587360594795539,0.5393056110393359
5,232,0.862453531598513,0.5493072311442418
5,233,0.8661710037174721,0.5290934661513566
5,234,0.8698884758364313,0.5410843489990497
5,235,0.8736059479553904,0.5648243761851958
5,236,0.8773234200743495,0.5722710168078693
5,237,0.8810408921933085,0.5940063894616227
5,238,0.8847583643122676,0.5842667438618909
5,239,0.8884758364312267,0.6171701231842398
5,240,0.8921933085501859,0.6204098978045255
5,241,0.895910780669145,0.6183311599627491
5,242,0.8996282527881041,0.5956202047025329
5,243,0.9033457249070632,0.6281908541555742
5,244,0.9070631970260223,0.6487615829332704
5,245,0.9107806691449815,0.6711762583282967
5,246,0.9144981412639405,0.6679596517447568
5,247,0.9182156133828996,0.6746228785579592
5,248,0.9219330855018587,0.6681750202255181
5,249,0.9256505576208178,0.688728640756047
5,250,0.929368029739777,0.6654020587359302
5,251,0.9330855018587361,0.6721732772740222
5,252,0.9368029739776952,0.6887923065791228
5,253,0.9405204460966543,0.7232929104429836
5,254,0.9442379182156134,0.7166247227721937
5,255,0.9479553903345725,0.7377077463013917
5,256,0.9516728624535316,0.7765873518087296
5,257,0.9553903345724907,0.7980595878311859
5,258,0.9591078066914498,0.7907941077805277
5,259,0.9628252788104089,0.8058594161968067
5,260,0.966542750929368,0.8330580478068861
5,261,0.9702602230483272,0.8493967713673445
5,262,0.9739776951672863,0.8379817237775261
5,263,0.9776951672862454,0.8831989653663718
5,264,0.9814126394052045,0.8675460165194064
5,265,0.9851301115241635,0.9006477883858264
5,266,0.9888475836431226,0.9136655703977985
5,267,0.9925650557620818,0.8870289864676717
5,268,0.9962825278810409,0.8841415480967398
5,269,1.0,0.9082443891961763
11,1,0.004166666666666667,0.12016958530176032
11,2,0.008333333333333333,0.14047389949465416
11,3,0.0125,0.13936423931549752
11,4,0.016666666666666666,0.1532596340574538
11,5,0.020833333333333332,0.14239270523352443
11,6,0.025,0.1253389557343827
11,7,0.029166666666666667,0.14813057496451373
11,8,0.03333333333333333,0.15193065556130403
11,9,0.0375,0.15332981973644544
11,10,0.041666666666666664,0.17174159071094405
11,11,0.04583333333333333,0.1784148413173753
11,12,0.05,0.19494602355420798
11,13,0.05416666666666667,0.2230794526774032
11,14,0.058333333333333334,0.19674997746946934
11,15,0.0625,0.18225165609767566
11,16,0.06666666666666667,0.1820063287174589
11,17,0.07083333333333333,0.17470160714074484
11,18,0.075,0.2113003312820163
11,19,0.07916666666666666,0.20237460999298507
11,20,0.08333333333333333,0.22960547693785816
11,21,0.0875,0.2211648737564542
11,22,0.09166666666666666,0.2064885533310996
11,23,0.09583333333333334,0.18466545185101826
11,24,0.1,0.1912916145339666
11,25,0.10416666666666667,0.18288347929439105
11,26,0.10833333333333334,0.1817771626845334
11,27,0.1125,0.18862610870672814
11,28,0.11666666666666667,0.172249955296076
11,29,0.12083333333333333,0.19428323046164558
11,30,0.125,0.20907273442081142
11,31,0.12916666666666668,0.2078875686737192
11,32,0.13333333333333333,0.1885200978681177
11,33,0.1375,0.1507028912045414
11,34,0.14166666666666666,0.15417493460528472
11,35,0.14583333333333334,0.16031319129810231
11,36,0.15,0.17594819962088942
11,37,0.15416666666666667,0.1626434070099919
11,38,0.15833333333333333,0.15828441159124657
11,39,0.1625,0.14118340843473176
11,40,0.16666666666666666,0.15537602297305647
11,41,0.17083333333333334,0.15981443500164003
11,42,0.175,0.14478663836520256
11,43,0.17916666666666667,0.09510229141671679
11,44,0.18333333333333332,0.07582490466953001
11,45,0.1875,0.07570755918956511
11,46,0.19166666666666668,0.06696681219994478
11,47,0.19583333333333333,0.0839643393650156
11,48,0.2,0.08893192363803769
11,49,0.20416666666666666,0.08097179071853355
11,50,0.20833333333333334,0.04509406003151122
11,51,0.2125,0.052772194670104376
11,52,0.21666666666666667,0.08652248585252892
11,53,0.22083333333333333,0.11882753953776937
11,54,0.225,0.1497483825217477
11,55,0.22916666666666666,0.15846244268485898
11,56,0.23333333333333334,0.14604360819736828
11,57,0.2375,0.1687323285813874
11,58,0.24166666666666667,0.22378103502838215
11,59,0.24583333333333332,0.22894397730061206
11,60,0.25,0.2233312812606875
11,61,0.25416666666666665,0.23241084308343304
11,62,0.25833333333333336,0.2380104869369388
11,63,0.2625,0.23865360858664175
11,64,0.26666666666666666,0.2218671744349942
11,65,0.2708333333333333,0.26616644997106265
11,66,0.275,0.2761210019853052
11,67,0.2791666666666667,0.23660094249377603
11,68,0.2833333333333333,0.21473366973271735
11,69,0.2875,0.2093176474329321
11,70,0.2916666666666667,0.1936641992702055
11,71,0.29583333333333334,0.2117503933841181
11,72,0.3,0.21327907609852997
11,73,0.30416666666666664,0.20829834937616076
11,74,0.30833333333333335,0.2224040295283936
11,75,0.3125,0.2495941097593803
11,76,0.31666666666666665,0.24465181677300715
11,77,0.32083333333333336,0.2732871684548942
11,78,0.325,0.2771375490558585
11,79,0.32916666666666666,0.30421943929780576
11,80,0.3333333333333333,0.26098440157825026
11,81,0.3375,0.2618306596781691
11,82,0.3416666666666667,0.294779770072686
11,83,0.3458333333333333,0.34340644452389985
11,84,0.35,0.34688315630296784
11,85,0.3541666666666667,0.33549841202791086
11,86,0.35833333333333334,0.33537286877385375
11,87,0.3625,0.3365207082874317
11,88,0.36666666666666664,0.32527048476305226
11,89,0.37083333333333335,0.30549603364113864
11,90,0.375,0.3039419863043632
11,91,0.37916666666666665,0.3014077359366513
11,92,0.38333333333333336,0.2548990601023607
11,93,0.3875,0.2743214826081816
11,94,0.39166666666666666,0.2662391963287706
11,95,0.3958333333333333,0.28686614593650284
11,96,0.4,0.2817815158384042
11,97,0.4041666666666667,0.2549394181287594
11,98,0.4083333333333333,0.2233329546018614
11,99,0.4125,0.22089643724215346
11,100,0.4166666666666667,0.2141502945920733
11,101,0.42083333333333334,0.19585338033084945
11,102,0.425,0.1943898023193185
11,103,0.42916666666666664,0.2219634982580738
11,104,0.43333333333333335,0.21538215824752763
11,105,0.4375,0.16778819856050056
11,106,0.44166666666666665,0.1670648749747858
11,107,0.44583333333333336,0.1867335969880209
11,108,0.45,0.15167569613977822
11,109,0.45416666666666666,0.14697800292657784
11,110,0.4583333333333333,0.1442593869052651
11,111,0.4625,0.1638101266784912
11,112,0.4666666666666667,0.1468358517997771
11,113,0.4708333333333333,0.1544185819297025
11,114,0.475,0.13549891159718142
11,115,0.4791666666666667,0.13883034032762961
11,116,0.48333333333333334,0.16611084993978678
11,117,0.4875,0.18625881704304917
11,118,0.49166666666666664,0.17050162243603284
11,119,0.49583333333333335,0.19552040664822662
11,120,0.5,0.22162718278162416
11,121,0.5041666666666667,0.2395995246996909
11,122,0.5083333333333333,0.23482586091904287
11,123,0.5125,0.26027931597838244
11,124,0.5166666666666667,0.2629870186923651
11,125,0.5208333333333334,0.25999197267327334
11,126,0.525,0.22989659786635044
11,127,0.5291666666666667,0.25527435176153174
11,128,0.5333333333333333,0.26478007000145787
11,129,0.5375,0.2592593801595725
11,130,0.5416666666666666,0.29084569381994446
11,131,0.5458333333333333,0.25735929432479004
11,132,0.55,0.2415019661245936
11,133,0.5541666666666667,0.2485339442654653
11,134,0.5583333333333333,0.2544656975967678
11,135,0.5625,0.23732236731732506
11,136,0.5666666666666667,0.2371935314261874
11,137,0.5708333333333333,0.24012422659416757
11,138,0.575,0.2412344254749303
11,139,0.5791666666666667,0.25858571878377
11,140,0.5833333333333334,0.25357170873606605
11,141,0.5875,0.27962617523782535
11,142,0.5916666666666667,0.29990191211945033
11,143,0.5958333333333333,0.2793788233676162
11,144,0.6,0.30664589781250884
11,145,0.6041666666666666,0.30922698366679774
11,146,0.6083333333333333,0.3566221049468202
11,147,0.6125,0.34083566991166286
11,148,0.6166666666666667,0.33198311444892276
11,149,0.6208333333333333,0.3252971466963673
11,150,0.625,0.3558434766689222
11,151,0.6291666666666667,0.3633514687378166
11,152,0.6333333333333333,0.3924549902393039
11,153,0.6375,0.37432149900022604
11,154,0.6416666666666667,0.37780390249593465
11,155,0.6458333333333334,0.4005211561973712
11,156,0.65,0.3939153433923452
11,157,0.6541666666666667,0.3921610533526215
11,158,0.6583333333333333,0.4258928836388092
11,159,0.6625,0.3943233542510165
11,160,0.6666666666666666,0.3812704009923409
11,161,0.6708333333333333,0.34329154781566457
11,162,0.675,0.3412307672383249
11,163,0.6791666666666667,0.3510978929383693
11,164,0.6833333333333333,0.3579583882548438
11,165,0.6875,0.3388750814702574
11,166,0.6916666666666667,0.3405456989090294
11,167,0.6958333333333333,0.31964214885246767
11,168,0.7,0.33702313619572294
11,169,0.7041666666666667,0.35505160860957447
11,170,0.7083333333333334,0.3422151529177455
11,171,0.7125,0.33788767563982414
11,172,0.7166666666666667,0.31943963151893523
11,173,0.7208333333333333,0.2990758153154908
11,174,0.725,0.3334673674956399
11,175,0.7291666666666666,0.31686172148637914
11,176,0.7333333333333333,0.3514533746266218
11,177,0.7375,0.36403504839903755
11,178,0.7416666666666667,0.365315416494549
11,179,0.7458333333333333,0.3668393890693892
11,180,0.75,0.37978255188930876
11,181,0.7541666666666667,0.3874078598459384
11,182,0.7583333333333333,0.41129739097662915
11,183,0.7625,0.4159844659466818
11,184,0.7666666666666667,0.4085475937896334
11,185,0.7708333333333334,0.4301261659330379
11,186,0.775,0.44783888423802565
11,187,0.7791666666666667,0.46144102992664854
11,188,0.7833333333333333,0.4489600243509506
11,189,0.7875,0.43345496921998783
11,190,0.7916666666666666,0.45673736530089765
11,191,0.7958333333333333,0.4481565814502377
11,192,0.8,0.4683761093236639
11,193,0.8041666666666667,0.4661675221628612
11,194,0.8083333333333333,0.4624012891034823
11,195,0.8125,0.4866960747961346
11,196,0.8166666666666667,0.4867100239115985
11,197,0.8208333333333333,0.5023981086969439
11,198,0.825,0.5167199712948166
11,199,0.8291666666666667,0.5154109860492544
11,200,0.8333333333333334,0.5131852614840388
11,201,0.8375,0.500305704781839
11,202,0.8416666666666667,0.5064566046402835
11,203,0.8458333333333333,0.5260842212470241
11,204,0.85,0.5456695888659143
11,205,0.8541666666666666,0.5455938548213501
11,206,0.8583333333333333,0.5749997212761615
11,207,0.8625,0.5835384771723846
11,208,0.8666666666666667,0.5854044137307247
11,209,0.8708333333333333,0.6072954484338372
11,210,0.875,0.5997658154255675
11,211,0.8791666666666667,0.6014357218668477
11,212,0.8833333333333333,0.6085737961767961
11,213,0.8875,0.6163708300131286
11,214,0.8916666666666667,0.6293083929323681
11,215,0.8958333333333334,0.6302375097336067
11,216,0.9,0.643686360358951
11,217,0.9041666666666667,0.6736881108562588
11,218,0.9083333333333333,0.696199601501505
11,219,0.9125,0.7064724344640503
11,220,0.9166666666666666,0.7315841585100523
11,221,0.9208333333333333,0.7254453550283853
11,222,0.925,0.7184556517863039
11,223,0.9291666666666667,0.7358830080075319
11,224,0.9333333333333333,0.7569896085008222
11,225,0.9375,0.774319340550236
11,226,0.9416666666666667,0.7931773848040821
11,227,0.9458333333333333,0.7644933413775951
11,228,0.95,0.7681703935143086
11,229,0.9541666666666667,0.7939739874994123
11,230,0.9583333333333334,0.8020693703696143
11,231,0.9625,0.8333358650797164
11,232,0.9666666666666667,0.8337890382519146
11,233,0.9708333333333333,0.8412108960101932
11,234,0.975,0.8484177650519996
11,235,0.9791666666666666,0.8468110978545172
11,236,0.9833333333333333,0.8507845064146188
11,237,0.9875,0.8772784759928187
11,238,0.9916666666666667,0.8979765757876061
11,239,0.9958333333333333,0.8827428584682937
11,240,1.0,0.8967979799919332
13,1,0.006134969325153374,0.2798419607375145
13,2,0.012269938650306749,0.3191922087820625
13,3,0.018404907975460124,0.34387338309166793
13,4,0.024539877300613498,0.33866048473318605
13,5,0.03067484662576687,0.34386716872423834
13,6,0.03680981595092025,0.3740004489208368
13,7,0.04294478527607362,0.3772716093814814
13,8,0.049079754601226995,0.35429200312915093
13,9,0.05521472392638037,0.35453035896837776
13,10,0.06134969325153374,0.35594302158575863
13,11,0.06748466257668712,0.34308712611334236
13,12,0.0736196319018405,0.3451034901992186
13,13,0.07975460122699386,0.3999461667083515
13,14,0.08588957055214724,0.38294794749345634
13,15,0.09202453987730061,0.3766284837559069
13,16,0.09815950920245399,0.3754360512533093
13,17,0.10429447852760736,0.34610046528170574
13,18,0.11042944785276074,0.34499197787056907
13,19,0.1165644171779141,0.3342620841415998
13,20,0.12269938650306748,0.32642733136904367
13,21,0.12883435582822086,0.30388027022529407
13,22,0.13496932515337423,0.30187946969968615
13,23,0.1411042944785276,0.33097489181264445
13,24,0.147239263803681,0.3282172652912365
13,25,0.15337423312883436,0.32502155868318744
13,26,0.15950920245398773,0.3149846286490349
13,27,0.1656441717791411,0.3212346632984744
13,28,0.17177914110429449,0.2972142802585786
13,29,0.17791411042944785,0.3047012179570296
13,30,0.18404907975460122,0.3154082808297109
13,31,0.1901840490797546,0.33297133156731185
13,32,0.19631901840490798,0.31080897047904815
13,33,0.20245398773006135,0.317082784756705
13,34,0.2085889570552147,0.32232350527120857
13,35,0.2147239263803681,0.32387728026727675
13,36,0.22085889570552147,0.3318717202434479
13,37,0.22699386503067484,0.33246831772982216
13,38,0.2331288343558282,0.3204773923616187
13,39,0.2392638036809816,0.2849850626457963
13,40,0.24539877300613497,0.3090108825644045
13,41,0.25153374233128833,0.31004072630354745
13,42,0.25766871165644173,0.3068628192155182
13,43,0.26380368098159507,0.32246553113473636
13,44,0.26993865030674846,0.3474984228260392
13,45,0.27607361963190186,0.3614549141346148
13,46,0.2822085889570552,0.35167676470418585
13,47,0.2883435582822086,0.387257759640366
13,48,0.294478527607362,0.38198137392838255
13,49,0.3006134969325153,0.3888481695628304
13,50,0.3067484662576687,0.4160775773626728
13,51,0.3128834355828221,0.4264252797173588
13,52,0.31901840490797545,0.41174977924943224
13,53,0.32515337423312884,0.4276197601982049
13,54,0.3312883435582822,0.4332391775526649
13,55,0.3374233128834356,0.4239211671316859
13,56,0.34355828220858897,0.39830281763610714
13,57,0.3496932515337423,0.4165538882125513
13,58,0.3558282208588957,0.4093925323185048
13,59,0.3619631901840491,0.4035804775208015
13,60,0.36809815950920244,0.377678858470928
13,61,0.37423312883435583,0.40499372975444536
13,62,0.3803680981595092,0.4075260619806297
13,63,0.38650306748466257,0.38616084249294524
13,64,0.39263803680981596,0.4035261035769298
13,65,0.3987730061349693,0.3806621592474916
13,66,0.4049079754601227,0.3769266395769334
13,67,0.4110429447852761,0.3918646697475692
13,68,0.4171779141104294,0.3687810369750066
13,69,0.4233128834355828,0.3797666363679865
13,70,0.4294478527607362,0.3705601781322862
13,71,0.43558282208588955,0.38606866449640387
13,72,0.44171779141104295,0.363599945394955
13,73,0.44785276073619634,0.3510151528076754
13,74,0.4539877300613497,0.35064064229604186
13,75,0.4601226993865031,0.37209912004029416
13,76,0.4662576687116564,0.34495762367490107
13,77,0.4723926380368098,0.35769459250703584
13,78,0.4785276073619632,0.3663321333668717
13,79,0.48466257668711654,0.37751716962523685
13,80,0.49079754601226994,0.3737576851009784
13,81,0.49693251533742333,0.35602172131589516
13,82,0.5030674846625767,0.3521220178253008
13,83,0.50920245398773,0.35478298853450974
13,84,0.5153374233128835,0.3542735037999352
13,85,0.5214723926380368,0.37528594896613593
13,86,0.5276073619631901,0.3891618960506985
13,87,0.5337423312883436,0.39292671609971447
13,88,0.5398773006134969,0.4020191337041007
13,89,0.5460122699386503,0.4211466228375845
13,90,0.5521472392638037,0.39849203683361817
13,91,0.558282208588957,0.4152427510601849
13,92,0.5644171779141104,0.4279449029511951
13,93,0.5705521472392638,0.418838752272561
13,94,0.5766871165644172,0.40814753620388483
13,95,0.5828220858895705,0.42338594734180485
13,96,0.588957055214724,0.42464053502336824
13,97,0.5950920245398773,0.41035499441755857
13,98,0.6012269938650306,0.43927580242704456
13,99,0.6073619631901841,0.4536143916647963
13,100,0.6134969325153374,0.4185835411615467
13,101,0.6196319018404908,0.4055924338468751
13,102,0.6257668711656442,0.42956246572061046
13,103,0.6319018404907976,0.4464506771908504
13,104,0.6380368098159509,0.4229717796078976
13,105,0.6441717791411042,0.4311351551428841
13,106,0.6503067484662577,0.44441478671316476
13,107,0.656441717791411,0.4180965003623177
13,108,0.6625766871165644,0.44461750736746647
13,109,0.6687116564417178,0.43346247738762955
13,110,0.6748466257668712,0.4280462678245256
13,111,0.6809815950920245,0.45214292292382047
13,112,0.6871165644171779,0.4480077405908605
13,113,0.6932515337423313,0.4470849355792726
13,114,0.6993865030674846,0.46240285131153047
13,115,0.7055214723926381,0.48645988617673525
13,116,0.7116564417177914,0.5151866690539583
13,117,0.7177914110429447,0.5102385628387058
13,118,0.7239263803680982,0.4733472295508252
13,119,0.7300613496932515,0.47227634824334463
13,120,0.7361963190184049,0.5008748356344427
13,121,0.7423312883435583,0.4941169827296621
13,122,0.7484662576687117,0.4921366854226313
13,123,0.754601226993865,0.48104156824768735
13,124,0.7607361963190185,0.5046228229731908
13,125,0.7668711656441718,0.5093761318466938
13,126,0.7730061349693251,0.4893064898048914
13,127,0.7791411042944786,0.519508994169025
13,128,0.7852760736196319,0.5060890528741738
13,129,0.7914110429447853,0.5196629459800843
13,130,0.7975460122699386,0.5172812632013598
13,131,0.803680981595092,0.5115015211515817
13,132,0.8098159509202454,0.5034316035158939
13,133,0.8159509202453987,0.5316145594748228
13,134,0.8220858895705522,0.5545726144826939
13,135,0.8282208588957055,0.5511799395280069
13,136,0.8343558282208589,0.5814357857533095
13,137,0.8404907975460123,0.6171852263796366
13,138,0.8466257668711656,0.6389964049623096
13,139,0.852760736196319,0.6417637587761726
13,140,0.8588957055214724,0.6289682791251429
13,141,0.8650306748466258,0.6412562095435587
13,142,0.8711656441717791,0.6487941704639761
13,143,0.8773006134969326,0.6404628736445735
13,144,0.8834355828220859,0.6478291017359096
13,145,0.8895705521472392,0.6569917970072715
13,146,0.8957055214723927,0.690802545156695
13,147,0.901840490797546,0.7240186252606163
13,148,0.9079754601226994,0.7470497476683157
13,149,0.9141104294478528,0.7640319401705133
13,150,0.9202453987730062,0.7954491449472508
13,151,0.9263803680981595,0.8072600120216211
13,152,0.9325153374233128,0.819725222356117
13,153,0.9386503067484663,0.8039144052795679
13,154,0.9447852760736196,0.8029661121088747
13,155,0.950920245398773,0.8375969023239731
13,156,0.9570552147239264,0.8499218097360175
13,157,0.9631901840490797,0.8653467834207473
13,158,0.9693251533742331,0.9077152880451281
13,159,0.9754601226993865,0.8967784875208875
13,160,0.9815950920245399,0.9166871631084142
13,161,0.9877300613496932,0.9024701471161838
13,162,0.9938650306748467,0.8973115067223996
13,163,1.0,0.8961260336687638
19,1,0.006329113924050633,0.39670086836150914
19,2,0.012658227848101266,0.3946478254710734
19,3,0.0189873417721519,0.3834691690751208
19,4,0.02531645569620253,0.38661484529429735
19,5,0.03164556962025317,0.4098899840308037
19,6,0.0379746835443038,0.40320578255189765
19,7,0.04430379746835443,0.4018367522279859
19,8,0.05063291139240506,0.403944360895625
19,9,0.056962025316455694,0.4298418916722261
19,10,0.06329113924050633,0.43457639610754484
19,11,0.06962025316455696,0.4288491891736517
19,12,0.0759493670886076,0.4418738421128453
19,13,0.08227848101265822,0.4170006015518894
19,14,0.08860759493670886,0.3852109824562325
19,15,0.0949367088607595,0.43013151350932294
19,16,0.10126582278481013,0.43838088459227254
19,17,0.10759493670886076,0.41549523735825594
19,18,0.11392405063291139,0.3998009713579465
19,19,0.12025316455696203,0.40861686209128173
19,20,0.12658227848101267,0.3781848909683312
19,21,0.13291139240506328,0.3815297407548755
19,22,0.13924050632911392,0.3835748443105751
19,23,0.14556962025316456,0.3664995461404835
19,24,0.1518987341772152,0.3280316263003637
19,25,0.15822784810126583,0.33723398794323
19,26,0.16455696202531644,0.33360207631690403
19,27,0.17088607594936708,0.3183241085241938
19,28,0.17721518987341772,0.3498747382301695
19,29,0.18354430379746836,0.36205574259056594
19,30,0.189873417721519,0.3424818375153904
19,31,0.1962025316455696,0.33705945817933086
19,32,0.20253164556962025,0.3567230130168265
19,33,0.2088607594936709,0.3870853009685321
19,34,0.21518987341772153,0.3665496191682831
19,35,0.22151898734177214,0.39192596482200015
19,36,0.22784810126582278,0.3813417199229695
19,37,0.23417721518987342,0.38355451849238226
19,38,0.24050632911392406,0.4230766182914652
19,39,0.2468354430379747,0.4117909685019208
19,40,0.25316455696202533,0.39806983412039665
19,41,0.25949367088607594,0.4170346716463491
19,42,0.26582278481012656,0.3894526707895837
19,43,0.2721518987341772,0.39321872395411145
19,44,0.27848101265822783,0.3953165768416049
19,45,0.2848101265822785,0.4029314242008399
19,46,0.2911392405063291,0.40904548055478784
19,47,0.2974683544303797,0.42313488386560855
19,48,0.3037974683544304,0.41537553353407286
19,49,0.310126582278481,0.41248278150821477
19,50,0.31645569620253167,0.39454711299870293
19,51,0.3227848101265823,0.4082527543200265
19,52,0.3291139240506329,0.4056098631042317
19,53,0.33544303797468356,0.3725195379783072
19,54,0.34177215189873417,0.40334071802981186
19,55,0.34810126582278483,0.4153057973111848
19,56,0.35443037974683544,0.4212188595605499
19,57,0.36075949367088606,0.4209935935637966
19,58,0.3670886075949367,0.40897080748258235
19,59,0.37341772151898733,0.3898115929214034
19,60,0.379746835443038,0.38930164960670555
19,61,0.3860759493670886,0.3675833441134854
19,62,0.3924050632911392,0.4062476251615156
19,63,0.3987341772151899,0.41163517685041584
19,64,0.4050632911392405,0.41144755332061567
19,65,0.41139240506329117,0.42505435061523944
19,66,0.4177215189873418,0.3909761180675304
19,67,0.4240506329113924,0.3895772605622539
19,68,0.43037974683544306,0.3977849601626126
19,69,0.43670886075949367,0.3790387424376648
19,70,0.4430379746835443,0.38343299010422244
19,71,0.44936708860759494,0.3747904566373589
19,72,0.45569620253164556,0.41317832720655107
19,73,0.4620253164556962,0.4483221487577691
19,74,0.46835443037974683,0.476296487884346
19,75,0.47468354430379744,0.4966826820278024
19,76,0.4810126582278481,0.523808958196058
19,77,0.4873417721518987,0.49217642984773147
19,78,0.4936708860759494,0.47242681571676887
19,79,0.5,0.48317963886174653
19,80,0.5063291139240507,0.5056060438077425
19,81,0.5126582278481012,0.5483867037474555
19,82,0.5189873417721519,0.5675004289032244
19,83,0.5253164556962026,0.5710087624371343
19,84,0.5316455696202531,0.5608627808391028
19,85,0.5379746835443038,0.561872218376412
19,86,0.5443037974683544,0.5605994299966024
19,87,0.5506329113924051,0.5639763289961606
19,88,0.5569620253164557,0.534499906850462
19,89,0.5632911392405063,0.5369406937739395
19,90,0.569620253164557,0.5065541774601925
19,91,0.5759493670886076,0.4849316582835769
19,92,0.5822784810126582,0.47071660404352944
19,93,0.5886075949367089,0.5103617762005376
19,94,0.5949367088607594,0.5083622948924859
19,95,0.6012658227848101,0.47225204112582947
19,96,0.6075949367088608,0.49452877700701453
19,97,0.6139240506329114,0.4620272199195391
19,98,0.620253164556962,0.46928348739105613
19,99,0.6265822784810127,0.5371968948080282
19,100,0.6329113924050633,0.5249498378045572
19,101,0.6392405063291139,0.5244347142513679
19,102,0.6455696202531646,0.5307803718393809
19,103,0.6518987341772152,0.532799701119253
19,104,0.6582278481012658,0.5191757227202772
19,105,0.6645569620253164,0.5598938397820565
19,106,0.6708860759493671,0.5931088394948172
19,107,0.6772151898734177,0.5936824701575534
19,108,0.6835443037974683,0.590728221226634
19,109,0.689873417721519,0.5891596463591762
19,110,0.6962025316455697,0.612772528436506
19,111,0.7025316455696202,0.6061215006409363
19,112,0.7088607594936709,0.6414779383809462
19,113,0.7151898734177216,0.6229751036404028
19,114,0.7215189873417721,0.6018953867118162
19,115,0.7278481012658228,0.5969156183774709
19,116,0.7341772151898734,0.6237726654841306
19,117,0.740506329113924,0.620332990118616
19,118,0.7468354430379747,0.6061437808377088
19,119,0.7531645569620253,0.618531693735767
19,120,0.759493670886076,0.5787231357471789
19,121,0.7658227848101266,0.5701817595216045
19,122,0.7721518987341772,0.5618730145186891
19,123,0.7784810126582279,0.5548767352478903
19,124,0.7848101265822784,0.5728424230125212
19,125,0.7911392405063291,0.5688022326904836
19,126,0.7974683544303798,0.5548898914795153
19,127,0.8037974683544303,0.5563698024989572
19,128,0.810126582278481,0.6019431628336296
19,129,0.8164556962025317,0.6150966879642817
19,130,0.8227848101265823,0.6599670364511818
19,131,0.8291139240506329,0.6562707617913949
19,132,0.8354430379746836,0.6740414945729888
19,133,0.8417721518987342,0.6862440502173633
19,134,0.8481012658227848,0.6759548684450464
19,135,0.8544303797468354,0.6742026069884451
19,136,0.8607594936708861,0.6558401397224018
19,137,0.8670886075949367,0.6562045813907094
19,138,0.8734177215189873,0.6511372002105076
19,139,0.879746835443038,0.6820015014113477
19,140,0.8860759493670886,0.6840667488317573
19,141,0.8924050632911392,0.7238481816801138
19,142,0.8987341772151899,0.7455866784470073
19,143,0.9050632911392406,0.7367820239896615
19,144,0.9113924050632911,0.7361729332480037
19,145,0.9177215189873418,0.7260933727691543
19,146,0.9240506329113924,0.708950687539546
19,147,0.930379746835443,0.6952927858116812
19,148,0.9367088607594937,0.7389555764917386
19,149,0.9430379746835443,0.757355840656609
19,150,0.9493670886075949,0.8060807114457816
19,151,0.9556962025316456,0.8579739529130426
19,152,0.9620253164556962,0.8961918400583421
19,153,0.9683544303797469,0.9235551092316883
19,154,0.9746835443037974,0.9141604977366984
19,155,0.9810126582278481,0.9386786870585644
19,156,0.9873417721518988,0.9152518092981511
19,157,0.9936708860759493,0.898603469998242
19,158,1.0,0.9068825780071341
23,1,0.005952380952380952,0.4093001152445071
23,2,0.011904761904761904,0.39440056174350535
23,3,0.017857142857142856,0.38117335344790737
23,4,0.023809523809523808,0.36644987812651464
23,5,0.02976190476190476,0.3432021032445412
23,6,0.03571428571428571,0.3368556047978706
23,7,0.041666666666666664,0.35843522479717127
23,8,0.047619047619047616,0.369144794402402
23,9,0.05357142857142857,0.3533896871993051
23,10,0.05952380952380952,0.35120740484896845
23,11,0.06547619047619048,0.3570042510055275
23,12,0.07142857142857142,0.3626424749929665
23,13,0.07738095238095238,0.37168905620538223
23,14,0.08333333333333333,0.35001066058519936
23,15,0.08928571428571429,0.33972652848366214
23,16,0.09523809523809523,0.3341102212911905
23,17,0.10119047619047619,0.3170431573558929
23,18,0.10714285714285714,0.32526955998922125
23,19,0.1130952380952381,0.3331556529519633
23,20,0.11904761904761904,0.3351645102691959
23,21,0.125,0.3629542520893384
23,22,0.13095238095238096,0.3516789316891288
23,23,0.13690476190476192,0.35431357726582896
23,24,0.14285714285714285,0.3474293462657172
23,25,0.1488095238095238,0.33251364396979427
23,26,0.15476190476190477,0.3480218364704831
23,27,0.16071428571428573,0.34049324804132325
23,28,0.16666666666666666,0.34042654513786486
23,29,0.17261904761904762,0.36223741422258093
23,30,0.17857142857142858,0.3668955857962741
23,31,0.18452380952380953,0.3995965235987723
23,32,0.19047619047619047,0.41997571514274973
23,33,0.19642857142857142,0.4010466047665915
23,34,0.20238095238095238,0.3871194123769128
23,35,0.20833333333333334,0.39453839759850756
23,36,0.21428571428571427,0.3941594287305299
23,37,0.22023809523809523,0.3900221496432279
23,38,0.2261904761904762,0.366971802561448
23,39,0.23214285714285715,0.37072286793517506
23,40,0.23809523809523808,0.37639145282449554
23,41,0.24404761904761904,0.3689736022317658
23,42,0.25,0.3716702930449242
23,43,0.25595238095238093,0.37241919014800207
23,44,0.2619047619047619,0.3685476587378476
23,45,0.26785714285714285,0.3859140473619404
23,46,0.27380952380952384,0.40642605771663143
23,47,0.27976190476190477,0.4288476607961802
23,48,0.2857142857142857,0.4391400986903092
23,49,0.2916666666666667,0.45357351277776314
23,50,0.2976190476190476,0.453255664737066
23,51,0.30357142857142855,0.4412932198855791
23,52,0.30952380952380953,0.4404496531285147
23,53,0.31547619047619047,0.4534815597514821
23,54,0.32142857142857145,0.4464205359295623
23,55,0.3273809523809524,0.4404950157343986
23,56,0.3333333333333333,0.4121000141954093
23,57,0.3392857142857143,0.41262946384791116
23,58,0.34523809523809523,0.4078490687183318
23,59,0.35119047619047616,0.3769989964566555
23,60,0.35714285714285715,0.3808391417203839
23,61,0.3630952380952381,0.29847602055706346
23,62,0.36904761904761907,0.2622538542033127
23,63,0.375,0.2752019981480436
23,64,0.38095238095238093,0.2984810595600638
23,65,0.3869047619047619,0.3128408301159668
23,66,0.39285714285714285,0.31790066769708364
23,67,0.39880952380952384,0.3264380676150249
23,68,0.40476190476190477,0.3309785676106631
23,69,0.4107142857142857,0.3305093164153034
23,70,0.4166666666666667,0.31300956170639316
23,71,0.4226190476190476,0.3463339409673247
23,72,0.42857142857142855,0.35530116550369656
23,73,0.43452380952380953,0.35574565850097445
23,74,0.44047619047619047,0.3927640657841215
23,75,0.44642857142857145,0.3791678240403891
23,76,0.4523809523809524,0.429311398067966
23,77,0.4583333333333333,0.45205252207677693
23,78,0.4642857142857143,0.43695197261632795
23,79,0.47023809523809523,0.4357133899664425
23,80,0.47619047619047616,0.4243654559628163
23,81,0.48214285714285715,0.4243256360193898
23,82,0.4880952380952381,0.39544288465024063
23,83,0.49404761904761907,0.39715934892877264
23,84,0.5,0.40356085011583454
23,85,0.5059523809523809,0.4234677709211637
23,86,0.5119047619047619,0.39543015376424684
23,87,0.5178571428571429,0.3915501024175848
23,88,0.5238095238095238,0.3915898442180029
23,89,0.5297619047619048,0.3812697241296156
23,90,0.5357142857142857,0.40566419877184606
23,91,0.5416666666666666,0.3792022726415487
23,92,0.5476190476190477,0.38277536055084965
23,93,0.5535714285714286,0.4196502688033716
23,94,0.5595238095238095,0.3984806501407554
23,95,0.5654761904761905,0.403698359897729
23,96,0.5714285714285714,0.3984420980493736
23,97,0.5773809523809523,0.4229896013253802
23,98,0.5833333333333334,0.42513071726592977
23,99,0.5892857142857143,0.4423087877856325
23,100,0.5952380952380952,0.4350634519459893
23,101,0.6011904761904762,0.45329907741633585
23,102,0.6071428571428571,0.4780315804460823
23,103,0.6130952380952381,0.47918996639017275
23,104,0.6190476190476191,0.4652949389962867
23,105,0.625,0.4549110277172733
23,106,0.6309523809523809,0.4831938055755173
23,107,0.6369047619047619,0.4654744420796387
23,108,0.6428571428571429,0.44139375210529785
23,109,0.6488095238095238,0.4564837923744859
23,110,0.6547619047619048,0.47318282558564917
23,111,0.6607142857142857,0.48579388133151963
23,112,0.6666666666666666,0.5030907978921553
23,113,0.6726190476190477,0.5059823706301075
23,114,0.6785714285714286,0.4989565579553821
23,115,0.6845238095238095,0.5210572014753388
23,116,0.6904761904761905,0.5114260303939641
23,117,0.6964285714285714,0.517310312148306
23,118,0.7023809523809523,0.5105553480467419
23,119,0.7083333333333334,0.5334918362435723
23,120,0.7142857142857143,0.5456565659522674
23,121,0.7202380952380952,0.5441426600172401
23,122,0.7261904761904762,0.5833129694895701
23,123,0.7321428571428571,0.6102053503975534
23,124,0.7380952380952381,0.6018720940568022
23,125,0.7440476190476191,0.6237640994702255
23,126,0.75,0.6167701928622928
23,127,0.7559523809523809,0.6046342717196295
23,128,0.7619047619047619,0.6064124166161331
23,129,0.7678571428571429,0.6004490741774015
23,130,0.7738095238095238,0.5759498962196122
23,131,0.7797619047619048,0.6084465121778254
23,132,0.7857142857142857,0.6073017602212394
23,133,0.7916666666666666,0.617269492528723
23,134,0.7976190476190477,0.6269702262397542
23,135,0.8035714285714286,0.621832003397054
23,136,0.8095238095238095,0.629015539160017
23,137,0.8154761904761905,0.6157471442078735
23,138,0.8214285714285714,0.591697835435158
23,139,0.8273809523809523,0.6042442465048428
23,140,0.8333333333333334,0.5775041712055894
23,141,0.8392857142857143,0.5705289537943132
23,142,0.8452380952380952,0.5939977195013647
23,143,0.8511904761904762,0.5968352435722911
23,144,0.8571428571428571,0.6274926932829783
23,145,0.8630952380952381,0.6569695937096245
23,146,0.8690476190476191,0.659791010165946
23,147,0.875,0.6519504713010669
23,148,0.8809523809523809,0.6577811448772546
23,149,0.8869047619047619,0.6443496757708941
23,150,0.8928571428571429,0.6782235611300353
23,151,0.8988095238095238,0.690602874110341
23,152,0.9047619047619048,0.7093078255057622
23,153,0.9107142857142857,0.7369307119132826
23,154,0.9166666666666666,0.7275104348483674
23,155,0.9226190476190477,0.7517033427481732
23,156,0.9285714285714286,0.7698802492200043
23,157,0.9345238095238095,0.7648007460830758
23,158,0.9404761904761905,0.7600404251258787
23,159,0.9464285714285714,0.7502457471962554
23,160,0.9523809523809523,0.7660845044870305
23,161,0.9583333333333334,0.7977563605801603
23,162,0.9642857142857143,0.8146515994027878
23,163,0.9702380952380952,0.8348074803241353
23,164,0.9761904761904762,0.8647293574363577
23,165,0.9821428571428571,0.8471814716986229
23,166,0.9880952380952381,0.8433229077514899
23,167,0.9940476190476191,0.8352584181882922
23,168,1.0,0.8305918453823565
31,1,0.004273504273504274,0.07394843264789051
31,2,0.008547008547008548,0.09178981071039473
31,3,0.01282051282051282,0.11062085256821065
31,4,0.017094017094017096,0.09866845816522805
31,5,0.021367521367521368,0.08003540252856232
31,6,0.02564102564102564,0.07543035459119449
31,7,0.029914529914529916,0.0831033307638878
31,8,0.03418803418803419,0.07172534169584181
31,9,0.038461538461538464,0.10653373057010221
31,10,0.042735042735042736,0.12109029283569193
31,11,0.04700854700854701,0.13367371097337902
31,12,0.05128205128205128,0.14570056335893397
31,13,0.05555555555555555,0.15688001700265777
31,14,0.05982905982905983,0.2006072600281938
31,15,0.0641025641025641,0.18549195076525968
31,16,0.06837606837606838,0.15211496983518133
31,17,0.07264957264957266,0.1537576578869098
31,18,0.07692307692307693,0.16215676095652667
31,19,0.0811965811965812,0.1898903729743595
31,20,0.08547008547008547,0.218195395960824
31,21,0.08974358974358974,0.23400197300758535
31,22,0.09401709401709402,0.2047399889538225
31,23,0.09829059829059829,0.23789737801019475
31,24,0.10256410256410256,0.2189749595496538
31,25,0.10683760683760683,0.20342634057108172
31,26,0.1111111111111111,0.21374466965281014
31,27,0.11538461538461539,0.24131903815504324
31,28,0.11965811965811966,0.21528816568162848
31,29,0.12393162393162394,0.15969677444283054
31,30,0.1282051282051282,0.20348609177251978
31,31,0.13247863247863248,0.23590525701583004
31,32,0.13675213675213677,0.2111215450834831
31,33,0.14102564102564102,0.1905204223518382
31,34,0.1452991452991453,0.1770454036635566
31,35,0.14957264957264957,0.16953884006895503
31,36,0.15384615384615385,0.16171307869972648
31,37,0.1581196581196581,0.19412461805341524
31,38,0.1623931623931624,0.1855172040247727
31,39,0.16666666666666666,0.14769142922315032
31,40,0.17094017094017094,0.17113511055129724
31,41,0.1752136752136752,0.14259132049262324
31,42,0.1794871794871795,0.11791221555364478
31,43,0.18376068376068377,0.11654914012563714
31,44,0.18803418803418803,0.16535699316275043
31,45,0.19230769230769232,0.09796095616969115
31,46,0.19658119658119658,0.1025894861366659
31,47,0.20085470085470086,0.11170295879385397
31,48,0.20512820512820512,0.10112504471215994
31,49,0.2094017094017094,0.0983298420225397
31,50,0.21367521367521367,0.09143046855315227
31,51,0.21794871794871795,0.10999832656676997
31,52,0.2222222222222222,0.0947286258354866
31,53,0.2264957264957265,0.07696415079904251
31,54,0.23076923076923078,0.10791268385872704
31,55,0.23504273504273504,0.09577915659215994
31,56,0.23931623931623933,0.08603232572635408
31,57,0.24358974358974358,0.07861730314432999
31,58,0.24786324786324787,0.09490492811009632
31,59,0.25213675213675213,0.079555773441342
31,60,0.2564102564102564,0.122989516644203
31,61,0.2606837606837607,0.08682768127060124
31,62,0.26495726495726496,0.09743407461759682
31,63,0.2692307692307692,0.0819081763349614
31,64,0.27350427350427353,0.06399996992744496
31,65,0.2777777777777778,0.08322149108193376
31,66,0.28205128205128205,0.06656811410335053
31,67,0.2863247863247863,0.06867015308408637
31,68,0.2905982905982906,0.054965714119102935
31,69,0.2948717948717949,0.060543917883742665
31,70,0.29914529914529914,0.061957234552166125
31,71,0.3034188034188034,0.06977316984256758
31,72,0.3076923076923077,0.08983082842835563
31,73,0.31196581196581197,0.10691134764112772
31,74,0.3162393162393162,0.11957487840183383
31,75,0.32051282051282054,0.10463185620681244
31,76,0.3247863247863248,0.1250207929622371
31,77,0.32905982905982906,0.13171726615385795
31,78,0.3333333333333333,0.15059835515296927
31,79,0.33760683760683763,0.17162743521537244
31,80,0.3418803418803419,0.16334203124255164
31,81,0.34615384615384615,0.1603085422780581
31,82,0.3504273504273504,0.1660568243156915
31,83,0.3547008547008547,0.16036268704647608
31,84,0.358974358974359,0.16231936905114216
31,85,0.36324786324786323,0.15185663803092886
31,86,0.36752136752136755,0.16081847789635614
31,87,0.3717948717948718,0.17044936490602658
31,88,0.37606837606837606,0.152143499155056
31,89,0.3803418803418803,0.10369603149063211
31,90,0.38461538461538464,0.09905139273232506
31,91,0.3888888888888889,0.11493036956033224
31,92,0.39316239316239315,0.11179298957170218
31,93,0.3974358974358974,0.14025375432121984
31,94,0.4017094017094017,0.1436912765250992
31,95,0.405982905982906,0.13041776749362824
31,96,0.41025641025641024,0.13687351745947485
31,97,0.41452991452991456,0.14334315033895192
31,98,0.4188034188034188,0.18845552228886794
31,99,0.4230769230769231,0.19981800906398534
31,100,0.42735042735042733,0.2048344962091761
31,101,0.43162393162393164,0.19845550764413275
31,102,0.4358974358974359,0.18641618565618634
31,103,0.44017094017094016,0.1945305211889026
31,104,0.4444444444444444,0.23846358296532225
31,105,0.44871794871794873,0.23877506313280644
31,106,0.452991452991453,0.22781784184997575
31,107,0.45726495726495725,0.18822210476063495
31,108,0.46153846153846156,0.17782310338115728
31,109,0.4658119658119658,0.20898337879326795
31,110,0.4700854700854701,0.21796024224910396
31,111,0.47435897435897434,0.21218433953923668
31,112,0.47863247863247865,0.21345656732053456
31,113,0.4829059829059829,0.211007869633704
31,114,0.48717948717948717,0.2001004450930977
31,115,0.49145299145299143,0.22594871976427533
31,116,0.49572649572649574,0.24341515452720103
31,117,0.5,0.2328479270448964
31,118,0.5042735042735043,0.226398767366609
31,119,0.5085470085470085,0.2008842910632736
31,120,0.5128205128205128,0.21739010216180954
31,121,0.5170940170940171,0.22839735661995444
31,122,0.5213675213675214,0.27623608973402825
31,123,0.5256410256410257,0.2912080109563913
31,124,0.5299145299145299,0.2515750373211919
31,125,0.5341880341880342,0.2337434184997093
31,126,0.5384615384615384,0.2513098688832403
31,127,0.5427350427350427,0.26862059876258826
31,128,0.5470085470085471,0.2839774032984023
31,129,0.5512820512820513,0.27365981027966113
31,130,0.5555555555555556,0.26698715531161393
31,131,0.5598290598290598,0.2702380090664693
31,132,0.5641025641025641,0.30995258699585604
31,133,0.5683760683760684,0.311563830489973
31,134,0.5726495726495726,0.33750299016694957
31,135,0.5769230769230769,0.34532900112334775
31,136,0.5811965811965812,0.3443601760155089
31,137,0.5854700854700855,0.3306946460605513
31,138,0.5897435897435898,0.3196200830325546
31,139,0.594017094017094,0.31539284467567374
31,140,0.5982905982905983,0.3645027004667077
31,141,0.6025641025641025,0.36812684801520185
31,142,0.6068376068376068,0.36011134171995296
31,143,0.6111111111111112,0.32866211910247256
31,144,0.6153846153846154,0.351906344767922
31,145,0.6196581196581197,0.342005011406668
31,146,0.6239316239316239,0.35178424157676347
31,147,0.6282051282051282,0.3507382468759968
31,148,0.6324786324786325,0.3509659151777205
31,149,0.6367521367521367,0.3407241838794693
31,150,0.6410256410256411,0.3557450980203181
31,151,0.6452991452991453,0.36550415226367167
31,152,0.6495726495726496,0.39618536665120446
31,153,0.6538461538461539,0.38595065203712914
31,154,0.6581196581196581,0.4079608963518088
31,155,0.6623931623931624,0.3957365323227813
31,156,0.6666666666666666,0.37767198731157964
31,157,0.6709401709401709,0.3745028776234257
31,158,0.6752136752136753,0.357669402151786
31,159,0.6794871794871795,0.33956848502951453
31,160,0.6837606837606838,0.36374090324768293
31,161,0.688034188034188,0.359735797913188
31,162,0.6923076923076923,0.3267994775751529
31,163,0.6965811965811965,0.31934602921512706
31,164,0.7008547008547008,0.32979171971357996
31,165,0.7051282051282052,0.2825260138612036
31,166,0.7094017094017094,0.26633325475654424
31,167,0.7136752136752137,0.2567614488527163
31,168,0.717948717948718,0.28194188907181594
31,169,0.7222222222222222,0.26887363600185077
31,170,0.7264957264957265,0.2600320866847987
31,171,0.7307692307692307,0.2735672232813261
31,172,0.7350427350427351,0.31243703837606174
31,173,0.7393162393162394,0.3418514418750006
31,174,0.7435897435897436,0.3390934988096851
31,175,0.7478632478632479,0.3267439713862872
31,176,0.7521367521367521,0.33083190630004883
31,177,0.7564102564102564,0.36988186942259876
31,178,0.7606837606837606,0.3953592601999383
31,179,0.7649572649572649,0.38321907685247936
31,180,0.7692307692307693,0.4373049704069588
31,181,0.7735042735042735,0.4436584150234499
31,182,0.7777777777777778,0.44864537762158613
31,183,0.782051282051282,0.45353784452021045
31,184,0.7863247863247863,0.45829368597206854
31,185,0.7905982905982906,0.45519751768978306
31,186,0.7948717948717948,0.4463324089947771
31,187,0.7991452991452992,0.4026813556448634
31,188,0.8034188034188035,0.441341690502908
31,189,0.8076923076923077,0.44250715962610804
31,190,0.811965811965812,0.4497382422825975
31,191,0.8162393162393162,0.4722869129303802
31,192,0.8205128205128205,0.4714024501438896
31,193,0.8247863247863247,0.49096478585929276
31,194,0.8290598290598291,0.5044723304651497
31,195,0.8333333333333334,0.5118284279430327
31,196,0.8376068376068376,0.49579181706559705
31,197,0.8418803418803419,0.5080029920121936
31,198,0.8461538461538461,0.49099953225814974
31,199,0.8504273504273504,0.5186957440175611
31,200,0.8547008547008547,0.5239170528338407
31,201,0.8589743589743589,0.5614749268282243
31,202,0.8632478632478633,0.5744470559760569
31,203,0.8675213675213675,0.5721623605891073
31,204,0.8717948717948718,0.6145134684642647
31,205,0.8760683760683761,0.6113796094667143
31,206,0.8803418803418803,0.61780186519025
31,207,0.8846153846153846,0.6083447426784874
31,208,0.8888888888888888,0.6137717598314555
31,209,0.8931623931623932,0.6411010772874268
31,210,0.8974358974358975,0.619267454213582
31,211,0.9017094017094017,0.6364367221523408
31,212,0.905982905982906,0.613310585647033
31,213,0.9102564102564102,0.6133869814758955
31,214,0.9145299145299145,0.6291321021389235
31,215,0.9188034188034188,0.6595189593389736
31,216,0.9230769230769231,0.6687447734785686
31,217,0.9273504273504274,0.6904179656243766
31,218,0.9316239316239316,0.6767687234681843
31,219,0.9358974358974359,0.6866257930731824
31,220,0.9401709401709402,0.7078094882763155
31,221,0.9444444444444444,0.6885750893799635
31,222,0.9487179487179487,0.7068301529214432
31,223,0.9529914529914529,0.71351335754606
31,224,0.9572649572649573,0.7359834672992162
31,225,0.9615384615384616,0.750826460972995
31,226,0.9658119658119658,0.7871168696402157
31,227,0.9700854700854701,0.8089149281124536
31,228,0.9743589743589743,0.8408529346902738
31,229,0.9786324786324786,0.8350677958432574
31,230,0.9829059829059829,0.8359888643455614
31,231,0.9871794871794872,0.8254432030362097
31,232,0.9914529914529915,0.8305089714656491
31,233,0.9957264957264957,0.8504081823002974
31,234,1.0,0.8328414222914927
32,1,0.005235602094240838,0.3540208407641443
32,2,0.010471204188481676,0.3611841807937413
32,3,0.015706806282722512,0.3559447029509352
32,4,0.020942408376963352,0.32802555639607495
32,5,0.02617801047120419,0.32595919562945797
32,6,0.031413612565445025,0.3406979065497073
32,7,0.03664921465968586,0.3677384595454273
32,8,0.041884816753926704,0.36865484282155275
32,9,0.04712041884816754,0.37214156138402366
32,10,0.05235602094240838,0.3963012299963708
32,11,0.05759162303664921,0.3877634914989735
32,12,0.06282722513089005,0.3936939531184444
32,13,0.06806282722513089,0.38352849660151633
32,14,0.07329842931937172,0.40916877140025193
32,15,0.07853403141361257,0.39647943444313444
32,16,0.08376963350785341,0.42351245723810704
32,17,0.08900523560209424,0.4258328733101095
32,18,0.09424083769633508,0.43213201686964475
32,19,0.09947643979057591,0.4922321081659367
32,20,0.10471204188481675,0.5136217925816833
32,21,0.1099476439790576,0.49269930174864196
32,22,0.11518324607329843,0.4729970906918982
32,23,0.12041884816753927,0.4486998661106119
32,24,0.1256544502617801,0.45508995455526713
32,25,0.13089005235602094,0.457768618888111
32,26,0.13612565445026178,0.4482867279504777
32,27,0.14136125654450263,0.4501577206349647
32,28,0.14659685863874344,0.45381589694719765
32,29,0.1518324607329843,0.39249504388134243
32,30,0.15706806282722513,0.39052597108186554
32,31,0.16230366492146597,0.37742810004260013
32,32,0.16753926701570682,0.35711420155203755
32,33,0.17277486910994763,0.35540873528503303
32,34,0.17801047120418848,0.326127674309821
32,35,0.18324607329842932,0.3233073361011085
32,36,0.18848167539267016,0.3465687237893683
32,37,0.193717277486911,0.3840517966335909
32,38,0.19895287958115182,0.39811470135024096
32,39,0.20418848167539266,0.41546278140093756
32,40,0.2094240837696335,0.42720556539070637
32,41,0.21465968586387435,0.44367315327838214
32,42,0.2198952879581152,0.43347873285052607
32,43,0.225130890052356,0.4249565105490689
32,44,0.23036649214659685,0.4456019193569951
32,45,0.2356020942408377,0.47128057244447397
32,46,0.24083769633507854,0.4653542489765789
32,47,0.24607329842931938,0.48679916806604184
32,48,0.2513089005235602,0.49040153170562645
32,49,0.25654450261780104,0.46429229959601925
32,50,0.2617801047120419,0.45439811437060157
32,51,0.2670157068062827,0.44634851622862376
32,52,0.27225130890052357,0.39835635134492003
32,53,0.2774869109947644,0.42112046297577854
32,54,0.28272251308900526,0.412117785319764
32,55,0.2879581151832461,0.40599160009136026
32,56,0.2931937172774869,0.4107820190233224
32,57,0.29842931937172773,0.39977621430817145
32,58,0.3036649214659686,0.374586444641356
32,59,0.3089005235602094,0.39060781338130646
32,60,0.31413612565445026,0.3728526842643067
32,61,0.3193717277486911,0.376188180834419
32,62,0.32460732984293195,0.36794835830843386
32,63,0.3298429319371728,0.36134450513836497
32,64,0.33507853403141363,0.3934621735141094
32,65,0.3403141361256545,0.3917523768708817
32,66,0.34554973821989526,0.37911385123166663
32,67,0.3507853403141361,0.3727021993426803
32,68,0.35602094240837695,0.3649219423767256
32,69,0.3612565445026178,0.37539489176590574
32,70,0.36649214659685864,0.35886036924701353
32,71,0.3717277486910995,0.36863094685436604
32,72,0.3769633507853403,0.37512942133298516
32,73,0.38219895287958117,0.38435184813472967
32,74,0.387434554973822,0.39746602636751777
32,75,0.39267015706806285,0.3886392730815737
32,76,0.39790575916230364,0.38289285614682506
32,77,0.4031413612565445,0.3780220579943365
32,78,0.4083769633507853,0.3974138056116026
32,79,0.41361256544502617,0.37511981577669945
32,80,0.418848167539267,0.4040658590447932
32,81,0.42408376963350786,0.4082088977951224
32,82,0.4293193717277487,0.41774845955074785
32,83,0.43455497382198954,0.40861515960138134
32,84,0.4397905759162304,0.4165031290045077
32,85,0.44502617801047123,0.4072250989295756
32,86,0.450261780104712,0.4101477114076929
32,87,0.45549738219895286,0.42217782223456457
32,88,0.4607329842931937,0.43250686488563705
32,89,0.46596858638743455,0.40362870410740775
32,90,0.4712041884816754,0.3976904030445729
32,91,0.47643979057591623,0.39685438876149715
32,92,0.4816753926701571,0.4027748736538101
32,93,0.4869109947643979,0.3879565754034623
32,94,0.49214659685863876,0.40823691954722197
32,95,0.4973821989528796,0.3713033479621552
32,96,0.5026178010471204,0.3889585952030199
32,97,0.5078534031413613,0.4086603744147391
32,98,0.5130890052356021,0.41653670742470256
32,99,0.518324607329843,0.41428462127839155
32,100,0.5235602094240838,0.44740257558371094
32,101,0.5287958115183246,0.4103241477176898
32,102,0.5340314136125655,0.39922328378890143
32,103,0.5392670157068062,0.4191206838540198
32,104,0.5445026178010471,0.43638615533244157
32,105,0.5497382198952879,0.4684795944717379
32,106,0.5549738219895288,0.47987324248651947
32,107,0.5602094240837696,0.4689940662327952
32,108,0.5654450261780105,0.47363271370615234
32,109,0.5706806282722513,0.4541864579605229
32,110,0.5759162303664922,0.4706549268521858
32,111,0.581151832460733,0.4371884444740789
32,112,0.5863874345549738,0.4317895371969298
32,113,0.5916230366492147,0.4404032331050823
32,114,0.5968586387434555,0.4601323483489043
32,115,0.6020942408376964,0.45206362267931266
32,116,0.6073298429319371,0.49216223275244253
32,117,0.612565445026178,0.4895542887808869
32,118,0.6178010471204188,0.507544311216953
32,119,0.6230366492146597,0.5096881772576699
32,120,0.6282722513089005,0.5133592918793541
32,121,0.6335078534031413,0.5431818061361694
32,122,0.6387434554973822,0.5591176680139432
32,123,0.643979057591623,0.5545009425897085
32,124,0.6492146596858639,0.5713072128389021
32,125,0.6544502617801047,0.5646648659952265
32,126,0.6596858638743456,0.5892008865535731
32,127,0.6649214659685864,0.58234253884874
32,128,0.6701570680628273,0.5572925178143636
32,129,0.675392670157068,0.5589140485026906
32,130,0.680628272251309,0.5619831306459304
32,131,0.6858638743455497,0.587318041790099
32,132,0.6910994764397905,0.6066746548312292
32,133,0.6963350785340314,0.5948829715467573
32,134,0.7015706806282722,0.5799566094074856
32,135,0.7068062827225131,0.5883417020020776
32,136,0.7120418848167539,0.5482707696447465
32,137,0.7172774869109948,0.5600086032740088
32,138,0.7225130890052356,0.5906608392390199
32,139,0.7277486910994765,0.5594372760384677
32,140,0.7329842931937173,0.5602643587965913
32,141,0.7382198952879581,0.5707724428032196
32,142,0.743455497382199,0.6002458712429302
32,143,0.7486910994764397,0.6052236584478923
32,144,0.7539267015706806,0.5861415928008792
32,145,0.7591623036649214,0.5865112453409054
32,146,0.7643979057591623,0.5791338653618997
32,147,0.7696335078534031,0.5824961944221386
32,148,0.774869109947644,0.5831299681742111
32,149,0.7801047120418848,0.6164156154426857
32,150,0.7853403141361257,0.5913844783536156
32,151,0.7905759162303665,0.6469154618029852
32,152,0.7958115183246073,0.6714677899575967
32,153,0.8010471204188482,0.6642435094426257
32,154,0.806282722513089,0.6748691915960267
32,155,0.8115183246073299,0.681918016546575
32,156,0.8167539267015707,0.6926110882106756
32,157,0.8219895287958116,0.6644104079359233
32,158,0.8272251308900523,0.6951552595958105
32,159,0.8324607329842932,0.7045705072004421
32,160,0.837696335078534,0.713677119062915
32,161,0.8429319371727748,0.6897550374154863
32,162,0.8481675392670157,0.6967587019622756
32,163,0.8534031413612565,0.677968359362329
32,164,0.8586387434554974,0.6603926986671791
32,165,0.8638743455497382,0.689977814345182
32,166,0.8691099476439791,0.6643338782209754
32,167,0.8743455497382199,0.6373165551210459
32,168,0.8795811518324608,0.620571231195218
32,169,0.8848167539267016,0.6421732856007861
32,170,0.8900523560209425,0.6656034601167002
32,171,0.8952879581151832,0.6741587409778574
32,172,0.900523560209424,0.7011181821839109
32,173,0.9057591623036649,0.7107276843298376
32,174,0.9109947643979057,0.7344083095539837
32,175,0.9162303664921466,0.7371793229117305
32,176,0.9214659685863874,0.7414379453762022
32,177,0.9267015706806283,0.6919567813268813
32,178,0.9319371727748691,0.7259871098135925
32,179,0.93717277486911,0.7544461956974692
32,180,0.9424083769633508,0.7437938476175427
32,181,0.9476439790575916,0.7573879102691945
32,182,0.9528795811518325,0.7705412198465309
32,183,0.9581151832460733,0.8073547993922708
32,184,0.9633507853403142,0.8223917707658668
32,185,0.9685863874345549,0.8164997664201068
32,186,0.9738219895287958,0.8114852912022014
32,187,0.9790575916230366,0.8084286109642818
32,188,0.9842931937172775,0.8030757606093475
32,189,0.9895287958115183,0.7678687749127259
32,190,0.9947643979057592,0.7559859843185348
32,191,1.0,0.7818834219019666
34,1,0.005128205128205128,0.4038108144314378
34,2,0.010256410256410256,0.3609685949007501
34,3,0.015384615384615385,0.36417127589360454
34,4,0.020512820512820513,0.3827514459578852
34,5,0.02564102564102564,0.34329288397379654
34,6,0.03076923076923077,0.374963153910721
34,7,0.035897435897435895,0.3909719270238383
34,8,0.041025641025641026,0.4228823774569133
34,9,0.046153846153846156,0.39505862971001743
34,10,0.05128205128205128,0.34756793719647333
34,11,0.05641025641025641,0.38376626405960124
34,12,0.06153846153846154,0.3663092468543575
34,13,0.06666666666666667,0.3653048263119288
34,14,0.07179487179487179,0.37518823442710325
34,15,0.07692307692307693,0.40499435468004935
34,16,0.08205128205128205,0.39782057689595685
34,17,0.08717948717948718,0.4002790188365339
34,18,0.09230769230769231,0.43825824943429803
34,19,0.09743589743589744,0.43063008682553255
34,20,0.10256410256410256,0.45062214975042747
34,21,0.1076923076923077,0.42415893018535006
34,22,0.11282051282051282,0.4005997292123188
34,23,0.11794871794871795,0.3939309871908636
34,24,0.12307692307692308,0.3930158553477892
34,25,0.1282051282051282,0.4142237583559091
34,26,0.13333333333333333,0.39695103661917713
34,27,0.13846153846153847,0.4153758903528701
34,28,0.14358974358974358,0.4043786467209811
34,29,0.14871794871794872,0.34771150453262334
34,30,0.15384615384615385,0.329463513437666
34,31,0.15897435897435896,0.3532991963282476
34,32,0.1641025641025641,0.3638420810094419
34,33,0.16923076923076924,0.3199805340289168
34,34,0.17435897435897435,0.3130239209275156
34,35,0.1794871794871795,0.33585138679393295
34,36,0.18461538461538463,0.3471438038280814
34,37,0.18974358974358974,0.32502684446922975
34,38,0.19487179487179487,0.278345159945824
34,39,0.2,0.2806336433262419
34,40,0.20512820512820512,0.28148156498359694
34,41,0.21025641025641026,0.2554667638698175
34,42,0.2153846153846154,0.2584743690370057
34,43,0.2205128205128205,0.24379446682029823
34,44,0.22564102564102564,0.2605007192706566
34,45,0.23076923076923078,0.2503752451581345
34,46,0.2358974358974359,0.2591259319572462
34,47,0.24102564102564103,0.30836259445464825
34,48,0.24615384615384617,0.32891450113349907
34,49,0.2512820512820513,0.3349081791233346
34,50,0.2564102564102564,0.3253712763662069
34,51,0.26153846153846155,0.3190910230819153
34,52,0.26666666666666666,0.3426969791877682
34,53,0.2717948717948718,0.35342525028465344
34,54,0.27692307692307694,0.38765123175395977
34,55,0.28205128205128205,0.39431181412321165
34,56,0.28717948717948716,0.3929100788332058
34,57,0.2923076923076923,0.3693807178199958
34,58,0.29743589743589743,0.3694245868393862
34,59,0.30256410256410254,0.3713893342361888
34,60,0.3076923076923077,0.39535564264793704
34,61,0.3128205128205128,0.39683674236130506
34,62,0.31794871794871793,0.3667785789906553
34,63,0.3230769230769231,0.38855112455302676
34,64,0.3282051282051282,0.3683333522079141
34,65,0.3333333333333333,0.3763012100463145
34,66,0.3384615384615385,0.3925016830830865
34,67,0.3435897435897436,0.4062642512332129
34,68,0.3487179487179487,0.43893284579453284
34,69,0.35384615384615387,0.4094018589383126
34,70,0.358974358974359,0.42502154668456826
34,71,0.3641025641025641,0.4389169212375064
34,72,0.36923076923076925,0.4734307188261941
34,73,0.37435897435897436,0.4882460323903899
34,74,0.37948717948717947,0.483710913891107
34,75,0.38461538461538464,0.4839246617510917
34,76,0.38974358974358975,0.49471269896445885
34,77,0.39487179487179486,0.4728953388744805
34,78,0.4,0.42892947336101356
34,79,0.40512820512820513,0.44105360409155686
34,80,0.41025641025641024,0.43179559399257583
34,81,0.4153846153846154,0.402416500333119
34,82,0.4205128205128205,0.3868352322180352
34,83,0.4256410256410256,0.3458640515334519
34,84,0.4307692307692308,0.33480622722635983
34,85,0.4358974358974359,0.3188289243989416
34,86,0.441025641025641,0.3453341036143016
34,87,0.4461538461538462,0.33174677203995656
34,88,0.4512820512820513,0.32614313848234583
34,89,0.4564102564102564,0.36113709099278973
34,90,0.46153846153846156,0.3558874016533877
34,91,0.4666666666666667,0.37251355547697296
34,92,0.4717948717948718,0.3746803712261467
34,93,0.47692307692307695,0.37387261621966017
34,94,0.48205128205128206,0.3813025405147267
34,95,0.48717948717948717,0.3599967090838353
34,96,0.49230769230769234,0.35863401560389585
34,97,0.49743589743589745,0.36322859147528885
34,98,0.5025641025641026,0.3903454598018962
34,99,0.5076923076923077,0.4117265193636878
34,100,0.5128205128205128,0.42224069262732766
34,101,0.517948717948718,0.4078997698423918
34,102,0.5230769230769231,0.4131437361473137
34,103,0.5282051282051282,0.42595068329578106
34,104,0.5333333333333333,0.4152686460241146
34,105,0.5384615384615384,0.40816066711186494
34,106,0.5435897435897435,0.37680911098628067
34,107,0.5487179487179488,0.40081781733778105
34,108,0.5538461538461539,0.42352445144183865
34,109,0.558974358974359,0.4237855767484423
34,110,0.5641025641025641,0.44475171841084415
34,111,0.5692307692307692,0.4553096449895706
34,112,0.5743589743589743,0.4720774718169712
34,113,0.5794871794871795,0.4728028408210119
34,114,0.5846153846153846,0.47486212570587016
34,115,0.5897435897435898,0.4425755110320783
34,116,0.5948717948717949,0.46265618516744367
34,117,0.6,0.46987157931095697
34,118,0.6051282051282051,0.4579622835750893
34,119,0.6102564102564103,0.4698640462691111
34,120,0.6153846153846154,0.47649072525727815
34,121,0.6205128205128205,0.4897984242690017
34,122,0.6256410256410256,0.47233399072457766
34,123,0.6307692307692307,0.4431235773765643
34,124,0.6358974358974359,0.4663922962050844
34,125,0.6410256410256411,0.49335234982417175
34,126,0.6461538461538462,0.50932314937422
34,127,0.6512820512820513,0.5033865206096662
34,128,0.6564102564102564,0.49031936521056996
34,129,0.6615384615384615,0.5147277796921144
34,130,0.6666666666666666,0.5547495464354242
34,131,0.6717948717948717,0.5232773402571549
34,132,0.676923076923077,0.5193619697910742
34,133,0.6820512820512821,0.4945169097881789
34,134,0.6871794871794872,0.46805373590732274
34,135,0.6923076923076923,0.4506474011093808
34,136,0.6974358974358974,0.4509171836032514
34,137,0.7025641025641025,0.4703891977974963
34,138,0.7076923076923077,0.4737533928704991
34,139,0.7128205128205128,0.4522150239696102
34,140,0.717948717948718,0.4481041248288939
34,141,0.7230769230769231,0.46815589176451766
34,142,0.7282051282051282,0.46538661801684783
34,143,0.7333333333333333,0.47115611935044877
34,144,0.7384615384615385,0.44639993070606293
34,145,0.7435897435897436,0.4335335485137775
34,146,0.7487179487179487,0.46124553323597867
34,147,0.7538461538461538,0.46552100708243904
34,148,0.7589743589743589,0.5195936683734627
34,149,0.764102564102564,0.5283770179925975
34,150,0.7692307692307693,0.5356346146874886
34,151,0.7743589743589744,0.52431870474439
34,152,0.7794871794871795,0.5084241599908049
34,153,0.7846153846153846,0.5393686381961174
34,154,0.7897435897435897,0.5473870440702265
34,155,0.7948717948717948,0.5189966173646263
34,156,0.8,0.476090850012668
34,157,0.8051282051282052,0.5154986981078425
34,158,0.8102564102564103,0.4971168155067977
34,159,0.8153846153846154,0.5140526509467067
34,160,0.8205128205128205,0.5379507923897396
34,161,0.8256410256410256,0.5299923236199375
34,162,0.8307692307692308,0.5217097218236757
34,163,0.8358974358974359,0.5092754741668852
34,164,0.841025641025641,0.512959000941083
34,165,0.8461538461538461,0.540363590521045
34,166,0.8512820512820513,0.5785251394457597
34,167,0.8564102564102564,0.6070082925424528
34,168,0.8615384615384616,0.6316206222987237
34,169,0.8666666666666667,0.6309477599671205
34,170,0.8717948717948718,0.6424210422121908
34,171,0.8769230769230769,0.6862794483960359
34,172,0.882051282051282,0.6549799437956472
34,173,0.8871794871794871,0.7081782830369318
34,174,0.8923076923076924,0.7260192883137416
34,175,0.8974358974358975,0.7199780677093299
34,176,0.9025641025641026,0.7386639824093398
34,177,0.9076923076923077,0.7421266622611303
34,178,0.9128205128205128,0.7741241532601124
34,179,0.9179487179487179,0.7786926666120739
34,180,0.9230769230769231,0.775183058762684
34,181,0.9282051282051282,0.7657889256506821
34,182,0.9333333333333333,0.7568072697427921
34,183,0.9384615384615385,0.7575147752817639
34,184,0.9435897435897436,0.7830456117485877
34,185,0.9487179487179487,0.8243862161715039
34,186,0.9538461538461539,0.817217535876292
34,187,0.958974358974359,0.8396430054309417
34,188,0.9641025641025641,0.822918448480498
34,189,0.9692307692307692,0.8163813715846159
34,190,0.9743589743589743,0.818594541968189
34,191,0.9794871794871794,0.8072053459842009
34,192,0.9846153846153847,0.8375682264939457
34,193,0.9897435897435898,0.8165823268445557
34,194,0.9948717948717949,0.8508737346627723
34,195,1.0,0.8650147962088558
40,1,0.005319148936170213,0.47451230628468183
40,2,0.010638297872340425,0.5049805314573059
40,3,0.015957446808510637,0.4996281645619755
40,4,0.02127659574468085,0.5058919561638051
40,5,0.026595744680851064,0.4841877515987667
40,6,0.031914893617021274,0.4831913035697143
40,7,0.03723404255319149,0.49462653176525156
40,8,0.0425531914893617,0.4819537003339689
40,9,0.047872340425531915,0.4615105500742242
40,10,0.05319148936170213,0.47897151181476594
40,11,0.05851063829787234,0.4801921022226118
40,12,0.06382978723404255,0.4682857701010995
40,13,0.06914893617021277,0.47242414239354197
40,14,0.07446808510638298,0.4777245778487262
40,15,0.0797872340425532,0.44312451176450013
40,16,0.0851063829787234,0.4625433830362742
40,17,0.09042553191489362,0.43516374361746535
40,18,0.09574468085106383,0.4174838606167856
40,19,0.10106382978723404,0.43982960082414374
40,20,0.10638297872340426,0.41205310571005777
40,21,0.11170212765957446,0.3909011279048772
40,22,0.11702127659574468,0.39211894166910327
40,23,0.12234042553191489,0.3892021073407667
40,24,0.1276595744680851,0.3897116776383521
40,25,0.13297872340425532,0.3714042635714766
40,26,0.13829787234042554,0.3768511603776255
40,27,0.14361702127659576,0.3984012424060285
40,28,0.14893617021276595,0.38455334652186524
40,29,0.15425531914893617,0.369000203897678
40,30,0.1595744680851064,0.38792045188567176
40,31,0.16489361702127658,0.34396422018568124
40,32,0.1702127659574468,0.3541150515023112
40,33,0.17553191489361702,0.36188218832225977
40,34,0.18085106382978725,0.34163321321612633
40,35,0.18617021276595744,0.36477529142389187
40,36,0.19148936170212766,0.3740559724545086
40,37,0.19680851063829788,0.37079873550070047
40,38,0.20212765957446807,0.3581623084347488
40,39,0.2074468085106383,0.3637391888608314
40,40,0.2127659574468085,0.39451645436221555
40,41,0.21808510638297873,0.3992212136245488
40,42,0.22340425531914893,0.39692329804016746
40,43,0.22872340425531915,0.4021922543297047
40,44,0.23404255319148937,0.39581722370226147
40,45,0.2393617021276596,0.41562005300308313
40,46,0.24468085106382978,0.4709094892774371
40,47,0.25,0.48442643024876536
40,48,0.2553191489361702,0.4588994453863874
40,49,0.26063829787234044,0.44340621015118087
40,50,0.26595744680851063,0.4546380804421698
40,51,0.2712765957446808,0.4497526272638977
40,52,0.2765957446808511,0.43875110153743807
40,53,0.28191489361702127,0.46655017323340064
40,54,0.2872340425531915,0.4574653861100318
40,55,0.2925531914893617,0.4507443571348848
40,56,0.2978723404255319,0.4464265413025816
40,57,0.30319148936170215,0.44316586840832334
40,58,0.30851063829787234,0.46304392347187673
40,59,0.31382978723404253,0.46145232991593166
40,60,0.3191489361702128,0.4499771317380845
40,61,0.324468085106383,0.38859701512091654
40,62,0.32978723404255317,0.3498995863160931
40,63,0.3351063829787234,0.380847165298715
40,64,0.3404255319148936,0.38645564808767496
40,65,0.34574468085106386,0.3897842434663861
40,66,0.35106382978723405,0.3893127897585998
40,67,0.35638297872340424,0.40837038316560764
40,68,0.3617021276595745,0.4014457172440885
40,69,0.3670212765957447,0.42493360820552556
40,70,0.3723404255319149,0.44007204718760257
40,71,0.3776595744680851,0.4204825367063453
40,72,0.3829787234042553,0.45329566289712003
40,73,0.3882978723404255,0.4429906105854586
40,74,0.39361702127659576,0.45522839963758566
40,75,0.39893617021276595,0.47076250148441706
40,76,0.40425531914893614,0.5025527710203092
40,77,0.4095744680851064,0.509243934718434
40,78,0.4148936170212766,0.5131419351481576
40,79,0.42021276595744683,0.5224534427514319
40,80,0.425531914893617,0.5145636562705942
40,81,0.4308510638297872,0.5292500088073762
40,82,0.43617021276595747,0.523476226762391
40,83,0.44148936170212766,0.5399021421238189
40,84,0.44680851063829785,0.513089084844796
40,85,0.4521276595744681,0.4990024791445983
40,86,0.4574468085106383,0.5163801089710641
40,87,0.4627659574468085,0.4908777567178221
40,88,0.46808510638297873,0.5082116996660603
40,89,0.4734042553191489,0.5222059817670821
40,90,0.4787234042553192,0.4959003604635152
40,91,0.48404255319148937,0.5247610076763971
40,92,0.48936170212765956,0.5420516357459542
40,93,0.4946808510638298,0.5433350639472077
40,94,0.5,0.5374261900173342
40,95,0.5053191489361702,0.5551580587895285
40,96,0.5106382978723404,0.5646129535944706
40,97,0.5159574468085106,0.5240651530274524
40,98,0.5212765957446809,0.5071449345467115
40,99,0.526595744680851,0.5073832498134309
40,100,0.5319148936170213,0.487134510049365
40,101,0.5372340425531915,0.47222241659708414
40,102,0.5425531914893617,0.49054910971733945
40,103,0.5478723404255319,0.4897858198306832
40,104,0.5531914893617021,0.46249657594496757
40,105,0.5585106382978723,0.4765260571125797
40,106,0.5638297872340425,0.43684806522144404
40,107,0.5691489361702128,0.4510651529001563
40,108,0.574468085106383,0.46341494407419087
40,109,0.5797872340425532,0.4583536773615983
40,110,0.5851063829787234,0.4385713736939729
40,111,0.5904255319148937,0.45081103323921196
40,112,0.5957446808510638,0.48109501323235243
40,113,0.601063829787234,0.47836470686091453
40,114,0.6063829787234043,0.4939174193144695
40,115,0.6117021276595744,0.48937746480146477
40,116,0.6170212765957447,0.5169020034513999
40,117,0.6223404255319149,0.509992363207928
40,118,0.6276595744680851,0.4883948517896923
40,119,0.6329787234042553,0.5334954988366498
40,120,0.6382978723404256,0.5403967216546156
40,121,0.6436170212765957,0.5488857721767771
40,122,0.648936170212766,0.5364941832392879
40,123,0.6542553191489362,0.5461862948091314
40,124,0.6595744680851063,0.5841315996302412
40,125,0.6648936170212766,0.6230846068005949
40,126,0.6702127659574468,0.6380958921137144
40,127,0.675531914893617,0.6422120047411253
40,128,0.6808510638297872,0.6404496927282632
40,129,0.6861702127659575,0.6318694123257127
40,130,0.6914893617021277,0.6298994973774299
40,131,0.6968085106382979,0.6378055213352151
40,132,0.7021276595744681,0.6340951732299458
40,133,0.7074468085106383,0.6716945889617588
40,134,0.7127659574468085,0.6695310622283843
40,135,0.7180851063829787,0.668124345959077
40,136,0.723404255319149,0.6839957072121635
40,137,0.7287234042553191,0.6876440794375706
40,138,0.7340425531914894,0.6795296694950579
40,139,0.7393617021276596,0.6615811756355753
40,140,0.7446808510638298,0.6389728600306173
40,141,0.75,0.6212110888067559
40,142,0.7553191489361702,0.6497787627720808
40,143,0.7606382978723404,0.6621374195351512
40,144,0.7659574468085106,0.6790349608748325
40,145,0.7712765957446809,0.6874692279095926
40,146,0.776595744680851,0.6815209794241883
40,147,0.7819148936170213,0.701378773721928
40,148,0.7872340425531915,0.6944555703470193
40,149,0.7925531914893617,0.6729985506470759
40,150,0.7978723404255319,0.6747067444810265
40,151,0.8031914893617021,0.6657501749191642
40,152,0.8085106382978723,0.6717789536202327
40,153,0.8138297872340425,0.6765282801360795
40,154,0.8191489361702128,0.6494519186897117
40,155,0.824468085106383,0.6880697692744321
40,156,0.8297872340425532,0.6663129308800881
40,157,0.8351063829787234,0.6516970076444581
40,158,0.8404255319148937,0.6694468074093011
40,159,0.8457446808510638,0.6667062901319434
40,160,0.851063829787234,0.6834681928214716
40,161,0.8563829787234043,0.6978625723754177
40,162,0.8617021276595744,0.6963795878760851
40,163,0.8670212765957447,0.6886118669176058
40,164,0.8723404255319149,0.7237061655188843
40,165,0.8776595744680851,0.7195772963039098
40,166,0.8829787234042553,0.7226273360804699
40,167,0.8882978723404256,0.7488587195846305
40,168,0.8936170212765957,0.7410798120509383
40,169,0.898936170212766,0.7527306162493386
40,170,0.9042553191489362,0.7126888546351422
40,171,0.9095744680851063,0.7405470589090707
40,172,0.9148936170212766,0.7318325775669451
40,173,0.9202127659574468,0.7664173984975504
40,174,0.925531914893617,0.7783365089757373
40,175,0.9308510638297872,0.8201523552254448
40,176,0.9361702127659575,0.8091118671746103
40,177,0.9414893617021277,0.8191666187523902
40,178,0.9468085106382979,0.8479036823199493
40,179,0.9521276595744681,0.8568537558348138
40,180,0.9574468085106383,0.8684207834266324
40,181,0.9627659574468085,0.9068209235652441
40,182,0.9680851063829787,0.8974278275415973
40,183,0.973404255319149,0.9183634536744777
40,184,0.9787234042553191,0.9536104604703679
40,185,0.9840425531914894,0.9976622641286926
40,186,0.9893617021276596,1.0165497230266773
40,187,0.9946808510638298,1.059136263739254
40,188,1.0,1.0315349760414207
45,1,0.006329113924050633,0.10541599099858319
45,2,0.012658227848101266,0.08411329718869898
45,3,0.0189873417721519,0.09266600485647697
45,4,0.02531645569620253,0.09692267269530595
45,5,0.03164556962025317,0.11887630501177439
45,6,0.0379746835443038,0.11498308800407182
45,7,0.04430379746835443,0.11425873322889028
45,8,0.05063291139240506,0.12041941212919627
45,9,0.056962025316455694,0.12352150358765258
45,10,0.06329113924050633,0.16114713670019465
45,11,0.06962025316455696,0.1650786844444943
45,12,0.0759493670886076,0.16307782572495474
45,13,0.08227848101265822,0.18330987758151693
45,14,0.08860759493670886,0.17067620587581095
45,15,0.0949367088607595,0.15154960363599604
45,16,0.10126582278481013,0.16652241774428553
45,17,0.10759493670886076,0.19400272795767315
45,18,0.11392405063291139,0.17404438012883452
45,19,0.12025316455696203,0.1838891375885271
45,20,0.12658227848101267,0.17367960731069085
45,21,0.13291139240506328,0.19851772541836846
45,22,0.13924050632911392,0.2164411805359721
45,23,0.14556962025316456,0.2148847472448334
45,24,0.1518987341772152,0.2496866939290101
45,25,0.15822784810126583,0.23306179727621812
45,26,0.16455696202531644,0.22262456736602274
45,27,0.17088607594936708,0.23263796738609555
45,28,0.17721518987341772,0.2231620654668329
45,29,0.18354430379746836,0.22364677254002993
45,30,0.189873417721519,0.2644154830671404
45,31,0.1962025316455696,0.2451042316039122
45,32,0.20253164556962025,0.2396513909295499
45,33,0.2088607594936709,0.25766570670760813
45,34,0.21518987341772153,0.2491418408443394
45,35,0.22151898734177214,0.251294673650274
45,36,0.22784810126582278,0.2368721387206392
45,37,0.23417721518987342,0.24927508766681605
45,38,0.24050632911392406,0.27902747817654594
45,39,0.2468354430379747,0.24710802162407683
45,40,0.25316455696202533,0.252548515758525
45,41,0.25949367088607594,0.24339143573760194
45,42,0.26582278481012656,0.2220642119075637
45,43,0.2721518987341772,0.24094847208476555
45,44,0.27848101265822783,0.25759039107619336
45,45,0.2848101265822785,0.20828280554611642
45,46,0.2911392405063291,0.21622268080113888
45,47,0.2974683544303797,0.2028800089891226
45,48,0.3037974683544304,0.22588066790872474
45,49,0.310126582278481,0.23748592541772984
45,50,0.31645569620253167,0.24492460132325544
45,51,0.3227848101265823,0.2132230798584944
45,52,0.3291139240506329,0.17860020176903296
45,53,0.33544303797468356,0.14286063762231063
45,54,0.34177215189873417,0.12109545721150121
45,55,0.34810126582278483,0.13316176465078547
45,56,0.35443037974683544,0.11186753457630297
45,57,0.36075949367088606,0.130780847850725
45,58,0.3670886075949367,0.14842410061912795
45,59,0.37341772151898733,0.14158516331017698
45,60,0.379746835443038,0.18090953949877603
45,61,0.3860759493670886,0.18002546408284992
45,62,0.3924050632911392,0.18206536111915403
45,63,0.3987341772151899,0.1513758456541321
45,64,0.4050632911392405,0.13217742606580687
45,65,0.41139240506329117,0.1330063530638438
45,66,0.4177215189873418,0.16698636946511725
45,67,0.4240506329113924,0.17323755136501834
45,68,0.43037974683544306,0.17746011064871867
45,69,0.43670886075949367,0.18315688387297765
45,70,0.4430379746835443,0.17465029065575358
45,71,0.44936708860759494,0.172134788590382
45,72,0.45569620253164556,0.15452117212762467
45,73,0.4620253164556962,0.1466347281274789
45,74,0.46835443037974683,0.14075176635121794
45,75,0.47468354430379744,0.1430478860752384
45,76,0.4810126582278481,0.1362263410031853
45,77,0.4873417721518987,0.13906968498547623
45,78,0.4936708860759494,0.1534898624086396
45,79,0.5,0.17269458830604467
45,80,0.5063291139240507,0.17341405802484663
45,81,0.5126582278481012,0.17683829281610736
45,82,0.5189873417721519,0.15897644754923476
45,83,0.5253164556962026,0.16483868043289618
45,84,0.5316455696202531,0.19340724546351332
45,85,0.5379746835443038,0.162451581440982
45,86,0.5443037974683544,0.20715923312850168
45,87,0.5506329113924051,0.21636052872215583
45,88,0.5569620253164557,0.21956122222206753
45,89,0.5632911392405063,0.24120278653745264
45,90,0.569620253164557,0.2271039106449843
45,91,0.5759493670886076,0.2531791840212563
45,92,0.5822784810126582,0.2837618086184944
45,93,0.5886075949367089,0.30647075066361584
45,94,0.5949367088607594,0.32081888406835235
45,95,0.6012658227848101,0.312308638095235
45,96,0.6075949367088608,0.3306798185071139
45,97,0.6139240506329114,0.36619524307270107
45,98,0.620253164556962,0.3733806754688379
45,99,0.6265822784810127,0.37620683889652107
45,100,0.6329113924050633,0.4102802682986384
45,101,0.6392405063291139,0.41899468207221574
45,102,0.6455696202531646,0.43792466249508555
45,103,0.6518987341772152,0.437318861516978
45,104,0.6582278481012658,0.443046402694147
45,105,0.6645569620253164,0.4655507450797471
45,106,0.6708860759493671,0.4853777461166766
45,107,0.6772151898734177,0.48510910191335765
45,108,0.6835443037974683,0.4825554360288838
45,109,0.689873417721519,0.45086998835380715
45,110,0.6962025316455697,0.4702076827381458
45,111,0.7025316455696202,0.48006520946323883
45,112,0.7088607594936709,0.4843253744837236
45,113,0.7151898734177216,0.49206142751808124
45,114,0.7215189873417721,0.4729968014276206
45,115,0.7278481012658228,0.4768042065134532
45,116,0.7341772151898734,0.4768662770573867
45,117,0.740506329113924,0.4797338224291836
45,118,0.7468354430379747,0.4941115265364145
45,119,0.7531645569620253,0.49777113026891373
45,120,0.759493670886076,0.4814646106316698
45,121,0.7658227848101266,0.4820657278558294
45,122,0.7721518987341772,0.4875093942559391
45,123,0.7784810126582279,0.48848151187464384
45,124,0.7848101265822784,0.5082847875497369
45,125,0.7911392405063291,0.5137508781761907
45,126,0.7974683544303798,0.49607062459629936
45,127,0.8037974683544303,0.5031589479006102
45,128,0.810126582278481,0.5031316134144218
45,129,0.8164556962025317,0.5292564416717817
45,130,0.8227848101265823,0.5566378632715712
45,131,0.8291139240506329,0.5568782817381303
45,132,0.8354430379746836,0.5621406507478025
45,133,0.8417721518987342,0.5644019313023576
45,134,0.8481012658227848,0.553703180649408
45,135,0.8544303797468354,0.5987601222835233
45,136,0.8607594936708861,0.5872460542082159
45,137,0.8670886075949367,0.5807212971143613
45,138,0.8734177215189873,0.6025926924070778
45,139,0.879746835443038,0.6226241102696566
45,140,0.8860759493670886,0.6265935184248769
45,141,0.8924050632911392,0.6516547858741322
45,142,0.8987341772151899,0.6534556155123957
45,143,0.9050632911392406,0.6963111643728627
45,144,0.9113924050632911,0.7251565721218484
45,145,0.9177215189873418,0.7193361482290788
45,146,0.9240506329113924,0.7204607327230833
45,147,0.930379746835443,0.7274480453462131
45,148,0.9367088607594937,0.7667306130232192
45,149,0.9430379746835443,0.7831227089106672
45,150,0.9493670886075949,0.7577486404466445
45,151,0.9556962025316456,0.7762002899514578
45,152,0.9620253164556962,0.7919499054196834
45,153,0.9683544303797469,0.7846820871941239
45,154,0.9746835443037974,0.7941608551843671
45,155,0.9810126582278481,0.8046967424153729
45,156,0.9873417721518988,0.8007479173975187
45,157,0.9936708860759493,0.8234747750870831
45,158,1.0,0.7875300979237767
46,1,0.00390625,0.1951820304960566
46,2,0.0078125,0.1754682019680661
46,3,0.01171875,0.18842656891894105
46,4,0.015625,0.1705443059101263
46,5,0.01953125,0.15765393367775865
46,6,0.0234375,0.1369156395310785
46,7,0.02734375,0.1336338864143626
46,8,0.03125,0.13595862244383608
46,9,0.03515625,0.10411484903096407
46,10,0.0390625,0.1046483301778376
46,11,0.04296875,0.135536043487001
46,12,0.046875,0.13845241958122048
46,13,0.05078125,0.1177120336995009
46,14,0.0546875,0.1439397772044614
46,15,0.05859375,0.17320976874528327
46,16,0.0625,0.14229899780314673
46,17,0.06640625,0.17461657296386543
46,18,0.0703125,0.14742147178827628
46,19,0.07421875,0.15280594221212213
46,20,0.078125,0.14944498589546737
46,21,0.08203125,0.18498882592946161
46,22,0.0859375,0.16763505983379862
46,23,0.08984375,0.14895256360877374
46,24,0.09375,0.1810652311986915
46,25,0.09765625,0.19724957366467172
46,26,0.1015625,0.19687513473163434
46,27,0.10546875,0.19843856718954436
46,28,0.109375,0.20898294314437782
46,29,0.11328125,0.15191652277023085
46,30,0.1171875,0.12722482941214908
46,31,0.12109375,0.16440116421864423
46,32,0.125,0.14830447873967983
46,33,0.12890625,0.17260189939948353
46,34,0.1328125,0.18120739685704332
46,35,0.13671875,0.19714780395600917
46,36,0.140625,0.1680457652500787
46,37,0.14453125,0.1872120014807644
46,38,0.1484375,0.20716078311408131
46,39,0.15234375,0.18074735196503888
46,40,0.15625,0.173065168650587
46,41,0.16015625,0.16324523402957417
46,42,0.1640625,0.17839116262687327
46,43,0.16796875,0.17801252689557612
46,44,0.171875,0.18827463324744217
46,45,0.17578125,0.19287650059749994
46,46,0.1796875,0.16200765813016785
46,47,0.18359375,0.1733148971031643
46,48,0.1875,0.1784262275891001
46,49,0.19140625,0.1660385331584534
46,50,0.1953125,0.1681603695847152
46,51,0.19921875,0.2017407673261695
46,52,0.203125,0.22932802245370304
46,53,0.20703125,0.22644119216963857
46,54,0.2109375,0.21227677837275283
46,55,0.21484375,0.1852490215958002
46,56,0.21875,0.21053461013904187
46,57,0.22265625,0.1685267370504666
46,58,0.2265625,0.17210995553591796
46,59,0.23046875,0.16692888990503635
46,60,0.234375,0.16773539735126813
46,61,0.23828125,0.1539604665684323
46,62,0.2421875,0.12759274427977904
46,63,0.24609375,0.1626244984719844
46,64,0.25,0.1694650330303517
46,65,0.25390625,0.18020025034646928
46,66,0.2578125,0.16894382200704738
46,67,0.26171875,0.19068354689909678
46,68,0.265625,0.20129970566861385
46,69,0.26953125,0.2411259523304632
46,70,0.2734375,0.25163092380138646
46,71,0.27734375,0.2202027585181036
46,72,0.28125,0.2550425065159534
46,73,0.28515625,0.2474008203952826
46,74,0.2890625,0.2690938873755653
46,75,0.29296875,0.26413519466178537
46,76,0.296875,0.2769450722996214
46,77,0.30078125,0.27077086542008666
46,78,0.3046875,0.22821482580855776
46,79,0.30859375,0.25662782372371584
46,80,0.3125,0.23390090753506512
46,81,0.31640625,0.2320599326258304
46,82,0.3203125,0.19042247971747456
46,83,0.32421875,0.17460357494070874
46,84,0.328125,0.15795837636232363
46,85,0.33203125,0.16057496813730926
46,86,0.3359375,0.1868357315645037
46,87,0.33984375,0.17656903611191932
46,88,0.34375,0.1989736857970565
46,89,0.34765625,0.1668862187769354
46,90,0.3515625,0.20131631070034234
46,91,0.35546875,0.19073458686708425
46,92,0.359375,0.1919225139214633
46,93,0.36328125,0.18971061958843322
46,94,0.3671875,0.1611352419365552
46,95,0.37109375,0.1772234446270765
46,96,0.375,0.16711116004729862
46,97,0.37890625,0.16198969538303895
46,98,0.3828125,0.1672376698298662
46,99,0.38671875,0.16752046864641548
46,100,0.390625,0.1946237377349699
46,101,0.39453125,0.16669807069662065
46,102,0.3984375,0.15729090630366904
46,103,0.40234375,0.17935457108259817
46,104,0.40625,0.21146785633407775
46,105,0.41015625,0.20254319347707947
46,106,0.4140625,0.18201537308655083
46,107,0.41796875,0.1913561408474428
46,108,0.421875,0.17945054249605244
46,109,0.42578125,0.17544298534146557
46,110,0.4296875,0.1784494388029054
46,111,0.43359375,0.19920768999978372
46,112,0.4375,0.19428403272398
46,113,0.44140625,0.20503311369459257
46,114,0.4453125,0.20804559431839129
46,115,0.44921875,0.19800561090190164
46,116,0.453125,0.21694299144223286
46,117,0.45703125,0.24193261295261362
46,118,0.4609375,0.21401311620400412
46,119,0.46484375,0.21268255855315
46,120,0.46875,0.17294427357760844
46,121,0.47265625,0.2319499076496841
46,122,0.4765625,0.2537328927915361
46,123,0.48046875,0.28077469500200436
46,124,0.484375,0.28428502884862583
46,125,0.48828125,0.3066733579171885
46,126,0.4921875,0.306268258788821
46,127,0.49609375,0.3167813620039862
46,128,0.5,0.3028381628151544
46,129,0.50390625,0.3093869186979875
46,130,0.5078125,0.29252182233253166
46,131,0.51171875,0.2765422256391873
46,132,0.515625,0.2538265797403388
46,133,0.51953125,0.23366040886495024
46,134,0.5234375,0.21483270328441226
46,135,0.52734375,0.2643914321419872
46,136,0.53125,0.22943443573183564
46,137,0.53515625,0.21408997761357204
46,138,0.5390625,0.20149446747800426
46,139,0.54296875,0.22068686843961113
46,140,0.546875,0.17932359506966541
46,141,0.55078125,0.1552446733393629
46,142,0.5546875,0.18603248451927754
46,143,0.55859375,0.1851452427243284
46,144,0.5625,0.1901116716933944
46,145,0.56640625,0.19954067148979573
46,146,0.5703125,0.2021334836412236
46,147,0.57421875,0.20663475043241067
46,148,0.578125,0.22377628433695768
46,149,0.58203125,0.22995677254628022
46,150,0.5859375,0.20624839792346403
46,151,0.58984375,0.2078866531325787
46,152,0.59375,0.20770042446341577
46,153,0.59765625,0.2282682826699457
46,154,0.6015625,0.23226685783812415
46,155,0.60546875,0.23399263112453506
46,156,0.609375,0.25572457370985263
46,157,0.61328125,0.25510967614114954
46,158,0.6171875,0.2801214488296082
46,159,0.62109375,0.27183439710531204
46,160,0.625,0.27965700036044294
46,161,0.62890625,0.2856764028197668
46,162,0.6328125,0.31965343579853067
46,163,0.63671875,0.30685841084330095
46,164,0.640625,0.32300380563274095
46,165,0.64453125,0.32887784125678093
46,166,0.6484375,0.34152238540677715
46,167,0.65234375,0.36077922044813554
46,168,0.65625,0.3398757626635484
46,169,0.66015625,0.33388652236668676
46,170,0.6640625,0.3603900456592116
46,171,0.66796875,0.37597768630346146
46,172,0.671875,0.32837781262822435
46,173,0.67578125,0.3263494933443521
46,174,0.6796875,0.33586883776365467
46,175,0.68359375,0.3269694784653465
46,176,0.6875,0.3471959375186964
46,177,0.69140625,0.3386131685765647
46,178,0.6953125,0.3472040266924148
46,179,0.69921875,0.34047257034309303
46,180,0.703125,0.3515008395759577
46,181,0.70703125,0.3505532958553176
46,182,0.7109375,0.3347582427414139
46,183,0.71484375,0.3199180114543775
46,184,0.71875,0.33443355714464484
46,185,0.72265625,0.33768069908921666
46,186,0.7265625,0.3028688815108753
46,187,0.73046875,0.3423642374662181
46,188,0.734375,0.35179152426805743
46,189,0.73828125,0.3614435097600793
46,190,0.7421875,0.3560947784439198
46,191,0.74609375,0.36346700555947237
46,192,0.75,0.3811715075865927
46,193,0.75390625,0.40464651620446984
46,194,0.7578125,0.4177855124447766
46,195,0.76171875,0.39650486596321854
46,196,0.765625,0.4432801926868075
46,197,0.76953125,0.44048836254583923
46,198,0.7734375,0.4732602333829163
46,199,0.77734375,0.4653533575637392
46,200,0.78125,0.43446248585835623
46,201,0.78515625,0.4497129991636354
46,202,0.7890625,0.42648315052871494
46,203,0.79296875,0.4250762556643811
46,204,0.796875,0.41368555098333526
46,205,0.80078125,0.4483317149063864
46,206,0.8046875,0.4451959106462037
46,207,0.80859375,0.4212601946502169
46,208,0.8125,0.4088328405051531
46,209,0.81640625,0.40830020404026374
46,210,0.8203125,0.4483046478410876
46,211,0.82421875,0.4414065377788376
46,212,0.828125,0.45821196848887297
46,213,0.83203125,0.4480536581441143
46,214,0.8359375,0.43641528082341613
46,215,0.83984375,0.47603191127790506
46,216,0.84375,0.4735886603453289
46,217,0.84765625,0.49016565195246714
46,218,0.8515625,0.4742561648169992
46,219,0.85546875,0.5081401154362819
46,220,0.859375,0.5092845723905176
46,221,0.86328125,0.5262371603920428
46,222,0.8671875,0.5416149958864078
46,223,0.87109375,0.5486625316046283
46,224,0.875,0.5603349244342752
46,225,0.87890625,0.5538292331437538
46,226,0.8828125,0.5354110736159269
46,227,0.88671875,0.5565110538610669
46,228,0.890625,0.5908937598886238
46,229,0.89453125,0.6003463546098818
46,230,0.8984375,0.5702492847519379
46,231,0.90234375,0.5787268452429831
46,232,0.90625,0.5781515317597793
46,233,0.91015625,0.5978892247478196
46,234,0.9140625,0.6117885984728707
46,235,0.91796875,0.6247818550354713
46,236,0.921875,0.6245515228475605
46,237,0.92578125,0.6364993845506988
46,238,0.9296875,0.6651376308863023
46,239,0.93359375,0.6613443131556057
46,240,0.9375,0.6843993983696601
46,241,0.94140625,0.6873528020069899
46,242,0.9453125,0.6996037324019728
46,243,0.94921875,0.6895078247459228
46,244,0.953125,0.7103764211521755
46,245,0.95703125,0.7512120943143114
46,246,0.9609375,0.7679613232876178
46,247,0.96484375,0.7787027688254192
46,248,0.96875,0.7822393555123043
46,249,0.97265625,0.7691381348024484
46,250,0.9765625,0.7594353696152594
46,251,0.98046875,0.7616097196413695
46,252,0.984375,0.7640168267010704
46,253,0.98828125,0.752218447049115
46,254,0.9921875,0.7687055874077426
46,255,0.99609375,0.7370678804263983
46,256,1.0,0.7583030084093759
54,1,0.0038910505836575876,0.14436342363593935
54,2,0.007782101167315175,0.12712594494810076
54,3,0.011673151750972763,0.16702272633560755
54,4,0.01556420233463035,0.1995477655977602
54,5,0.019455252918287938,0.22333656185152914
54,6,0.023346303501945526,0.21313160611780818
54,7,0.027237354085603113,0.20184372454942495
54,8,0.0311284046692607,0.208998087422738
54,9,0.03501945525291829,0.2135433916563156
54,10,0.038910505836575876,0.22738799496156248
54,11,0.042801556420233464,0.22495702945937399
54,12,0.04669260700389105,0.22348482484864327
54,13,0.05058365758754864,0.19854515922010765
54,14,0.054474708171206226,0.17945218782696176
54,15,0.058365758754863814,0.2010006060422109
54,16,0.0622568093385214,0.183163889261042
54,17,0.06614785992217899,0.18594853038529022
54,18,0.07003891050583658,0.1867427007583039
54,19,0.07392996108949416,0.14368863987936198
54,20,0.07782101167315175,0.1366421762019807
54,21,0.08171206225680934,0.12440360256268211
54,22,0.08560311284046693,0.15333480639976935
54,23,0.08949416342412451,0.15961103538985924
54,24,0.0933852140077821,0.19655888120867313
54,25,0.09727626459143969,0.1787490893904246
54,26,0.10116731517509728,0.16611811879329402
54,27,0.10505836575875487,0.16439530926907525
54,28,0.10894941634241245,0.17675012111746555
54,29,0.11284046692607004,0.1781267140034501
54,30,0.11673151750972763,0.17992802332984875
54,31,0.12062256809338522,0.1802295226339805
54,32,0.1245136186770428,0.18009928316044305
54,33,0.12840466926070038,0.1555383444595256
54,34,0.13229571984435798,0.13664577082914486
54,35,0.13618677042801555,0.10634102250872399
54,36,0.14007782101167315,0.12684687881785245
54,37,0.14396887159533073,0.08923471814866389
54,38,0.14785992217898833,0.05448446853103778
54,39,0.1517509727626459,0.03437492597063777
54,40,0.1556420233463035,0.03222911060956855
54,41,0.15953307392996108,0.07198559076486159
54,42,0.16342412451361868,0.07503906147534602
54,43,0.16731517509727625,0.07258823446595819
54,44,0.17120622568093385,0.05714819199992594
54,45,0.17509727626459143,0.032941678643825044
54,46,0.17898832684824903,0.021837329272324443
54,47,0.1828793774319066,0.013464448330108354
54,48,0.1867704280155642,0.04041840219766523
54,49,0.19066147859922178,0.08057677484174842
54,50,0.19455252918287938,0.08181747407544127
54,51,0.19844357976653695,0.09672981973216502
54,52,0.20233463035019456,0.11746350112869773
54,53,0.20622568093385213,0.1428978573595573
54,54,0.21011673151750973,0.12026248719638015
54,55,0.2140077821011673,0.12845299642699964
54,56,0.2178988326848249,0.0799267285611969
54,57,0.22178988326848248,0.09135394524956993
54,58,0.22568093385214008,0.12724147171428846
54,59,0.22957198443579765,0.13749077638789023
54,60,0.23346303501945526,0.1573713246707526
54,61,0.23735408560311283,0.1895050500732156
54,62,0.24124513618677043,0.21793478214804468
54,63,0.245136186770428,0.21100295178009296
54,64,0.2490272373540856,0.24789253057162342
54,65,0.2529182879377432,0.27150049326681897
54,66,0.25680933852140075,0.25098725505029995
54,67,0.2607003891050584,0.24911254499335966
54,68,0.26459143968871596,0.26356421324674756
54,69,0.26848249027237353,0.28870146382224354
54,70,0.2723735408560311,0.28955984686618086
54,71,0.27626459143968873,0.31765528567532925
54,72,0.2801556420233463,0.32864501761308706
54,73,0.2840466926070039,0.3040305281257279
54,74,0.28793774319066145,0.2834802618543825
54,75,0.2918287937743191,0.26878272913373935
54,76,0.29571984435797666,0.2639372295310301
54,77,0.29961089494163423,0.25496464463647006
54,78,0.3035019455252918,0.23873931418646424
54,79,0.30739299610894943,0.21034212549763354
54,80,0.311284046692607,0.19500624193798136
54,81,0.3151750972762646,0.22734285040034152
54,82,0.31906614785992216,0.2641426422868244
54,83,0.3229571984435798,0.25878851273533776
54,84,0.32684824902723736,0.26736564690693093
54,85,0.33073929961089493,0.2957726129272619
54,86,0.3346303501945525,0.29407971693088675
54,87,0.33852140077821014,0.2783176196934773
54,88,0.3424124513618677,0.2686887123864431
54,89,0.3463035019455253,0.295731147261368
54,90,0.35019455252918286,0.3236867472446112
54,91,0.3540856031128405,0.34611718625161714
54,92,0.35797665369649806,0.37490140529647326
54,93,0.36186770428015563,0.35360571833918025
54,94,0.3657587548638132,0.3482772953947336
54,95,0.36964980544747084,0.3720462135764146
54,96,0.3735408560311284,0.31902603590761297
54,97,0.377431906614786,0.28700926153693435
54,98,0.38132295719844356,0.2869309903972184
54,99,0.3852140077821012,0.25330575195779637
54,100,0.38910505836575876,0.2509861510983167
54,101,0.39299610894941633,0.27705674622787274
54,102,0.3968871595330739,0.2850954503351709
54,103,0.40077821011673154,0.3048262712376127
54,104,0.4046692607003891,0.30328306618982426
54,105,0.4085603112840467,0.2934939084596492
54,106,0.41245136186770426,0.28507756859648803
54,107,0.4163424124513619,0.2378839135699153
54,108,0.42023346303501946,0.24619394298087446
54,109,0.42412451361867703,0.23760251531310808
54,110,0.4280155642023346,0.2199823050186174
54,111,0.43190661478599224,0.2465631879011925
54,112,0.4357976653696498,0.22976654271220573
54,113,0.4396887159533074,0.19031096826378438
54,114,0.44357976653696496,0.2273747973324297
54,115,0.4474708171206226,0.2262915753914662
54,116,0.45136186770428016,0.2116116662288772
54,117,0.45525291828793774,0.20621901664978026
54,118,0.4591439688715953,0.2174608556984367
54,119,0.46303501945525294,0.21964528972447042
54,120,0.4669260700389105,0.20771998006308157
54,121,0.4708171206225681,0.19220000698642395
54,122,0.47470817120622566,0.2261206575675039
54,123,0.4785992217898833,0.2338969149661117
54,124,0.48249027237354086,0.2669581650139535
54,125,0.48638132295719844,0.28038960634330284
54,126,0.490272373540856,0.3045714351209828
54,127,0.49416342412451364,0.31558063404636916
54,128,0.4980544747081712,0.34562679953125625
54,129,0.5019455252918288,0.3295685235215638
54,130,0.5058365758754864,0.3303775294523157
54,131,0.5097276264591439,0.32959123080794206
54,132,0.5136186770428015,0.33214149372970975
54,133,0.5175097276264592,0.32212028114514224
54,134,0.5214007782101168,0.31690692591735015
54,135,0.5252918287937743,0.33886904709957194
54,136,0.5291828793774319,0.34596881706658916
54,137,0.5330739299610895,0.31624216857462556
54,138,0.5369649805447471,0.29953391871919194
54,139,0.5408560311284046,0.30614733666773103
54,140,0.5447470817120622,0.29960403637823907
54,141,0.5486381322957199,0.2719649955315462
54,142,0.5525291828793775,0.27699625754959006
54,143,0.556420233463035,0.2755325383876653
54,144,0.5603112840466926,0.3013046817923872
54,145,0.5642023346303502,0.3009952779049917
54,146,0.5680933852140078,0.2876779004373012
54,147,0.5719844357976653,0.3178418653089122
54,148,0.5758754863813229,0.31395064995185534
54,149,0.5797665369649806,0.3319844145854559
54,150,0.5836575875486382,0.28943857293398617
54,151,0.5875486381322957,0.3155193704606131
54,152,0.5914396887159533,0.3334397797003803
54,153,0.5953307392996109,0.35759838469010846
54,154,0.5992217898832685,0.3421005340949877
54,155,0.603112840466926,0.36078479783745354
54,156,0.6070038910505836,0.3694748228209411
54,157,0.6108949416342413,0.3656148727732277
54,158,0.6147859922178989,0.37595089817888916
54,159,0.6186770428015564,0.3563694077919124
54,160,0.622568093385214,0.3495414642634165
54,161,0.6264591439688716,0.36581265419939973
54,162,0.6303501945525292,0.33229717036156786
54,163,0.6342412451361867,0.3241090105362405
54,164,0.6381322957198443,0.3076007028667068
54,165,0.642023346303502,0.32576557527716
54,166,0.6459143968871596,0.3128828208447322
54,167,0.6498054474708171,0.3509703611159572
54,168,0.6536964980544747,0.34746940949063565
54,169,0.6575875486381323,0.3304664360577705
54,170,0.6614785992217899,0.31166201614028977
54,171,0.6653696498054474,0.3021677176790564
54,172,0.669260700389105,0.3090130074147638
54,173,0.6731517509727627,0.2874942031040548
54,174,0.6770428015564203,0.3056802339990857
54,175,0.6809338521400778,0.3105902977114307
54,176,0.6848249027237354,0.3258869946863787
54,177,0.688715953307393,0.32838561285072615
54,178,0.6926070038910506,0.3619585911926531
54,179,0.6964980544747081,0.4026152947106092
54,180,0.7003891050583657,0.40741845813900396
54,181,0.7042801556420234,0.4017305639314245
54,182,0.708171206225681,0.3586013902708004
54,183,0.7120622568093385,0.36861970517074616
54,184,0.7159533073929961,0.3758223265163252
54,185,0.7198443579766537,0.39634070847128355
54,186,0.7237354085603113,0.40898591959034053
54,187,0.7276264591439688,0.40470921113328134
54,188,0.7315175097276264,0.435883173825717
54,189,0.7354085603112841,0.4125471887807001
54,190,0.7392996108949417,0.4001098950534072
54,191,0.7431906614785992,0.40448040981754474
54,192,0.7470817120622568,0.40583040386148794
54,193,0.7509727626459144,0.38977332677775994
54,194,0.754863813229572,0.3886020136939846
54,195,0.7587548638132295,0.4082556876359528
54,196,0.7626459143968871,0.3946894204381987
54,197,0.7665369649805448,0.40664470415234494
54,198,0.7704280155642024,0.441688391143703
54,199,0.77431906614786,0.44757042956163134
54,200,0.7782101167315175,0.45747153125025725
54,201,0.7821011673151751,0.4803804044990941
54,202,0.7859922178988327,0.5050219947528631
54,203,0.7898832684824902,0.5088264802597832
54,204,0.7937743190661478,0.5267577305366583
54,205,0.7976653696498055,0.5751840425391324
54,206,0.8015564202334631,0.5645384721817909
54,207,0.8054474708171206,0.5917148319236186
54,208,0.8093385214007782,0.6086725823200937
54,209,0.8132295719844358,0.6211972795177081
54,210,0.8171206225680934,0.6213072768954431
54,211,0.8210116731517509,0.6255521049509148
54,212,0.8249027237354085,0.6586306751550213
54,213,0.8287937743190662,0.6362518452191637
54,214,0.8326848249027238,0.6538815141854478
54,215,0.8365758754863813,0.6529809025667532
54,216,0.8404669260700389,0.6444513281043
54,217,0.8443579766536965,0.6509672011706265
54,218,0.8482490272373541,0.6354042299427878
54,219,0.8521400778210116,0.6530692100833183
54,220,0.8560311284046692,0.6339044052567291
54,221,0.8599221789883269,0.625178682116569
54,222,0.8638132295719845,0.6372345619113997
54,223,0.867704280155642,0.6438772089394259
54,224,0.8715953307392996,0.6236802595365335
54,225,0.8754863813229572,0.6358541955633129
54,226,0.8793774319066148,0.6466930688103157
54,227,0.8832684824902723,0.6511270478610323
54,228,0.8871595330739299,0.677915691653547
54,229,0.8910505836575876,0.6381149414899941
54,230,0.8949416342412452,0.6332758500163619
54,231,0.8988326848249028,0.6173121568157088
54,232,0.9027237354085603,0.6107077541581452
54,233,0.9066147859922179,0.6319882812907561
54,234,0.9105058365758755,0.6223395353161165
54,235,0.914396887159533,0.6186164224301046
54,236,0.9182879377431906,0.6381039179158359
54,237,0.9221789883268483,0.6516200959542842
54,238,0.9260700389105059,0.6764581813275465
54,239,0.9299610894941635,0.656108538464239
54,240,0.933852140077821,0.6591864152461573
54,241,0.9377431906614786,0.6763020573461329
54,242,0.9416342412451362,0.686565846181528
54,243,0.9455252918287937,0.6785730413094827
54,244,0.9494163424124513,0.7121903925401957
54,245,0.953307392996109,0.7637068858489345
54,246,0.9571984435797666,0.8055931449344119
54,247,0.9610894941634242,0.8227681754764006
54,248,0.9649805447470817,0.8350277198160627
54,249,0.9688715953307393,0.8671462196214715
54,250,0.9727626459143969,0.8839920786496918
54,251,0.9766536964980544,0.9019878304001595
54,252,0.980544747081712,0.891189237902467
54,253,0.9844357976653697,0.8697355349706489
54,254,0.9883268482490273,0.9119853084475328
54,255,0.9922178988326849,0.932692885877613
54,256,0.9961089494163424,0.9488286808987434
54,257,1.0,0.933528442234983
71,1,0.004807692307692308,0.2513784250376156
71,2,0.009615384615384616,0.2185936875635914
71,3,0.014423076923076924,0.21880430726791403
71,4,0.019230769230769232,0.24878300275527823
71,5,0.02403846153846154,0.2356892490191176
71,6,0.028846153846153848,0.2827923170478778
71,7,0.03365384615384615,0.28702262053173105
71,8,0.038461538461538464,0.2917493913580369
71,9,0.04326923076923077,0.2996482745268555
71,10,0.04807692307692308,0.30896137559577136
71,11,0.052884615384615384,0.35309119283758206
71,12,0.057692307692307696,0.3468350809361791
71,13,0.0625,0.33811559633765076
71,14,0.0673076923076923,0.3205201906783471
71,15,0.07211538461538461,0.3113331863898149
71,16,0.07692307692307693,0.3194399166152378
71,17,0.08173076923076923,0.3346822563278794
71,18,0.08653846153846154,0.3523526789689798
71,19,0.09134615384615384,0.35857191738802163
71,20,0.09615384615384616,0.3667002801482034
71,21,0.10096153846153846,0.3517200257789442
71,22,0.10576923076923077,0.3559377206565668
71,23,0.11057692307692307,0.33550460358481676
71,24,0.11538461538461539,0.3286628928600682
71,25,0.1201923076923077,0.35565318217592445
71,26,0.125,0.3369667631012484
71,27,0.12980769230769232,0.3379129371817672
71,28,0.1346153846153846,0.34953447032059476
71,29,0.13942307692307693,0.3685994105612531
71,30,0.14423076923076922,0.37055502478092084
71,31,0.14903846153846154,0.34345428841241316
71,32,0.15384615384615385,0.3388780480280122
71,33,0.15865384615384615,0.34073405783716987
71,34,0.16346153846153846,0.3033236845701035
71,35,0.16826923076923078,0.30500528893178086
71,36,0.17307692307692307,0.2990696591342437
71,37,0.1778846153846154,0.27914082363804105
71,38,0.18269230769230768,0.30140038833892546
71,39,0.1875,0.3236788527259108
71,40,0.19230769230769232,0.28376336231382837
71,41,0.1971153846153846,0.27931445256884474
71,42,0.20192307692307693,0.2907929490409357
71,43,0.20673076923076922,0.28992529885191043
71,44,0.21153846153846154,0.2774404764287088
71,45,0.21634615384615385,0.2818104643720017
71,46,0.22115384615384615,0.2883500835302912
71,47,0.22596153846153846,0.290376302483574
71,48,0.23076923076923078,0.2769961771084625
71,49,0.23557692307692307,0.2890642017932894
71,50,0.2403846153846154,0.3123293724029564
71,51,0.24519230769230768,0.28833459786151877
71,52,0.25,0.30614381502940496
71,53,0.2548076923076923,0.3009801530019632
71,54,0.25961538461538464,0.3031786298137719
71,55,0.2644230769230769,0.303561839952701
71,56,0.2692307692307692,0.2950273938208422
71,57,0.27403846153846156,0.3193810075202015
71,58,0.27884615384615385,0.30002789200666724
71,59,0.28365384615384615,0.30002721457921694
71,60,0.28846153846153844,0.3063523146683545
71,61,0.2932692307692308,0.31670551048391427
71,62,0.2980769230769231,0.32444093631979365
71,63,0.30288461538461536,0.31599292927440853
71,64,0.3076923076923077,0.31489249108836115
71,65,0.3125,0.30743046950026237
71,66,0.3173076923076923,0.3248492069866917
71,67,0.32211538461538464,0.33547073010511197
71,68,0.3269230769230769,0.33336114625722985
71,69,0.3317307692307692,0.32380646716571326
71,70,0.33653846153846156,0.3091474071291385
71,71,0.34134615384615385,0.3135176942497174
71,72,0.34615384615384615,0.27313569589868114
71,73,0.35096153846153844,0.31456705191456275
71,74,0.3557692307692308,0.32800709832487723
71,75,0.3605769230769231,0.3012681219766867
71,76,0.36538461538461536,0.3186764666388248
71,77,0.3701923076923077,0.35180707997597577
71,78,0.375,0.35260375831047314
71,79,0.3798076923076923,0.36270224066777623
71,80,0.38461538461538464,0.34388518608096436
71,81,0.3894230769230769,0.34532337650405
71,82,0.3942307692307692,0.34749945396623466
71,83,0.39903846153846156,0.3569368450883098
71,84,0.40384615384615385,0.37251772921679616
71,85,0.40865384615384615,0.39809027719093576
71,86,0.41346153846153844,0.40119079464977697
71,87,0.4182692307692308,0.4285095522734543
71,88,0.4230769230769231,0.42684116340630973
71,89,0.42788461538461536,0.3933953987807893
71,90,0.4326923076923077,0.4141582042896756
71,91,0.4375,0.4261189194937286
71,92,0.4423076923076923,0.41166752017881025
71,93,0.44711538461538464,0.4248147336988803
71,94,0.4519230769230769,0.4276236282967599
71,95,0.4567307692307692,0.45100054133100653
71,96,0.46153846153846156,0.4521892922226613
71,97,0.46634615384615385,0.4246696600243782
71,98,0.47115384615384615,0.43668354987006774
71,99,0.47596153846153844,0.45264737538042565
71,100,0.4807692307692308,0.4512248269437631
71,101,0.4855769230769231,0.46466138160015813
71,102,0.49038461538461536,0.4688841599665577
71,103,0.4951923076923077,0.44440759865947604
71,104,0.5,0.4778822222861668
71,105,0.5048076923076923,0.45444670650743
71,106,0.5096153846153846,0.42708508321380523
71,107,0.5144230769230769,0.4355891889619022
71,108,0.5192307692307693,0.4613895864202721
71,109,0.5240384615384616,0.46047104671832245
71,110,0.5288461538461539,0.4463209913369164
71,111,0.5336538461538461,0.46415839348402926
71,112,0.5384615384615384,0.46786148771569275
71,113,0.5432692307692307,0.4400223157748858
71,114,0.5480769230769231,0.41919230202441754
71,115,0.5528846153846154,0.40528779806846515
71,116,0.5576923076923077,0.3940024604650049
71,117,0.5625,0.38069539766506827
71,118,0.5673076923076923,0.39290169698284255
71,119,0.5721153846153846,0.43313885774726857
71,120,0.5769230769230769,0.47024185907079624
71,121,0.5817307692307693,0.5083931765468855
71,122,0.5865384615384616,0.48317009852750176
71,123,0.5913461538461539,0.4462274086796813
71,124,0.5961538461538461,0.4489974802727303
71,125,0.6009615384615384,0.44616866990307213
71,126,0.6057692307692307,0.4448080121901134
71,127,0.6105769230769231,0.4640215912428748
71,128,0.6153846153846154,0.5150931505150591
71,129,0.6201923076923077,0.5171287987918619
71,130,0.625,0.5414834230926445
71,131,0.6298076923076923,0.5428139144802512
71,132,0.6346153846153846,0.5631233307444756
71,133,0.6394230769230769,0.5834493563117161
71,134,0.6442307692307693,0.519704925596489
71,135,0.6490384615384616,0.4963853219221253
71,136,0.6538461538461539,0.46509933406555054
71,137,0.6586538461538461,0.44497506032867207
71,138,0.6634615384615384,0.4484298084771804
71,139,0.6682692307692307,0.46396368992453785
71,140,0.6730769230769231,0.4851030082831598
71,141,0.6778846153846154,0.4576249721277307
71,142,0.6826923076923077,0.4469733598729833
71,143,0.6875,0.42478592937899795
71,144,0.6923076923076923,0.43139240649871374
71,145,0.6971153846153846,0.4103902738196872
71,146,0.7019230769230769,0.4059536908072105
71,147,0.7067307692307693,0.4001584288861857
71,148,0.7115384615384616,0.4040314054997321
71,149,0.7163461538461539,0.4234621513089511
71,150,0.7211538461538461,0.4504640932314913
71,151,0.7259615384615384,0.4524586946398282
71,152,0.7307692307692307,0.45425734781138344
71,153,0.7355769230769231,0.48508453842558114
71,154,0.7403846153846154,0.48471531574666066
71,155,0.7451923076923077,0.48308937859647555
71,156,0.75,0.48391749435957254
71,157,0.7548076923076923,0.4782635701814696
71,158,0.7596153846153846,0.476790415411612
71,159,0.7644230769230769,0.4740257720420692
71,160,0.7692307692307693,0.5172507983674345
71,161,0.7740384615384616,0.5418670841758074
71,162,0.7788461538461539,0.5333389711657103
71,163,0.7836538461538461,0.5357866577081398
71,164,0.7884615384615384,0.5547729862828993
71,165,0.7932692307692307,0.5114493381405333
71,166,0.7980769230769231,0.5310398614577242
71,167,0.8028846153846154,0.5711831995724881
71,168,0.8076923076923077,0.5725638844889195
71,169,0.8125,0.5618956197185838
71,170,0.8173076923076923,0.5518678373370132
71,171,0.8221153846153846,0.5560356884474389
71,172,0.8269230769230769,0.6035566482146579
71,173,0.8317307692307693,0.6204052323417901
71,174,0.8365384615384616,0.6102175337024265
71,175,0.8413461538461539,0.6280155672655979
71,176,0.8461538461538461,0.631520668131377
71,177,0.8509615384615384,0.6424360739153786
71,178,0.8557692307692307,0.6326707470954741
71,179,0.8605769230769231,0.6230833831227469
71,180,0.8653846153846154,0.6489843239705484
71,181,0.8701923076923077,0.6317507489719666
71,182,0.875,0.6409638702642156
71,183,0.8798076923076923,0.6038569011529324
71,184,0.8846153846153846,0.6256631826344538
71,185,0.8894230769230769,0.6574375004252583
71,186,0.8942307692307693,0.6764142810070205
71,187,0.8990384615384616,0.6598476121546877
71,188,0.9038461538461539,0.6321539905457215
71,189,0.9086538461538461,0.6720100071098503
71,190,0.9134615384615384,0.6615763534917956
71,191,0.9182692307692307,0.658697948261867
71,192,0.9230769230769231,0.6687705021863122
71,193,0.9278846153846154,0.6826870018542367
71,194,0.9326923076923077,0.7288763608750773
71,195,0.9375,0.7807334467797757
71,196,0.9423076923076923,0.7888477710818603
71,197,0.9471153846153846,0.7939310569605771
71,198,0.9519230769230769,0.8232901138711718
71,199,0.9567307692307693,0.8247890337682484
71,200,0.9615384615384616,0.812759974223167
71,201,0.9663461538461539,0.8493379890900659
71,202,0.9711538461538461,0.8588522271469882
71,203,0.9759615384615384,0.8919260221171065
71,204,0.9807692307692307,0.886318413413531
71,205,0.9855769230769231,0.8765238356164053
71,206,0.9903846153846154,0.9000831866758692
71,207,0.9951923076923077,0.9140847783354594
71,208,1.0,0.92242938836377
74,1,0.006024096385542169,0.20187514712485122
74,2,0.012048192771084338,0.1978834369027378
74,3,0.018072289156626505,0.17617802895839466
74,4,0.024096385542168676,0.20860451573355301
74,5,0.030120481927710843,0.2060471700716129
74,6,0.03614457831325301,0.2250931114961635
74,7,0.04216867469879518,0.2280946310155116
74,8,0.04819277108433735,0.24764179958118335
74,9,0.05421686746987952,0.2709326713117556
74,10,0.060240963855421686,0.28659960278284546
74,11,0.06626506024096386,0.2786725866512551
74,12,0.07228915662650602,0.2773677305764944
74,13,0.0783132530120482,0.2984584501940813
74,14,0.08433734939759036,0.2863156163495646
74,15,0.09036144578313253,0.2761077862228272
74,16,0.0963855421686747,0.2709115506583885
74,17,0.10240963855421686,0.2668347958604606
74,18,0.10843373493975904,0.27669828270590596
74,19,0.1144578313253012,0.28087890628264256
74,20,0.12048192771084337,0.29096573504645307
74,21,0.12650602409638553,0.2776069111862843
74,22,0.13253012048192772,0.2578462584280925
74,23,0.13855421686746988,0.25358559587712237
74,24,0.14457831325301204,0.2642585373232031
74,25,0.15060240963855423,0.25135257702284874
74,26,0.1566265060240964,0.27334151420094827
74,27,0.16265060240963855,0.24987395380757751
74,28,0.1686746987951807,0.245569240029666
74,29,0.1746987951807229,0.2720022105842992
74,30,0.18072289156626506,0.27227042337563795
74,31,0.18674698795180722,0.30364802412230246
74,32,0.1927710843373494,0.32044728241209924
74,33,0.19879518072289157,0.32895798846624363
74,34,0.20481927710843373,0.3196412427709252
74,35,0.21084337349397592,0.29183805371271704
74,36,0.21686746987951808,0.29429189113529886
74,37,0.22289156626506024,0.325324871212507
74,38,0.2289156626506024,0.29339514159392993
74,39,0.23493975903614459,0.2871643042151188
74,40,0.24096385542168675,0.2768634866212754
74,41,0.2469879518072289,0.27294365478765914
74,42,0.25301204819277107,0.2989783918447818
74,43,0.25903614457831325,0.31770020143622796
74,44,0.26506024096385544,0.3048058766910869
74,45,0.2710843373493976,0.2819977888458644
74,46,0.27710843373493976,0.2648525348845592
74,47,0.28313253012048195,0.2230481255355089
74,48,0.2891566265060241,0.2266268336561665
74,49,0.29518072289156627,0.19583828987081828
74,50,0.30120481927710846,0.24106881337079125
74,51,0.3072289156626506,0.23382951230074936
74,52,0.3132530120481928,0.22189736083655692
74,53,0.3192771084337349,0.2526477155099215
74,54,0.3253012048192771,0.23928406035169555
74,55,0.3313253012048193,0.24860693747959117
74,56,0.3373493975903614,0.2350928060690443
74,57,0.3433734939759036,0.22441517283138981
74,58,0.3493975903614458,0.20580986341535012
74,59,0.35542168674698793,0.1883197866802004
74,60,0.3614457831325301,0.24473132219513494
74,61,0.3674698795180723,0.2395703564616904
74,62,0.37349397590361444,0.24577373254740711
74,63,0.3795180722891566,0.2399358160027273
74,64,0.3855421686746988,0.2635167309110319
74,65,0.39156626506024095,0.2506372588868637
74,66,0.39759036144578314,0.2495700629315939
74,67,0.4036144578313253,0.26031316830548196
74,68,0.40963855421686746,0.24495131313298868
74,69,0.41566265060240964,0.22423082641649095
74,70,0.42168674698795183,0.22218426009671993
74,71,0.42771084337349397,0.23117891520344802
74,72,0.43373493975903615,0.2238730830832616
74,73,0.4397590361445783,0.23269548081381197
74,74,0.4457831325301205,0.22539956311495557
74,75,0.45180722891566266,0.2010537849059602
74,76,0.4578313253012048,0.22351968174181666
74,77,0.463855421686747,0.2293516942591896
74,78,0.46987951807228917,0.22352712374676748
74,79,0.4759036144578313,0.2356798932256136
74,80,0.4819277108433735,0.24189401959871856
74,81,0.4879518072289157,0.26091934094280683
74,82,0.4939759036144578,0.26294074643408083
74,83,0.5,0.2798741682410135
74,84,0.5060240963855421,0.28928861291756774
74,85,0.5120481927710844,0.2703956058140126
74,86,0.5180722891566265,0.293959474955875
74,87,0.5240963855421686,0.3145155578587199
74,88,0.5301204819277109,0.3219541667896606
74,89,0.536144578313253,0.35131219732819313
74,90,0.5421686746987951,0.3069383624373908
74,91,0.5481927710843374,0.306236233568069
74,92,0.5542168674698795,0.3509343300345548
74,93,0.5602409638554217,0.36225267714575243
74,94,0.5662650602409639,0.3343726330862791
74,95,0.572289156626506,0.321071241818457
74,96,0.5783132530120482,0.315827012358797
74,97,0.5843373493975904,0.3082577678109998
74,98,0.5903614457831325,0.2943019955482298
74,99,0.5963855421686747,0.31464834481554
74,100,0.6024096385542169,0.3254854137481484
74,101,0.608433734939759,0.3300842115958201
74,102,0.6144578313253012,0.34182494392095525
74,103,0.6204819277108434,0.3303902572017666
74,104,0.6265060240963856,0.3385540992820158
74,105,0.6325301204819277,0.36079069304041694
74,106,0.6385542168674698,0.37778410825904796
74,107,0.6445783132530121,0.37305119397707603
74,108,0.6506024096385542,0.3855592222352161
74,109,0.6566265060240963,0.4010773871208693
74,110,0.6626506024096386,0.40266482775135926
74,111,0.6686746987951807,0.40367289049195665
74,112,0.6746987951807228,0.434846217846522
74,113,0.6807228915662651,0.433198090083627
74,114,0.6867469879518072,0.4305348459601111
74,115,0.6927710843373494,0.4410078002584048
74,116,0.6987951807228916,0.4193956410071713
74,117,0.7048192771084337,0.4130936148006887
74,118,0.7108433734939759,0.4062439689538144
74,119,0.7168674698795181,0.4091098049661149
74,120,0.7228915662650602,0.4090212507501997
74,121,0.7289156626506024,0.4266793022892405
74,122,0.7349397590361446,0.43750309920290814
74,123,0.7409638554216867,0.4213425673948563
74,124,0.7469879518072289,0.41742072973459143
74,125,0.7530120481927711,0.4075644261970721
74,126,0.7590361445783133,0.43080688602557193
74,127,0.7650602409638554,0.4113221688453457
74,128,0.7710843373493976,0.4283203803718868
74,129,0.7771084337349398,0.48121502092789364
74,130,0.7831325301204819,0.4876052085795097
74,131,0.7891566265060241,0.5006334428214568
74,132,0.7951807228915663,0.5027792166525621
74,133,0.8012048192771084,0.5487859033497796
74,134,0.8072289156626506,0.5522401987952605
74,135,0.8132530120481928,0.5731890581119873
74,136,0.8192771084337349,0.5466320554013296
74,137,0.8253012048192772,0.5270718216711235
74,138,0.8313253012048193,0.5568123136271321
74,139,0.8373493975903614,0.5756815405831954
74,140,0.8433734939759037,0.620563547839769
74,141,0.8493975903614458,0.5987379696915088
74,142,0.8554216867469879,0.6050871554592541
74,143,0.8614457831325302,0.6205859585695974
74,144,0.8674698795180723,0.6105467984369575
74,145,0.8734939759036144,0.6132222102663842
74,146,0.8795180722891566,0.6319608392010321
74,147,0.8855421686746988,0.6438025459447307
74,148,0.891566265060241,0.6211229026056003
74,149,0.8975903614457831,0.6185113198940035
74,150,0.9036144578313253,0.6225918187461136
74,151,0.9096385542168675,0.6137857073199684
74,152,0.9156626506024096,0.634006745301087
74,153,0.9216867469879518,0.6364962691206965
74,154,0.927710843373494,0.6554893335126031
74,155,0.9337349397590361,0.666260546500701
74,156,0.9397590361445783,0.7014848663270307
74,157,0.9457831325301205,0.70494008771037
74,158,0.9518072289156626,0.7065853828846721
74,159,0.9578313253012049,0.7372477640907233
74,160,0.963855421686747,0.750929529485478
74,161,0.9698795180722891,0.7477794791117551
74,162,0.9759036144578314,0.7609440053250567
74,163,0.9819277108433735,0.7876561343812264
74,164,0.9879518072289156,0.7914534645159724
74,165,0.9939759036144579,0.8091683964111301
74,166,1.0,0.8639043213695189
77,1,0.006493506493506494,0.345866164625986
77,2,0.012987012987012988,0.3161162833742793
77,3,0.01948051948051948,0.3140512557938071
77,4,0.025974025974025976,0.29973822764351654
77,5,0.032467532467532464,0.32929598173982066
77,6,0.03896103896103896,0.3441852428022889
77,7,0.045454545454545456,0.3294027519472127
77,8,0.05194805194805195,0.31823694591959956
77,9,0.05844155844155844,0.2889577094273836
77,10,0.06493506493506493,0.2539349302450712
77,11,0.07142857142857142,0.20101571945139887
77,12,0.07792207792207792,0.1819579168306594
77,13,0.08441558441558442,0.17721513467163402
77,14,0.09090909090909091,0.1760658641098991
77,15,0.09740259740259741,0.19182990051953389
77,16,0.1038961038961039,0.21026389311691354
77,17,0.11038961038961038,0.22918153013400128
77,18,0.11688311688311688,0.24008823615504724
77,19,0.12337662337662338,0.27916666614868774
77,20,0.12987012987012986,0.22751552682977508
77,21,0.13636363636363635,0.21903994043626454
77,22,0.14285714285714285,0.21481839625418594
77,23,0.14935064935064934,0.2312907986849318
77,24,0.15584415584415584,0.24526890847823582
77,25,0.16233766233766234,0.267733859061767
77,26,0.16883116883116883,0.3317370214252981
77,27,0.17532467532467533,0.3489189466757062
77,28,0.18181818181818182,0.35727456226833854
77,29,0.18831168831168832,0.3787968350407791
77,30,0.19480519480519481,0.373810914332025
77,31,0.2012987012987013,0.39462582204305857
77,32,0.2077922077922078,0.38052453016887616
77,33,0.21428571428571427,0.4006095925456646
77,34,0.22077922077922077,0.3664734054604153
77,35,0.22727272727272727,0.41619178464893397
77,36,0.23376623376623376,0.42219840193507413
77,37,0.24025974025974026,0.44318269052099435
77,38,0.24675324675324675,0.42663653099472054
77,39,0.2532467532467532,0.43152539156764874
77,40,0.2597402597402597,0.4087297299100533
77,41,0.2662337662337662,0.4147819585831536
77,42,0.2727272727272727,0.3942960107607613
77,43,0.2792207792207792,0.3734100940678891
77,44,0.2857142857142857,0.3476110196324148
77,45,0.2922077922077922,0.3381062886778828
77,46,0.2987012987012987,0.3265332767412767
77,47,0.3051948051948052,0.3409627964162262
77,48,0.3116883116883117,0.31311361995101933
77,49,0.3181818181818182,0.321308519098588
77,50,0.3246753246753247,0.2834897342049346
77,51,0.33116883116883117,0.29653194130763283
77,52,0.33766233766233766,0.27761526491154553
77,53,0.34415584415584416,0.3036118281699734
77,54,0.35064935064935066,0.33637230686677655
77,55,0.35714285714285715,0.37499112446279836
77,56,0.36363636363636365,0.3304403063297823
77,57,0.37012987012987014,0.33649874614534586
77,58,0.37662337662337664,0.3590171245727023
77,59,0.38311688311688313,0.385928028831364
77,60,0.38961038961038963,0.38899712815497894
77,61,0.3961038961038961,0.3769347336860916
77,62,0.4025974025974026,0.37886160500582
77,63,0.4090909090909091,0.3862976797050469
77,64,0.4155844155844156,0.39110728561748603
77,65,0.42207792207792205,0.4374834686547807
77,66,0.42857142857142855,0.43794699833637113
77,67,0.43506493506493504,0.44944171463047716
77,68,0.44155844155844154,0.4250512214465992
77,69,0.44805194805194803,0.41998919139971336
77,70,0.45454545454545453,0.41771791344610704
77,71,0.461038961038961,0.4511912089417754
77,72,0.4675324675324675,0.47452590578693143
77,73,0.474025974025974,0.43792403171864636
77,74,0.4805194805194805,0.4128426103555047
77,75,0.487012987012987,0.4279883902790819
77,76,0.4935064935064935,0.40372213374566507
77,77,0.5,0.4141143370307751
77,78,0.5064935064935064,0.3911910189117419
77,79,0.512987012987013,0.40974410946183765
77,80,0.5194805194805194,0.4041766793049293
77,81,0.525974025974026,0.3832402007140359
77,82,0.5324675324675324,0.4255635038017738
77,83,0.538961038961039,0.45446519160444904
77,84,0.5454545454545454,0.45431963926328683
77,85,0.551948051948052,0.42583177347111656
77,86,0.5584415584415584,0.42125925537596803
77,87,0.564935064935065,0.4229224409416271
77,88,0.5714285714285714,0.47001445044411405
77,89,0.577922077922078,0.4974834991009894
77,90,0.5844155844155844,0.4745105609959422
77,91,0.5909090909090909,0.48034731441921963
77,92,0.5974025974025974,0.46884398862806065
77,93,0.6038961038961039,0.4719368386101788
77,94,0.6103896103896104,0.46875989534534124
77,95,0.6168831168831169,0.4404459044265355
77,96,0.6233766233766234,0.4402357440968487
77,97,0.6298701298701299,0.43024634552355023
77,98,0.6363636363636364,0.45446891540309897
77,99,0.6428571428571429,0.4520309874375928
77,100,0.6493506493506493,0.4946387709595559
77,101,0.6558441558441559,0.4523509375169154
77,102,0.6623376623376623,0.44806905339092074
77,103,0.6688311688311688,0.4482394067103024
77,104,0.6753246753246753,0.4633815541818501
77,105,0.6818181818181818,0.47590724276877205
77,106,0.6883116883116883,0.5042253737938571
77,107,0.6948051948051948,0.4924388107380908
77,108,0.7012987012987013,0.5351846635230258
77,109,0.7077922077922078,0.5175689818440616
77,110,0.7142857142857143,0.5397230417991409
77,111,0.7207792207792207,0.552146346668194
77,112,0.7272727272727273,0.5358542267433221
77,113,0.7337662337662337,0.5085267342008067
77,114,0.7402597402597403,0.4787830038540866
77,115,0.7467532467532467,0.4641842388793588
77,116,0.7532467532467533,0.4967160365909611
77,117,0.7597402597402597,0.4724672854902688
77,118,0.7662337662337663,0.48243185908436315
77,119,0.7727272727272727,0.4590399072461785
77,120,0.7792207792207793,0.4615122614612353
77,121,0.7857142857142857,0.48300987293482145
77,122,0.7922077922077922,0.4842947726260345
77,123,0.7987012987012987,0.4725788321839549
77,124,0.8051948051948052,0.46728619285590806
77,125,0.8116883116883117,0.48136996255038
77,126,0.8181818181818182,0.5014738509152286
77,127,0.8246753246753247,0.4902328948025521
77,128,0.8311688311688312,0.4860403751127658
77,129,0.8376623376623377,0.4823792721218633
77,130,0.8441558441558441,0.5072610495043353
77,131,0.8506493506493507,0.5582473066554245
77,132,0.8571428571428571,0.5999352221087831
77,133,0.8636363636363636,0.606100310118747
77,134,0.8701298701298701,0.6450987765053798
77,135,0.8766233766233766,0.6567791583971456
77,136,0.8831168831168831,0.6656014996964574
77,137,0.8896103896103896,0.6963910792407016
77,138,0.8961038961038961,0.6984043363733847
77,139,0.9025974025974026,0.7487990212130219
77,140,0.9090909090909091,0.743413234633338
77,141,0.9155844155844156,0.7270333902454701
77,142,0.922077922077922,0.7866376809481066
77,143,0.9285714285714286,0.7958223155453219
77,144,0.935064935064935,0.8529712461016721
77,145,0.9415584415584416,0.8370540728166268
77,146,0.948051948051948,0.8015054843259267
77,147,0.9545454545454546,0.8322001297202537
77,148,0.961038961038961,0.8390301755035005
77,149,0.9675324675324676,0.8273776945576995
77,150,0.974025974025974,0.8510115514058505
77,151,0.9805194805194806,0.8412141068568267
77,152,0.987012987012987,0.856999499489609
77,153,0.9935064935064936,0.8797398297521514
77,154,1.0,0.8561139544168129
78,1,0.004329004329004329,0.23313896430156847
78,2,0.008658008658008658,0.22726919219375025
78,3,0.012987012987012988,0.22198845740665715
78,4,0.017316017316017316,0.23248242726289464
78,5,0.021645021645021644,0.20045331548682965
78,6,0.025974025974025976,0.2031824114682608
78,7,0.030303030303030304,0.19196279048280362
78,8,0.03463203463203463,0.1898872126530479
78,9,0.03896103896103896,0.19326009227131655
78,10,0.04329004329004329,0.18989149229857932
78,11,0.047619047619047616,0.19058108986566455
78,12,0.05194805194805195,0.18021873962955554
78,13,0.05627705627705628,0.15535952922055635
78,14,0.06060606060606061,0.16767255774273962
78,15,0.06493506493506493,0.11697007546756723
78,16,0.06926406926406926,0.12650923702111097
78,17,0.0735930735930736,0.12407765164696095
78,18,0.07792207792207792,0.10945184344264125
78,19,0.08225108225108226,0.1013111613807892
78,20,0.08658008658008658,0.11632259507952525
78,21,0.09090909090909091,0.11723770572224014
78,22,0.09523809523809523,0.12424103135427625
78,23,0.09956709956709957,0.11013549546398312
78,24,0.1038961038961039,0.0979342448398562
78,25,0.10822510822510822,0.07303077804320851
78,26,0.11255411255411256,0.07010998522819606
78,27,0.11688311688311688,0.07187151191935247
78,28,0.12121212121212122,0.11571941716324377
78,29,0.12554112554112554,0.11501916363101145
78,30,0.12987012987012986,0.13111685805027887
78,31,0.1341991341991342,0.12911893465744417
78,32,0.13852813852813853,0.1354734529651001
78,33,0.14285714285714285,0.1289931223490267
78,34,0.1471861471861472,0.12739358761647945
78,35,0.15151515151515152,0.12456357977604698
78,36,0.15584415584415584,0.09936304571990202
78,37,0.16017316017316016,0.08928383580464802
78,38,0.1645021645021645,0.10053154950621028
78,39,0.16883116883116883,0.09681255672478892
78,40,0.17316017316017315,0.12247696914460063
78,41,0.1774891774891775,0.11018750137381333
78,42,0.18181818181818182,0.10839204324662109
78,43,0.18614718614718614,0.11780611865700258
78,44,0.19047619047619047,0.10081672720162463
78,45,0.19480519480519481,0.07628588414009223
78,46,0.19913419913419914,0.042273329770728424
78,47,0.20346320346320346,0.021566446552039622
78,48,0.2077922077922078,0.04773923033258292
78,49,0.21212121212121213,0.06813398467670657
78,50,0.21645021645021645,0.08481920225653743
78,51,0.22077922077922077,0.10287998001885054
78,52,0.22510822510822512,0.12569110616269782
78,53,0.22943722943722944,0.11308118298703458
78,54,0.23376623376623376,0.12751610527260837
78,55,0.23809523809523808,0.13002479685095278
78,56,0.24242424242424243,0.15907991726752196
78,57,0.24675324675324675,0.13739277953076023
78,58,0.2510822510822511,0.11437905493403798
78,59,0.2554112554112554,0.11892913488448269
78,60,0.2597402597402597,0.12933664651673935
78,61,0.26406926406926406,0.15439232678848128
78,62,0.2683982683982684,0.15915102512692242
78,63,0.2727272727272727,0.1666396079440135
78,64,0.27705627705627706,0.14562607215227705
78,65,0.2813852813852814,0.12346612224254895
78,66,0.2857142857142857,0.11711292900441132
78,67,0.29004329004329005,0.10233493218575607
78,68,0.2943722943722944,0.1134542341671974
78,69,0.2987012987012987,0.10252218413313208
78,70,0.30303030303030304,0.11748407664040332
78,71,0.30735930735930733,0.07582815704491397
78,72,0.3116883116883117,0.12026130101171298
78,73,0.31601731601731603,0.12135879810528817
78,74,0.3203463203463203,0.15486645293512463
78,75,0.3246753246753247,0.16918107956705047
78,76,0.329004329004329,0.1697752002472213
78,77,0.3333333333333333,0.18927338457088497
78,78,0.33766233766233766,0.1601099284591778
78,79,0.341991341991342,0.14565752714260188
78,80,0.3463203463203463,0.15120996497260872
78,81,0.35064935064935066,0.17454317341268033
78,82,0.354978354978355,0.19048414191094276
78,83,0.3593073593073593,0.1869904783716686
78,84,0.36363636363636365,0.19377999977450144
78,85,0.36796536796536794,0.18509245285933545
78,86,0.3722943722943723,0.2056499122662759
78,87,0.37662337662337664,0.16818112543933536
78,88,0.38095238095238093,0.163178730175154
78,89,0.3852813852813853,0.1422328114513677
78,90,0.38961038961038963,0.13063556050122718
78,91,0.3939393939393939,0.12364743241534913
78,92,0.39826839826839827,0.12903722554638988
78,93,0.4025974025974026,0.1767042249567503
78,94,0.4069264069264069,0.17924386903730113
78,95,0.41125541125541126,0.18031487733701138
78,96,0.4155844155844156,0.1596318650890613
78,97,0.4199134199134199,0.15516606215376424
78,98,0.42424242424242425,0.15341520497206654
78,99,0.42857142857142855,0.16147485040622547
78,100,0.4329004329004329,0.1386127608467703
78,101,0.43722943722943725,0.14499389768576376
78,102,0.44155844155844154,0.15212668908519808
78,103,0.4458874458874459,0.1544144674846185
78,104,0.45021645021645024,0.15847546770688736
78,105,0.45454545454545453,0.1874300299950062
78,106,0.4588744588744589,0.19700912744229665
78,107,0.46320346320346323,0.1908763554099757
78,108,0.4675324675324675,0.15624476462254808
78,109,0.47186147186147187,0.18996817637814517
78,110,0.47619047619047616,0.18078269210074424
78,111,0.4805194805194805,0.16564909615832094
78,112,0.48484848484848486,0.1441890503730196
78,113,0.48917748917748916,0.1580449655040419
78,114,0.4935064935064935,0.1491998091964196
78,115,0.49783549783549785,0.1798136015883066
78,116,0.5021645021645021,0.1725430309569607
78,117,0.5064935064935064,0.18499815577839765
78,118,0.5108225108225108,0.20702025867180526
78,119,0.5151515151515151,0.21049910723597426
78,120,0.5194805194805194,0.1641149430409915
78,121,0.5238095238095238,0.16933395325655226
78,122,0.5281385281385281,0.18460781185104397
78,123,0.5324675324675324,0.19086676326923022
78,124,0.5367965367965368,0.15419078404801356
78,125,0.5411255411255411,0.18614622674111853
78,126,0.5454545454545454,0.2043260187271662
78,127,0.5497835497835498,0.22009171632519337
78,128,0.5541125541125541,0.20205425660388576
78,129,0.5584415584415584,0.23246144213367487
78,130,0.5627705627705628,0.23920543947686845
78,131,0.5670995670995671,0.24553885791157093
78,132,0.5714285714285714,0.24042273043317677
78,133,0.5757575757575758,0.23287544071621852
78,134,0.5800865800865801,0.2521349112888494
78,135,0.5844155844155844,0.27401923944524403
78,136,0.5887445887445888,0.2789334766897967
78,137,0.5930735930735931,0.2630075599111745
78,138,0.5974025974025974,0.2864076128380804
78,139,0.6017316017316018,0.3048176709535063
78,140,0.6060606060606061,0.29771374543644963
78,141,0.6103896103896104,0.2840328593032345
78,142,0.6147186147186147,0.2725382111353205
78,143,0.6190476190476191,0.32783534864779235
78,144,0.6233766233766234,0.29798188250200447
78,145,0.6277056277056277,0.27682483671423647
78,146,0.6320346320346321,0.2916179184296938
78,147,0.6363636363636364,0.2919022911769935
78,148,0.6406926406926406,0.2754662518648397
78,149,0.645021645021645,0.22386752184346417
78,150,0.6493506493506493,0.25663378304596823
78,151,0.6536796536796536,0.250258484355631
78,152,0.658008658008658,0.27901037435513704
78,153,0.6623376623376623,0.2593290068796841
78,154,0.6666666666666666,0.27844063438636285
78,155,0.670995670995671,0.29102245398139265
78,156,0.6753246753246753,0.3127308979020313
78,157,0.6796536796536796,0.34461215218654945
78,158,0.683982683982684,0.3282978378433153
78,159,0.6883116883116883,0.34325308924138803
78,160,0.6926406926406926,0.32854656009617894
78,161,0.696969696969697,0.32151910769065606
78,162,0.7012987012987013,0.3479461745653542
78,163,0.7056277056277056,0.3979760852801447
78,164,0.70995670995671,0.43726217845490445
78,165,0.7142857142857143,0.4182414819031407
78,166,0.7186147186147186,0.43481565120637133
78,167,0.7229437229437229,0.4224570508852719
78,168,0.7272727272727273,0.4408932476899497
78,169,0.7316017316017316,0.43082898114582
78,170,0.7359307359307359,0.43216219776913595
78,171,0.7402597402597403,0.44221197167368465
78,172,0.7445887445887446,0.4325666570110652
78,173,0.7489177489177489,0.41783066404131936
78,174,0.7532467532467533,0.4410736057278815
78,175,0.7575757575757576,0.4660600067039412
78,176,0.7619047619047619,0.4853008107268321
78,177,0.7662337662337663,0.4815735069711398
78,178,0.7705627705627706,0.4385274928738133
78,179,0.7748917748917749,0.4445525803373653
78,180,0.7792207792207793,0.4651466439834533
78,181,0.7835497835497836,0.4781203965994308
78,182,0.7878787878787878,0.4787401454016314
78,183,0.7922077922077922,0.4735152039196649
78,184,0.7965367965367965,0.46347870510947703
78,185,0.8008658008658008,0.4633910990399112
78,186,0.8051948051948052,0.46113014144433756
78,187,0.8095238095238095,0.466026626707106
78,188,0.8138528138528138,0.47799899697373593
78,189,0.8181818181818182,0.47051033805751763
78,190,0.8225108225108225,0.45671847345731
78,191,0.8268398268398268,0.42799054613624177
78,192,0.8311688311688312,0.4333733143605325
78,193,0.8354978354978355,0.4577221314726024
78,194,0.8398268398268398,0.4719576640501636
78,195,0.8441558441558441,0.4941204227812155
78,196,0.8484848484848485,0.4590414325076637
78,197,0.8528138528138528,0.469026368769341
78,198,0.8571428571428571,0.45615985164932216
78,199,0.8614718614718615,0.4730700159772682
78,200,0.8658008658008658,0.4705966262008753
78,201,0.8701298701298701,0.4865377101878799
78,202,0.8744588744588745,0.4736054745394308
78,203,0.8787878787878788,0.4876189165036682
78,204,0.8831168831168831,0.4949211201707198
78,205,0.8874458874458875,0.5199561700696278
78,206,0.8917748917748918,0.5592608154966683
78,207,0.8961038961038961,0.5576961205563014
78,208,0.9004329004329005,0.5533021302434421
78,209,0.9047619047619048,0.5628997037999722
78,210,0.9090909090909091,0.5690347419890374
78,211,0.9134199134199135,0.6187264289911177
78,212,0.9177489177489178,0.6224888226352799
78,213,0.922077922077922,0.6546962415533447
78,214,0.9264069264069265,0.6702863094190394
78,215,0.9307359307359307,0.702209056967912
78,216,0.935064935064935,0.6971575478306744
78,217,0.9393939393939394,0.7164380334339338
78,218,0.9437229437229437,0.7316206401885348
78,219,0.948051948051948,0.7201494099346728
78,220,0.9523809523809523,0.7608298987105132
78,221,0.9567099567099567,0.7667764600490476
78,222,0.961038961038961,0.761440533832291
78,223,0.9653679653679653,0.7981462312526333
78,224,0.9696969696969697,0.7897074117579557
78,225,0.974025974025974,0.7791407808590409
78,226,0.9783549783549783,0.7663412836012587
78,227,0.9826839826839827,0.7691293096929824
78,228,0.987012987012987,0.7700668416190927
78,229,0.9913419913419913,0.7762860689218183
78,230,0.9956709956709957,0.7589592440108458
78,231,1.0,0.7871667623077907
81,1,0.004166666666666667,0.24656069599030864
81,2,0.008333333333333333,0.1835158391281148
81,3,0.0125,0.23184200941385483
81,4,0.016666666666666666,0.21074813677804174
81,5,0.020833333333333332,0.20085070657472096
81,6,0.025,0.20935160664199703
81,7,0.029166666666666667,0.20496266921673517
81,8,0.03333333333333333,0.195250884355051
81,9,0.0375,0.18559277208742286
81,10,0.041666666666666664,0.18607217195494488
81,11,0.04583333333333333,0.18547752017066707
81,12,0.05,0.18271190307098548
81,13,0.05416666666666667,0.17942045755625544
81,14,0.058333333333333334,0.17932944336733458
81,15,0.0625,0.1881835020125635
81,16,0.06666666666666667,0.15527235603819986
81,17,0.07083333333333333,0.19732604644581656
81,18,0.075,0.19316014367090537
81,19,0.07916666666666666,0.2376444189814431
81,20,0.08333333333333333,0.23582675140660989
81,21,0.0875,0.23927037447285657
81,22,0.09166666666666666,0.27222014337141803
81,23,0.09583333333333334,0.26027778577819716
81,24,0.1,0.27188307718399324
81,25,0.10416666666666667,0.27966176983982466
81,26,0.10833333333333334,0.29328583443256284
81,27,0.1125,0.32304596280699077
81,28,0.11666666666666667,0.32029922021936874
81,29,0.12083333333333333,0.32229258303431385
81,30,0.125,0.3193412388839416
81,31,0.12916666666666668,0.33998759901668746
81,32,0.13333333333333333,0.34374585212374265
81,33,0.1375,0.32568569043921003
81,34,0.14166666666666666,0.28386173199891757
81,35,0.14583333333333334,0.28077598848679525
81,36,0.15,0.30526251737306154
81,37,0.15416666666666667,0.28419194607214804
81,38,0.15833333333333333,0.28636835918274584
81,39,0.1625,0.3016860763221172
81,40,0.16666666666666666,0.3049592200526607
81,41,0.17083333333333334,0.3200240203000009
81,42,0.175,0.2829174411976487
81,43,0.17916666666666667,0.3031942407053125
81,44,0.18333333333333332,0.29689698504534645
81,45,0.1875,0.3311874498621641
81,46,0.19166666666666668,0.32915509814974075
81,47,0.19583333333333333,0.30805236727563856
81,48,0.2,0.2989938146757868
81,49,0.20416666666666666,0.33472738031139054
81,50,0.20833333333333334,0.3420646181380542
81,51,0.2125,0.316593164081486
81,52,0.21666666666666667,0.3154241667526482
81,53,0.22083333333333333,0.33869543575410527
81,54,0.225,0.3029077276640003
81,55,0.22916666666666666,0.3264817645028327
81,56,0.23333333333333334,0.32702226711434773
81,57,0.2375,0.3403813124284981
81,58,0.24166666666666667,0.3396118864268829
81,59,0.24583333333333332,0.341003621635874
81,60,0.25,0.3406124922452614
81,61,0.25416666666666665,0.31682834685668676
81,62,0.25833333333333336,0.3216027905336959
81,63,0.2625,0.33845604553839537
81,64,0.26666666666666666,0.3252453759912261
81,65,0.2708333333333333,0.32933856892618835
81,66,0.275,0.3206933345557029
81,67,0.2791666666666667,0.31176181822377086
81,68,0.2833333333333333,0.31092867903795196
81,69,0.2875,0.34222575791208
81,70,0.2916666666666667,0.3084563913687767
81,71,0.29583333333333334,0.3035621264899858
81,72,0.3,0.2968916065658244
81,73,0.30416666666666664,0.28161521177797283
81,74,0.30833333333333335,0.30998936368102714
81,75,0.3125,0.28368395467224616
81,76,0.31666666666666665,0.3102342689054799
81,77,0.32083333333333336,0.3173289772366157
81,78,0.325,0.30758895214951787
81,79,0.32916666666666666,0.3182362470410876
81,80,0.3333333333333333,0.3294161866212096
81,81,0.3375,0.3554355551611071
81,82,0.3416666666666667,0.34413944214628717
81,83,0.3458333333333333,0.35112289950012904
81,84,0.35,0.35565775876372857
81,85,0.3541666666666667,0.3596550243315332
81,86,0.35833333333333334,0.36603833879251274
81,87,0.3625,0.35540425758435923
81,88,0.36666666666666664,0.3543511103929472
81,89,0.37083333333333335,0.3272430057294814
81,90,0.375,0.3210316345918216
81,91,0.37916666666666665,0.304481348889743
81,92,0.38333333333333336,0.3113706343455972
81,93,0.3875,0.30428827811326925
81,94,0.39166666666666666,0.2979843816714294
81,95,0.3958333333333333,0.2925365694086208
81,96,0.4,0.288158632537704
81,97,0.4041666666666667,0.3202907079090422
81,98,0.4083333333333333,0.32342989555161145
81,99,0.4125,0.2992894074635028
81,100,0.4166666666666667,0.3216299912408216
81,101,0.42083333333333334,0.28867366653665544
81,102,0.425,0.31751616140833816
81,103,0.42916666666666664,0.3471039645453819
81,104,0.43333333333333335,0.3585023297245736
81,105,0.4375,0.36430005662478865
81,106,0.44166666666666665,0.3907235873631209
81,107,0.44583333333333336,0.4001396235987645
81,108,0.45,0.41647367659608264
81,109,0.45416666666666666,0.4407802135116057
81,110,0.4583333333333333,0.45059677631258704
81,111,0.4625,0.4619714762619381
81,112,0.4666666666666667,0.47660001074988917
81,113,0.4708333333333333,0.4941277381213583
81,114,0.475,0.478898905363204
81,115,0.4791666666666667,0.4521682282589269
81,116,0.48333333333333334,0.47911763151394604
81,117,0.4875,0.4839504302467185
81,118,0.49166666666666664,0.4649299618025522
81,119,0.49583333333333335,0.47916232840963785
81,120,0.5,0.5049943405724306
81,121,0.5041666666666667,0.5138028845480778
81,122,0.5083333333333333,0.5334991542626196
81,123,0.5125,0.5514757764896671
81,124,0.5166666666666667,0.5234383982145833
81,125,0.5208333333333334,0.5473085814708927
81,126,0.525,0.5180392144652746
81,127,0.5291666666666667,0.5098574162889
81,128,0.5333333333333333,0.4840264139298874
81,129,0.5375,0.530537233510723
81,130,0.5416666666666666,0.5169493844787719
81,131,0.5458333333333333,0.49523667441449754
81,132,0.55,0.4892443365944523
81,133,0.5541666666666667,0.49096921673773114
81,134,0.5583333333333333,0.4877620532400272
81,135,0.5625,0.4751213683171306
81,136,0.5666666666666667,0.4615684380183941
81,137,0.5708333333333333,0.40020396960900273
81,138,0.575,0.38171381680309846
81,139,0.5791666666666667,0.38001976573582497
81,140,0.5833333333333334,0.3473686795308258
81,141,0.5875,0.37412079547928223
81,142,0.5916666666666667,0.352319949596201
81,143,0.5958333333333333,0.37209363727560535
81,144,0.6,0.35195786053910794
81,145,0.6041666666666666,0.3827218880700442
81,146,0.6083333333333333,0.40201344771406944
81,147,0.6125,0.38338249251663736
81,148,0.6166666666666667,0.36855301721547623
81,149,0.6208333333333333,0.3653077862558458
81,150,0.625,0.3541496073141487
81,151,0.6291666666666667,0.34771602806309526
81,152,0.6333333333333333,0.3651458217061207
81,153,0.6375,0.36752604759859003
81,154,0.6416666666666667,0.3847381953676712
81,155,0.6458333333333334,0.39351256917337335
81,156,0.65,0.3833750312136255
81,157,0.6541666666666667,0.3892290609019299
81,158,0.6583333333333333,0.3690164189404794
81,159,0.6625,0.3605897749636577
81,160,0.6666666666666666,0.3701388840557032
81,161,0.6708333333333333,0.35534707172785257
81,162,0.675,0.3702173704869414
81,163,0.6791666666666667,0.4184641686822642
81,164,0.6833333333333333,0.41721847565918707
81,165,0.6875,0.420426468884445
81,166,0.6916666666666667,0.400904773511231
81,167,0.6958333333333333,0.4380936446867512
81,168,0.7,0.44678242138582724
81,169,0.7041666666666667,0.46261401411640235
81,170,0.7083333333333334,0.4607232906591468
81,171,0.7125,0.46386358649066217
81,172,0.7166666666666667,0.4720237666198214
81,173,0.7208333333333333,0.49042709635780624
81,174,0.725,0.5222505942421614
81,175,0.7291666666666666,0.5209918767850947
81,176,0.7333333333333333,0.5566901230772993
81,177,0.7375,0.5382635507322412
81,178,0.7416666666666667,0.5156344391226467
81,179,0.7458333333333333,0.5481484937630604
81,180,0.75,0.5608332775296598
81,181,0.7541666666666667,0.5730048798006255
81,182,0.7583333333333333,0.5446327097277434
81,183,0.7625,0.5235907243877589
81,184,0.7666666666666667,0.4819692066471982
81,185,0.7708333333333334,0.4988216085055251
81,186,0.775,0.5125824512117648
81,187,0.7791666666666667,0.5431126041613257
81,188,0.7833333333333333,0.5624306766991761
81,189,0.7875,0.545133877950184
81,190,0.7916666666666666,0.535895575308635
81,191,0.7958333333333333,0.5397754335386462
81,192,0.8,0.5904239974146698
81,193,0.8041666666666667,0.6167708719774392
81,194,0.8083333333333333,0.584847678351956
81,195,0.8125,0.6063888870091523
81,196,0.8166666666666667,0.6323444509348392
81,197,0.8208333333333333,0.6830718765021775
81,198,0.825,0.687127445119076
81,199,0.8291666666666667,0.7096199657429333
81,200,0.8333333333333334,0.706879102491762
81,201,0.8375,0.6952265791448803
81,202,0.8416666666666667,0.6714950520100664
81,203,0.8458333333333333,0.6692487833597547
81,204,0.85,0.6839339742645206
81,205,0.8541666666666666,0.6880580243409015
81,206,0.8583333333333333,0.6810291971647625
81,207,0.8625,0.6344853938638633
81,208,0.8666666666666667,0.6148132423007837
81,209,0.8708333333333333,0.6447414664768025
81,210,0.875,0.6351227288814123
81,211,0.8791666666666667,0.6396659575119115
81,212,0.8833333333333333,0.591335027157177
81,213,0.8875,0.6166244127388207
81,214,0.8916666666666667,0.6139910667183206
81,215,0.8958333333333334,0.6015987747805148
81,216,0.9,0.6218457814571845
81,217,0.9041666666666667,0.6415305077652752
81,218,0.9083333333333333,0.6244077997729119
81,219,0.9125,0.6211366884584797
81,220,0.9166666666666666,0.6386021312704167
81,221,0.9208333333333333,0.6372269260581084
81,222,0.925,0.678053075949161
81,223,0.9291666666666667,0.662991069862745
81,224,0.9333333333333333,0.65972948668233
81,225,0.9375,0.6821390954205826
81,226,0.9416666666666667,0.6878217504947404
81,227,0.9458333333333333,0.711851222606749
81,228,0.95,0.7168781272533834
81,229,0.9541666666666667,0.7314947263460067
81,230,0.9583333333333334,0.7660105280877622
81,231,0.9625,0.751916118741211
81,232,0.9666666666666667,0.7477787667496173
81,233,0.9708333333333333,0.7679244679104609
81,234,0.975,0.7790882923307154
81,235,0.9791666666666666,0.778945570897861
81,236,0.9833333333333333,0.788630037984811
81,237,0.9875,0.7768303167196493
81,238,0.9916666666666667,0.8117195477945458
81,239,0.9958333333333333,0.8086761152476496
81,240,1.0,0.7920019524413023
84,1,0.003745318352059925,0.28182470444716845
84,2,0.00749063670411985,0.31003119340679136
84,3,0.011235955056179775,0.30542545698949125
84,4,0.0149812734082397,0.3264120596545456
84,5,0.018726591760299626,0.30256753584748186
84,6,0.02247191011235955,0.31222364594005775
84,7,0.026217228464419477,0.3253975071409382
84,8,0.0299625468164794,0.32101702630548556
84,9,0.033707865168539325,0.3307404308471668
84,10,0.03745318352059925,0.3465383108928734
84,11,0.04119850187265917,0.3273625380431329
84,12,0.0449438202247191,0.32897765458725026
84,13,0.04868913857677903,0.3348184625883777
84,14,0.052434456928838954,0.3486684717244621
84,15,0.056179775280898875,0.35081126017794745
84,16,0.0599250936329588,0.35967107402061727
84,17,0.06367041198501873,0.3453604202955028
84,18,0.06741573033707865,0.34432844916577304
84,19,0.07116104868913857,0.3070161096169225
84,20,0.0749063670411985,0.33704152507175295
84,21,0.07865168539325842,0.3365932104674078
84,22,0.08239700374531835,0.3244153228661198
84,23,0.08614232209737828,0.31978581726519123
84,24,0.0898876404494382,0.3404906852820312
84,25,0.09363295880149813,0.3328628921080682
84,26,0.09737827715355805,0.3313939752983857
84,27,0.10112359550561797,0.37105445165339473
84,28,0.10486891385767791,0.3589289770603959
84,29,0.10861423220973783,0.3091406528848738
84,30,0.11235955056179775,0.3377111761207532
84,31,0.11610486891385768,0.31187606124732214
84,32,0.1198501872659176,0.32284342403867333
84,33,0.12359550561797752,0.28631913172341006
84,34,0.12734082397003746,0.3331577767089709
84,35,0.13108614232209737,0.331908141080143
84,36,0.1348314606741573,0.34086735209990154
84,37,0.13857677902621723,0.34605108522734634
84,38,0.14232209737827714,0.3582114843532703
84,39,0.14606741573033707,0.36984769868311196
84,40,0.149812734082397,0.3714709729592575
84,41,0.15355805243445692,0.3672110977485052
84,42,0.15730337078651685,0.34703247165659823
84,43,0.16104868913857678,0.35658501982156343
84,44,0.1647940074906367,0.39059040698821984
84,45,0.16853932584269662,0.3873280953689783
84,46,0.17228464419475656,0.4011686244166706
84,47,0.1760299625468165,0.41528943262906065
84,48,0.1797752808988764,0.4515760916863103
84,49,0.18352059925093633,0.4418109166052469
84,50,0.18726591760299627,0.4478548642690802
84,51,0.19101123595505617,0.44459019763281593
84,52,0.1947565543071161,0.4362732313889547
84,53,0.19850187265917604,0.4335267411537919
84,54,0.20224719101123595,0.40063269370585797
84,55,0.20599250936329588,0.43414773798391637
84,56,0.20973782771535582,0.44457408336394866
84,57,0.21348314606741572,0.4493035192326342
84,58,0.21722846441947566,0.4410716672108789
84,59,0.2209737827715356,0.43210149732093694
84,60,0.2247191011235955,0.410719998269045
84,61,0.22846441947565543,0.41083040108340313
84,62,0.23220973782771537,0.39732674033685483
84,63,0.23595505617977527,0.4010805320603209
84,64,0.2397003745318352,0.3864566705595502
84,65,0.24344569288389514,0.377917518170536
84,66,0.24719101123595505,0.37511836919292807
84,67,0.250936329588015,0.37998281887662916
84,68,0.2546816479400749,0.3730123221083912
84,69,0.25842696629213485,0.38957086995879114
84,70,0.26217228464419473,0.37288850886763075
84,71,0.26591760299625467,0.38668132831379787
84,72,0.2696629213483146,0.35765151387252286
84,73,0.27340823970037453,0.37069118162443243
84,74,0.27715355805243447,0.38566896637985537
84,75,0.2808988764044944,0.39481579537822314
84,76,0.2846441947565543,0.41196020269747563
84,77,0.2883895131086142,0.3863044541043143
84,78,0.29213483146067415,0.40063995962815413
84,79,0.2958801498127341,0.4046897257731741
84,80,0.299625468164794,0.40602905438692444
84,81,0.30337078651685395,0.42013845086005935
84,82,0.30711610486891383,0.4316989809278454
84,83,0.31086142322097376,0.4171254415468957
84,84,0.3146067415730337,0.4102184390267893
84,85,0.31835205992509363,0.3941977182366815
84,86,0.32209737827715357,0.36667190314141346
84,87,0.3258426966292135,0.3847760290665546
84,88,0.3295880149812734,0.39444022823009917
84,89,0.3333333333333333,0.41513742427467487
84,90,0.33707865168539325,0.4110118737036968
84,91,0.3408239700374532,0.4042017731338344
84,92,0.3445692883895131,0.42067703385445465
84,93,0.34831460674157305,0.3966965325913176
84,94,0.352059925093633,0.3955605738664101
84,95,0.35580524344569286,0.41003491229991673
84,96,0.3595505617977528,0.39452148899829165
84,97,0.36329588014981273,0.3851956664048583
84,98,0.36704119850187267,0.42601562696584167
84,99,0.3707865168539326,0.42609433198135
84,100,0.37453183520599254,0.4453385417223267
84,101,0.3782771535580524,0.4810961611778838
84,102,0.38202247191011235,0.48243559798027114
84,103,0.3857677902621723,0.46356058008052936
84,104,0.3895131086142322,0.472659511877007
84,105,0.39325842696629215,0.4950074770486047
84,106,0.3970037453183521,0.5031300041145087
84,107,0.40074906367041196,0.5124049866056002
84,108,0.4044943820224719,0.5285483263880911
84,109,0.40823970037453183,0.5559176519412504
84,110,0.41198501872659177,0.5455804272292724
84,111,0.4157303370786517,0.5406413863970871
84,112,0.41947565543071164,0.549303354693258
84,113,0.4232209737827715,0.5484731679936942
84,114,0.42696629213483145,0.5566346277310875
84,115,0.4307116104868914,0.5657521768535421
84,116,0.4344569288389513,0.5504351950418782
84,117,0.43820224719101125,0.5489240524573377
84,118,0.4419475655430712,0.5366369292872416
84,119,0.44569288389513106,0.49147982323482164
84,120,0.449438202247191,0.4695673165036907
84,121,0.45318352059925093,0.44672940785650045
84,122,0.45692883895131087,0.45644773716167075
84,123,0.4606741573033708,0.4735813949586662
84,124,0.46441947565543074,0.4522265652530256
84,125,0.4681647940074906,0.44773895740891784
84,126,0.47191011235955055,0.46747405577154355
84,127,0.4756554307116105,0.46121670367184375
84,128,0.4794007490636704,0.4499181348362314
84,129,0.48314606741573035,0.42773523433355554
84,130,0.4868913857677903,0.4200087292608961
84,131,0.49063670411985016,0.42071360109906014
84,132,0.4943820224719101,0.428138377823494
84,133,0.49812734082397003,0.4464953225971119
84,134,0.50187265917603,0.4783864539859395
84,135,0.5056179775280899,0.46613280492246406
84,136,0.5093632958801498,0.49105435121883856
84,137,0.5131086142322098,0.46416644662481543
84,138,0.5168539325842697,0.4696210727130543
84,139,0.5205992509363296,0.47338875667669883
84,140,0.5243445692883895,0.45749178296954063
84,141,0.5280898876404494,0.4509447652141847
84,142,0.5318352059925093,0.43915319717343015
84,143,0.5355805243445693,0.4325369825726658
84,144,0.5393258426966292,0.4782317900914214
84,145,0.5430711610486891,0.4947682854325664
84,146,0.5468164794007491,0.5029689488147603
84,147,0.550561797752809,0.51127703166962
84,148,0.5543071161048689,0.4974221848689939
84,149,0.5580524344569289,0.4730734764048611
84,150,0.5617977528089888,0.521270396032531
84,151,0.5655430711610487,0.528657432441409
84,152,0.5692883895131086,0.5236761591003556
84,153,0.5730337078651685,0.4769529464252697
84,154,0.5767790262172284,0.485697873012536
84,155,0.5805243445692884,0.5246329963356482
84,156,0.5842696629213483,0.5310312135503897
84,157,0.5880149812734082,0.5381064152550179
84,158,0.5917602996254682,0.5596721425109421
84,159,0.5955056179775281,0.5181573227605568
84,160,0.599250936329588,0.5165229347758629
84,161,0.602996254681648,0.5292326664438226
84,162,0.6067415730337079,0.5167022750856668
84,163,0.6104868913857678,0.5318869040903992
84,164,0.6142322097378277,0.5502382819956873
84,165,0.6179775280898876,0.5344460710045024
84,166,0.6217228464419475,0.5166531009415133
84,167,0.6254681647940075,0.5305561723328661
84,168,0.6292134831460674,0.5812792235787378
84,169,0.6329588014981273,0.5692597096883752
84,170,0.6367041198501873,0.5476130707990854
84,171,0.6404494382022472,0.5502468803237023
84,172,0.6441947565543071,0.5444272591043247
84,173,0.6479400749063671,0.5502839179587125
84,174,0.651685393258427,0.5806729740109791
84,175,0.6554307116104869,0.5819391037905355
84,176,0.6591760299625468,0.5664828338524064
84,177,0.6629213483146067,0.581804870469088
84,178,0.6666666666666666,0.6024451201207277
84,179,0.6704119850187266,0.5902664077933947
84,180,0.6741573033707865,0.5803227777522282
84,181,0.6779026217228464,0.5745306293580066
84,182,0.6816479400749064,0.594034318716617
84,183,0.6853932584269663,0.5714995003439379
84,184,0.6891385767790262,0.5724005168943219
84,185,0.6928838951310862,0.5726861696475147
84,186,0.6966292134831461,0.5621092794442628
84,187,0.700374531835206,0.6098333894507258
84,188,0.704119850187266,0.6032791139331373
84,189,0.7078651685393258,0.5945202188451754
84,190,0.7116104868913857,0.5805255345081667
84,191,0.7153558052434457,0.5757858848771381
84,192,0.7191011235955056,0.555830435874249
84,193,0.7228464419475655,0.5379930265811829
84,194,0.7265917602996255,0.5624073959289239
84,195,0.7303370786516854,0.6033436116365196
84,196,0.7340823970037453,0.6303827106662723
84,197,0.7378277153558053,0.6210148934540854
84,198,0.7415730337078652,0.662796322150884
84,199,0.7453183520599251,0.669134351468674
84,200,0.7490636704119851,0.6990199108121813
84,201,0.7528089887640449,0.7020515539794562
84,202,0.7565543071161048,0.6911058800597549
84,203,0.7602996254681648,0.6667679734408084
84,204,0.7640449438202247,0.6843155106935537
84,205,0.7677902621722846,0.6885825598386999
84,206,0.7715355805243446,0.69988015390512
84,207,0.7752808988764045,0.7145395342885794
84,208,0.7790262172284644,0.7249709633837516
84,209,0.7827715355805244,0.7235714006083083
84,210,0.7865168539325843,0.6882659162706115
84,211,0.7902621722846442,0.6455519120407858
84,212,0.7940074906367042,0.6567866179324096
84,213,0.797752808988764,0.6187248836634291
84,214,0.8014981273408239,0.6169935222438497
84,215,0.8052434456928839,0.6072979826700527
84,216,0.8089887640449438,0.6065934974744938
84,217,0.8127340823970037,0.5891445957398749
84,218,0.8164794007490637,0.6210267330165136
84,219,0.8202247191011236,0.6152612600190155
84,220,0.8239700374531835,0.6273317385277675
84,221,0.8277153558052435,0.6292764430135143
84,222,0.8314606741573034,0.6211769117045995
84,223,0.8352059925093633,0.6363086506394298
84,224,0.8389513108614233,0.602485290702202
84,225,0.8426966292134831,0.6148295832791175
84,226,0.846441947565543,0.6410227613484736
84,227,0.850187265917603,0.6528002556870871
84,228,0.8539325842696629,0.6549961612086389
84,229,0.8576779026217228,0.6677244267130235
84,230,0.8614232209737828,0.6648306294689513
84,231,0.8651685393258427,0.7109024642220294
84,232,0.8689138576779026,0.711661148614447
84,233,0.8726591760299626,0.698664634079503
84,234,0.8764044943820225,0.7249953674679261
84,235,0.8801498127340824,0.7336593426565743
84,236,0.8838951310861424,0.7633492040628916
84,237,0.8876404494382022,0.7912363061240542
84,238,0.8913857677902621,0.7549423659070726
84,239,0.8951310861423221,0.7688025830551318
84,240,0.898876404494382,0.7962873214868207
84,241,0.9026217228464419,0.7841028072057421
84,242,0.9063670411985019,0.785580801009905
84,243,0.9101123595505618,0.8091845809723073
84,244,0.9138576779026217,0.8114297724886632
84,245,0.9176029962546817,0.8093772048947758
84,246,0.9213483146067416,0.7905676651914457
84,247,0.9250936329588015,0.7992310306249093
84,248,0.9288389513108615,0.8243255348217807
84,249,0.9325842696629213,0.8104560883262373
84,250,0.9363295880149812,0.8210434656336714
84,251,0.9400749063670412,0.8067555917330834
84,252,0.9438202247191011,0.8112122284411628
84,253,0.947565543071161,0.8310475256935198
84,254,0.951310861423221,0.8423407316810477
84,255,0.9550561797752809,0.8262059751686665
84,256,0.9588014981273408,0.8508039671948392
84,257,0.9625468164794008,0.8710570758269495
84,258,0.9662921348314607,0.8566319661113734
84,259,0.9700374531835206,0.8855120364642661
84,260,0.9737827715355806,0.8941828868413043
84,261,0.9775280898876404,0.8874711489987865
84,262,0.9812734082397003,0.9032165111031171
84,263,0.9850187265917603,0.899561585213409
84,264,0.9887640449438202,0.9050146003859324
84,265,0.9925093632958801,0.8890358814713535
84,266,0.9962546816479401,0.8873645862618561
84,267,1.0,0.8851222450639417
91,1,0.007407407407407408,0.34693882107584256
91,2,0.014814814814814815,0.33440088718801547
91,3,0.022222222222222223,0.3536388464478284
91,4,0.02962962962962963,0.33443407033056816
91,5,0.037037037037037035,0.33699221634814774
91,6,0.044444444444444446,0.33434599994250297
91,7,0.05185185185185185,0.3261808653447374
91,8,0.05925925925925926,0.3194370788156616
91,9,0.06666666666666667,0.331695895723262
91,10,0.07407407407407407,0.3334903954603186
91,11,0.08148148148148149,0.34365267660100535
91,12,0.08888888888888889,0.34928484669208415
91,13,0.0962962962962963,0.3613999298528091
91,14,0.1037037037037037,0.33859818034112343
91,15,0.1111111111111111,0.34281637397405706
91,16,0.11851851851851852,0.35602429404454505
91,17,0.1259259259259259,0.37003862808673826
91,18,0.13333333333333333,0.377053270221054
91,19,0.14074074074074075,0.4019274448246541
91,20,0.14814814814814814,0.3981402633868165
91,21,0.15555555555555556,0.40892961826843016
91,22,0.16296296296296298,0.43210224671197844
91,23,0.17037037037037037,0.43234110537525083
91,24,0.17777777777777778,0.4004883221671884
91,25,0.18518518518518517,0.42703521804608585
91,26,0.1925925925925926,0.44076667777724843
91,27,0.2,0.416785668910323
91,28,0.2074074074074074,0.42206549738846016
91,29,0.21481481481481482,0.43246303466494157
91,30,0.2222222222222222,0.4198533897346868
91,31,0.22962962962962963,0.39841479979262534
91,32,0.23703703703703705,0.4032972515463831
91,33,0.24444444444444444,0.3749495569392377
91,34,0.2518518518518518,0.3604131366593751
91,35,0.25925925925925924,0.35440240225375974
91,36,0.26666666666666666,0.3662218367383912
91,37,0.2740740740740741,0.3680280265459012
91,38,0.2814814814814815,0.38587009422982377
91,39,0.28888888888888886,0.3959887475362776
91,40,0.2962962962962963,0.39230066121408974
91,41,0.3037037037037037,0.3752902989833157
91,42,0.3111111111111111,0.40154089291240885
91,43,0.31851851851851853,0.3793286624792167
91,44,0.32592592592592595,0.36715226136667894
91,45,0.3333333333333333,0.3995892045192886
91,46,0.34074074074074073,0.4252844611502928
91,47,0.34814814814814815,0.4254277534070177
91,48,0.35555555555555557,0.46161331317569193
91,49,0.362962962962963,0.4805962096389454
91,50,0.37037037037037035,0.4776305391084223
91,51,0.37777777777777777,0.4738905139086624
91,52,0.3851851851851852,0.4512062582068448
91,53,0.3925925925925926,0.44507394425396785
91,54,0.4,0.48315928561371385
91,55,0.4074074074074074,0.48001108598241016
91,56,0.4148148148148148,0.507482729602369
91,57,0.4222222222222222,0.5115581705472002
91,58,0.42962962962962964,0.523794916466539
91,59,0.43703703703703706,0.5330715183805266
91,60,0.4444444444444444,0.4902701114546032
91,61,0.45185185185185184,0.4690885106392191
91,62,0.45925925925925926,0.4583394227967144
91,63,0.4666666666666667,0.4318291036227406
91,64,0.4740740740740741,0.4150334011188395
91,65,0.48148148148148145,0.4474122734485399
91,66,0.4888888888888889,0.47235090913740985
91,67,0.4962962962962963,0.46526681851288887
91,68,0.5037037037037037,0.4788922939514889
91,69,0.5111111111111111,0.473585374848523
91,70,0.5185185185185185,0.48756895644301396
91,71,0.5259259259259259,0.459935260820761
91,72,0.5333333333333333,0.46741829516960776
91,73,0.5407407407407407,0.4765871643298818
91,74,0.5481481481481482,0.46948512660423386
91,75,0.5555555555555556,0.4812010030489723
91,76,0.562962962962963,0.5006982815565548
91,77,0.5703703703703704,0.5405763337548474
91,78,0.5777777777777777,0.5911739993848428
91,79,0.5851851851851851,0.6232967956747646
91,80,0.5925925925925926,0.6055864880711596
91,81,0.6,0.5922533516974156
91,82,0.6074074074074074,0.6185489768224538
91,83,0.6148148148148148,0.5986510070947482
91,84,0.6222222222222222,0.6019321129120219
91,85,0.6296296296296297,0.6097827663699525
91,86,0.6370370370370371,0.6507357371941618
91,87,0.6444444444444445,0.6613890118599971
91,88,0.6518518518518519,0.6604073623161755
91,89,0.6592592592592592,0.6802456531566757
91,90,0.6666666666666666,0.6807533126898
91,91,0.674074074074074,0.6903194281923545
91,92,0.6814814814814815,0.6558187971355695
91,93,0.6888888888888889,0.6342282560678096
91,94,0.6962962962962963,0.6086646117554183
91,95,0.7037037037037037,0.6213487701803939
91,96,0.7111111111111111,0.6168210771488809
91,97,0.7185185185185186,0.6239532155604095
91,98,0.725925925925926,0.6193470958007471
91,99,0.7333333333333333,0.6136015169409331
91,100,0.7407407407407407,0.5933019636979691
91,101,0.7481481481481481,0.5841288739492435
91,102,0.7555555555555555,0.6009345590346981
91,103,0.762962962962963,0.5960715765638879
91,104,0.7703703703703704,0.5975636223187204
91,105,0.7777777777777778,0.6015843791267376
91,106,0.7851851851851852,0.6085354383269612
91,107,0.7925925925925926,0.6309324737107097
91,108,0.8,0.6379044216083122
91,109,0.8074074074074075,0.6344845585889194
91,110,0.8148148148148148,0.6187147895993754
91,111,0.8222222222222222,0.5955285611458868
91,112,0.8296296296296296,0.602750034718013
91,113,0.837037037037037,0.6346603758478719
91,114,0.8444444444444444,0.6528662651954686
91,115,0.8518518518518519,0.6478263835493873
91,116,0.8592592592592593,0.6407557414101713
91,117,0.8666666666666667,0.6249266089454149
91,118,0.8740740740740741,0.6531469139050233
91,119,0.8814814814814815,0.6516277789217326
91,120,0.8888888888888888,0.6641910722083212
91,121,0.8962962962962963,0.6649753612227639
91,122,0.9037037037037037,0.6743605456743766
91,123,0.9111111111111111,0.6483531449657057
91,124,0.9185185185185185,0.6770045054018481
91,125,0.9259259259259259,0.705957838200026
91,126,0.9333333333333333,0.7428858738136999
91,127,0.9407407407407408,0.7699487173624958
91,128,0.9481481481481482,0.7696944937034707
91,129,0.9555555555555556,0.7699855513627196
91,130,0.9629629629629629,0.7990142312999589
91,131,0.9703703703703703,0.7991720690418129
91,132,0.9777777777777777,0.7990277108825682
91,133,0.9851851851851852,0.8010689296004121
91,134,0.9925925925925926,0.8034000330566902
91,135,1.0,0.8083369986738881
