timestamp,epoch,batch,train_loss,pinns_loss,train_acc,test_loss,test_pinns_loss,test_acc,learning_rate,elapsed_seconds,gpu_memory_allocated_gb
2025-09-03 23:31:40,0,0,0.25548070669174194,27.51887321472168,0.0071070194244384766,,,,2e-05,1.551300287246704,0.069390336
2025-09-03 23:31:40,0,1,0.2557325065135956,27.51886749267578,0.006515860557556152,,,,2e-05,1.6019585132598877,0.069376512
2025-09-03 23:31:40,0,2,0.2539195418357849,27.518863677978516,0.006506979465484619,,,,2e-05,1.6441659927368164,0.069358592
2025-09-03 23:31:40,0,3,0.2479984611272812,27.518877029418945,0.006948888301849365,,,,2e-05,1.697195053100586,0.069384704
2025-09-03 23:31:40,0,4,0.2458527684211731,27.518888473510742,0.00782543420791626,,,,2e-05,1.7488644123077393,0.069382656
2025-09-03 23:31:40,0,5,0.25987082719802856,27.5189151763916,0.010586380958557129,,,,2e-05,1.8029968738555908,0.069380096
2025-09-03 23:31:40,0,6,0.24650737643241882,27.51889991760254,0.009332537651062012,,,,2e-05,1.8613157272338867,0.06939136
2025-09-03 23:31:40,0,7,0.2554374039173126,27.518938064575195,0.013077139854431152,,,,2e-05,1.9215264320373535,0.06939392
2025-09-03 23:31:40,0,8,0.2625042498111725,27.51891326904297,0.010209441184997559,,,,2e-05,1.95900297164917,0.069343744
2025-09-03 23:31:40,0,9,0.2477763444185257,27.5189151763916,0.013040304183959961,,,,2e-05,2.025716543197632,0.06941184
2025-09-03 23:31:40,0,10,0.2505713701248169,27.518911361694336,0.012043952941894531,,,,2e-05,2.067152261734009,0.069358592
2025-09-03 23:31:40,0,11,0.24532486498355865,27.518917083740234,0.012375235557556152,,,,2e-05,2.120427370071411,0.069384704
2025-09-03 23:31:40,0,12,0.2554309070110321,27.518943786621094,0.01602119207382202,,,,2e-05,2.1760950088500977,0.069388288
2025-09-03 23:31:41,0,13,0.25300443172454834,27.518932342529297,0.015726685523986816,,,,2e-05,2.229356288909912,0.069384704
2025-09-03 23:31:41,0,14,0.24550797045230865,27.518953323364258,0.01650899648666382,,,,2e-05,2.278155565261841,0.069379072
2025-09-03 23:31:41,0,15,0.24782682955265045,27.51895523071289,0.01785445213317871,,,,2e-05,2.33152437210083,0.069384704
2025-09-03 23:31:41,0,16,0.25068116188049316,27.518964767456055,0.017766714096069336,,,,2e-05,2.382110595703125,0.069381632
2025-09-03 23:31:41,0,17,0.2514151632785797,27.518966674804688,0.018972039222717285,,,,2e-05,2.4341354370117188,0.069382656
2025-09-03 23:31:41,0,18,0.24166256189346313,27.518966674804688,0.017780065536499023,,,,2e-05,2.476926803588867,0.069369344
2025-09-03 23:31:41,0,19,0.25159400701522827,27.518983840942383,0.020019888877868652,,,,2e-05,2.523292303085327,0.069374464
2025-09-03 23:31:41,0,20,0.25212088227272034,27.518964767456055,0.019098758697509766,,,,2e-05,2.5663654804229736,0.06937088
2025-09-03 23:31:41,0,21,0.24776071310043335,27.51900291442871,0.023951709270477295,,,,2e-05,2.6271252632141113,0.069395968
2025-09-03 23:31:41,0,22,0.238725945353508,27.51901626586914,0.02397233247756958,,,,2e-05,2.684291362762451,0.069390336
2025-09-03 23:31:41,0,23,0.25681889057159424,27.519012451171875,0.022499799728393555,,,,2e-05,2.728031873703003,0.069371392
2025-09-03 23:31:41,0,24,0.2465229332447052,27.519014358520508,0.022882699966430664,,,,2e-05,2.7712948322296143,0.069369344
2025-09-03 23:31:41,0,25,0.24373388290405273,27.5190372467041,0.028190553188323975,,,,2e-05,2.84175968170166,0.0694272
2025-09-03 23:31:41,0,26,0.2492339164018631,27.51900863647461,0.02537161111831665,,,,2e-05,2.9027106761932373,0.06939392
2025-09-03 23:31:41,0,27,0.24432888627052307,27.519027709960938,0.026822447776794434,,,,2e-05,2.9598090648651123,0.069390336
2025-09-03 23:31:41,0,28,0.24006934463977814,27.519023895263672,0.0249178409576416,,,,2e-05,3.0028443336486816,0.06937088
2025-09-03 23:31:41,0,29,0.2419242262840271,27.5190486907959,0.02876979112625122,,,,2e-05,3.055649995803833,0.069384704
2025-09-03 23:31:41,0,30,0.242047518491745,27.51906394958496,0.02916163206100464,,,,2e-05,3.1083755493164062,0.069382656
2025-09-03 23:31:41,0,31,0.23539231717586517,27.519081115722656,0.03283613920211792,,,,2e-05,3.1822919845581055,0.069431808
2025-09-03 23:31:42,0,32,0.25151482224464417,27.51906394958496,0.031630098819732666,,,,2e-05,3.236531972885132,0.069385216
2025-09-03 23:31:42,0,33,0.236967995762825,27.51905059814453,0.029497802257537842,,,,2e-05,3.2860279083251953,0.069380096
2025-09-03 23:31:42,0,34,0.24017325043678284,27.519094467163086,0.03584188222885132,,,,2e-05,3.358088970184326,0.069429248
2025-09-03 23:31:42,0,35,0.2468409538269043,27.519041061401367,0.02977389097213745,,,,2e-05,3.4121615886688232,0.069385216
2025-09-03 23:31:42,0,36,0.2441224902868271,27.519073486328125,0.032342731952667236,,,,2e-05,3.4572925567626953,0.069371904
2025-09-03 23:31:42,0,37,0.2419145703315735,27.51911163330078,0.036186158657073975,,,,2e-05,3.5131897926330566,0.069388288
2025-09-03 23:31:42,0,38,0.24857357144355774,27.51909065246582,0.03304266929626465,,,,2e-05,3.5553841590881348,0.069368832
2025-09-03 23:31:42,0,39,0.23321355879306793,27.519136428833008,0.04177123308181763,,,,2e-05,3.655060291290283,0.069446656
2025-09-03 23:31:42,0,40,0.24483361840248108,27.519100189208984,0.03515589237213135,,,,2e-05,3.7007503509521484,0.069371904
2025-09-03 23:31:42,0,41,0.2349223792552948,27.519105911254883,0.03852486610412598,,,,2e-05,3.756943941116333,0.069388288
2025-09-03 23:31:42,0,42,0.24454817175865173,27.51912498474121,0.03904026746749878,,,,2e-05,3.8099071979522705,0.069384704
2025-09-03 23:31:42,0,43,0.23590508103370667,27.519136428833008,0.040281713008880615,,,,2e-05,3.8607473373413086,0.069380096
2025-09-03 23:31:42,0,44,0.24363388121128082,27.519140243530273,0.04088151454925537,,,,2e-05,3.912471294403076,0.069382144
2025-09-03 23:31:42,0,45,0.23104429244995117,27.519142150878906,0.04289501905441284,,,,2e-05,3.972599506378174,0.06939392
2025-09-03 23:31:42,0,46,0.24559804797172546,27.51914405822754,0.04168778657913208,,,,2e-05,4.021373987197876,0.069377536
2025-09-03 23:31:42,0,47,0.22900716960430145,27.519197463989258,0.04905259609222412,,,,2e-05,4.1055474281311035,0.069445632
2025-09-03 23:31:42,0,48,0.2303653061389923,27.519166946411133,0.04546874761581421,,,,2e-05,4.161059141159058,0.069387264
2025-09-03 23:31:43,0,49,0.24001145362854004,27.51912498474121,0.0391116738319397,,,,2e-05,4.199952125549316,0.069354496
2025-09-03 23:31:43,0,50,0.23220166563987732,27.519123077392578,0.041324496269226074,,,,2e-05,4.244882345199585,0.06937344
2025-09-03 23:31:43,0,51,0.23604626953601837,27.519166946411133,0.047633469104766846,,,,2e-05,4.30079197883606,0.069388288
2025-09-03 23:31:43,0,52,0.2356296181678772,27.51918601989746,0.047536611557006836,,,,2e-05,4.354539155960083,0.069385216
2025-09-03 23:31:43,0,53,0.2371235191822052,27.519216537475586,0.05177587270736694,,,,2e-05,4.4202189445495605,0.06941184
2025-09-03 23:31:43,0,54,0.25367048382759094,27.519145965576172,0.042535245418548584,,,,2e-05,4.459500789642334,0.069353984
2025-09-03 23:31:43,0,55,0.2423056662082672,27.519216537475586,0.051108598709106445,,,,2e-05,4.512894153594971,0.069385216
2025-09-03 23:31:43,0,56,0.23038898408412933,27.519176483154297,0.04869729280471802,,,,2e-05,4.55829930305481,0.069373952
2025-09-03 23:31:43,0,57,0.22861042618751526,27.519168853759766,0.04751318693161011,,,,2e-05,4.6044652462005615,0.069368832
2025-09-03 23:31:43,0,58,0.23423020541667938,27.5191707611084,0.04573523998260498,,,,2e-05,4.643608570098877,0.069354496
2025-09-03 23:31:43,0,59,0.22492343187332153,27.51919937133789,0.053395867347717285,,,,2e-05,4.703148365020752,0.06939392
2025-09-03 23:31:43,0,60,0.22644102573394775,27.519250869750977,0.05682802200317383,,,,2e-05,4.759463548660278,0.069388288
2025-09-03 23:31:43,0,61,0.2393035888671875,27.519264221191406,0.057111144065856934,,,,2e-05,4.81571364402771,0.069388288
2025-09-03 23:31:43,0,62,0.23087966442108154,27.519187927246094,0.05144995450973511,,,,2e-05,4.85919976234436,0.06937088
2025-09-03 23:31:43,0,63,0.23125366866588593,27.519227981567383,0.05574136972427368,,,,2e-05,4.907239198684692,0.069377536
2025-09-03 23:31:43,0,64,0.23865889012813568,27.519214630126953,0.0567857027053833,,,,2e-05,4.963685035705566,0.069388288
2025-09-03 23:31:43,0,65,0.22672884166240692,27.519243240356445,0.05948317050933838,,,,2e-05,5.017994403839111,0.069387264
2025-09-03 23:31:43,0,66,0.22850188612937927,27.519241333007812,0.06194239854812622,,,,2e-05,5.087090730667114,0.069414912
2025-09-03 23:31:43,0,67,0.2236216962337494,27.519248962402344,0.06042814254760742,,,,2e-05,5.139519691467285,0.069382656
2025-09-03 23:31:44,0,68,0.22176599502563477,27.51926040649414,0.06253159046173096,,,,2e-05,5.200899600982666,0.069395968
2025-09-03 23:31:44,0,69,0.22730745375156403,27.51929473876953,0.06490010023117065,,,,2e-05,5.260736703872681,0.06939392
2025-09-03 23:31:44,0,70,0.22682008147239685,27.519268035888672,0.06293505430221558,,,,2e-05,5.310100317001343,0.069380096
2025-09-03 23:31:44,0,71,0.22453442215919495,27.51924705505371,0.06277662515640259,,,,2e-05,5.361676216125488,0.069382656
2025-09-03 23:31:44,0,72,0.23255491256713867,27.519264221191406,0.062003493309020996,,,,2e-05,5.408758878707886,0.069376512
2025-09-03 23:31:44,0,73,0.21912585198879242,27.51933479309082,0.07472550868988037,,,,2e-05,5.498518705368042,0.069454336
2025-09-03 23:31:44,0,74,0.23336763679981232,27.519298553466797,0.0684390664100647,,,,2e-05,5.557132720947266,0.069388288
2025-09-03 23:31:44,0,75,0.22808067500591278,27.519325256347656,0.07267200946807861,,,,2e-05,5.627171993255615,0.06941696
2025-09-03 23:31:44,0,76,0.22907277941703796,27.519306182861328,0.06819647550582886,,,,2e-05,5.678962707519531,0.069382656
2025-09-03 23:31:44,0,77,0.21962596476078033,27.519338607788086,0.07743668556213379,,,,2e-05,5.757668495178223,0.069438464
2025-09-03 23:31:44,0,78,0.2192789763212204,27.519302368164062,0.0753631591796875,,,,2e-05,5.83071231842041,0.069429248
2025-09-03 23:31:44,0,79,0.23159004747867584,27.519309997558594,0.06973487138748169,,,,2e-05,5.881013870239258,0.069380096
2025-09-03 23:31:44,0,80,0.23083485662937164,27.519302368164062,0.07002264261245728,,,,2e-05,5.93013072013855,0.069377536
2025-09-03 23:31:44,0,81,0.23018582165241241,27.519296646118164,0.06890547275543213,,,,2e-05,5.973889112472534,0.069371392
2025-09-03 23:31:44,0,82,0.22961968183517456,27.519304275512695,0.0739891529083252,,,,2e-05,6.025723218917847,0.069382656
2025-09-03 23:31:44,0,83,0.2216084897518158,27.519344329833984,0.08083373308181763,,,,2e-05,6.096297740936279,0.069417472
2025-09-03 23:31:44,0,84,0.22186709940433502,27.51932716369629,0.07607102394104004,,,,2e-05,6.151997804641724,0.069382656
2025-09-03 23:31:45,0,85,0.22487081587314606,27.519319534301758,0.07470566034317017,,,,2e-05,6.200985431671143,0.069377536
2025-09-03 23:31:45,0,86,0.22213444113731384,27.519329071044922,0.0773431658744812,,,,2e-05,6.252847909927368,0.069382656
2025-09-03 23:31:45,0,87,0.22296486794948578,27.51935386657715,0.07751893997192383,,,,2e-05,6.299237489700317,0.069374464
2025-09-03 23:31:45,0,88,0.21132881939411163,27.519372940063477,0.08769285678863525,,,,2e-05,6.371258497238159,0.06942976
2025-09-03 23:31:45,0,89,0.22609272599220276,27.51934051513672,0.08165633678436279,,,,2e-05,6.427587985992432,0.069388288
2025-09-03 23:31:45,0,end,0.23823468304342693,27.5191253874037,0.041937338643603855,0.21666142493486404,27.519374275207518,0.08599490523338318,2e-05,6.645687580108643,0.069370368
2025-09-03 23:31:50,1,0,0.21374230086803436,27.51936149597168,0.08504146337509155,,,,2e-05,11.479841947555542,0.069414912
2025-09-03 23:31:50,1,1,0.21739637851715088,27.519380569458008,0.08364450931549072,,,,2e-05,11.533828020095825,0.069406208
2025-09-03 23:31:50,1,2,0.2093200981616974,27.519432067871094,0.09618014097213745,,,,2e-05,11.628276824951172,0.069470208
2025-09-03 23:31:50,1,3,0.21833786368370056,27.51938247680664,0.0869181752204895,,,,2e-05,11.69116735458374,0.069408768
2025-09-03 23:31:50,1,4,0.22472229599952698,27.51944351196289,0.08976322412490845,,,,2e-05,11.748214721679688,0.06941184
2025-09-03 23:31:50,1,5,0.20815619826316833,27.519420623779297,0.09799939393997192,,,,2e-05,11.82276177406311,0.06945536
2025-09-03 23:31:50,1,6,0.21341784298419952,27.51938247680664,0.08838945627212524,,,,2e-05,11.872001647949219,0.069402624
2025-09-03 23:31:50,1,7,0.2214057743549347,27.519380569458008,0.08672428131103516,,,,2e-05,11.920392751693726,0.069400064
2025-09-03 23:31:50,1,8,0.22267964482307434,27.519371032714844,0.08582234382629395,,,,2e-05,11.963987588882446,0.069394944
2025-09-03 23:31:50,1,9,0.2219880074262619,27.519390106201172,0.08956074714660645,,,,2e-05,12.013641834259033,0.069401088
2025-09-03 23:31:50,1,10,0.22247996926307678,27.519458770751953,0.09512686729431152,,,,2e-05,12.066930294036865,0.069408768
2025-09-03 23:31:50,1,11,0.21610158681869507,27.519493103027344,0.10037565231323242,,,,2e-05,12.126783609390259,0.069417472
2025-09-03 23:31:50,1,12,0.21241702139377594,27.519418716430664,0.09650617837905884,,,,2e-05,12.176604747772217,0.069403648
2025-09-03 23:31:51,1,13,0.2086530178785324,27.519474029541016,0.10626500844955444,,,,2e-05,12.248577356338501,0.0694528
2025-09-03 23:31:51,1,14,0.2071247547864914,27.519451141357422,0.10590183734893799,,,,2e-05,12.31632137298584,0.069435392
2025-09-03 23:31:51,1,15,0.21725529432296753,27.519437789916992,0.09617769718170166,,,,2e-05,12.363959550857544,0.069398016
2025-09-03 23:31:51,1,16,0.21773481369018555,27.519420623779297,0.101398766040802,,,,2e-05,12.420767068862915,0.06941184
2025-09-03 23:31:51,1,17,0.20924316346645355,27.519466400146484,0.10996311902999878,,,,2e-05,12.491542100906372,0.069441024
2025-09-03 23:31:51,1,18,0.2092253714799881,27.51940155029297,0.0966978669166565,,,,2e-05,12.535021305084229,0.069394432
2025-09-03 23:31:51,1,19,0.2028024047613144,27.519515991210938,0.11665266752243042,,,,2e-05,12.61342978477478,0.069462016
2025-09-03 23:31:51,1,20,0.19972829520702362,27.51954460144043,0.12072807550430298,,,,2e-05,12.704741716384888,0.069477888
2025-09-03 23:31:51,1,21,0.20652499794960022,27.519411087036133,0.10129392147064209,,,,2e-05,12.748783111572266,0.069392896
2025-09-03 23:31:51,1,22,0.20263457298278809,27.519468307495117,0.10977792739868164,,,,2e-05,12.80111026763916,0.069406208
2025-09-03 23:31:51,1,23,0.21242289245128632,27.51950454711914,0.1094408631324768,,,,2e-05,12.855409860610962,0.069408256
2025-09-03 23:31:51,1,24,0.21094892919063568,27.51942253112793,0.10266107320785522,,,,2e-05,12.89670991897583,0.069382144
2025-09-03 23:31:51,1,25,0.20216087996959686,27.51947593688965,0.11606031656265259,,,,2e-05,12.953262090682983,0.06941184
2025-09-03 23:31:51,1,26,0.20598919689655304,27.519569396972656,0.11775314807891846,,,,2e-05,13.010456085205078,0.069413888
2025-09-03 23:31:51,1,27,0.20158161222934723,27.519474029541016,0.11642962694168091,,,,2e-05,13.063583135604858,0.069408256
2025-09-03 23:31:51,1,28,0.20278292894363403,27.519563674926758,0.12156480550765991,,,,2e-05,13.127484798431396,0.069417472
2025-09-03 23:31:51,1,29,0.22150073945522308,27.519472122192383,0.10045552253723145,,,,2e-05,13.165391683578491,0.069367296
2025-09-03 23:31:52,1,30,0.21194025874137878,27.519556045532227,0.11685067415237427,,,,2e-05,13.21374797821045,0.069401088
2025-09-03 23:31:52,1,31,0.20596793293952942,27.519514083862305,0.11641561985015869,,,,2e-05,13.260785102844238,0.069400064
2025-09-03 23:31:52,1,32,0.20938712358474731,27.519498825073242,0.1220557689666748,,,,2e-05,13.313285827636719,0.069406208
2025-09-03 23:31:52,1,33,0.20522437989711761,27.51957893371582,0.12287497520446777,,,,2e-05,13.36536169052124,0.069406208
2025-09-03 23:31:52,1,34,0.19658218324184418,27.519512176513672,0.12701374292373657,,,,2e-05,13.417117357254028,0.069406208
2025-09-03 23:31:52,1,35,0.20612859725952148,27.519609451293945,0.12550246715545654,,,,2e-05,13.468997955322266,0.069405696
2025-09-03 23:31:52,1,36,0.2057628333568573,27.519485473632812,0.11319488286972046,,,,2e-05,13.50775694847107,0.069378048
2025-09-03 23:31:52,1,37,0.2074698954820633,27.519676208496094,0.1288246512413025,,,,2e-05,13.557579517364502,0.069403648
2025-09-03 23:31:52,1,38,0.20106951892375946,27.51949119567871,0.1226494312286377,,,,2e-05,13.601327657699585,0.069394432
2025-09-03 23:31:52,1,39,0.19586896896362305,27.51953887939453,0.13198894262313843,,,,2e-05,13.652941465377808,0.069406208
2025-09-03 23:31:52,1,40,0.20043864846229553,27.519594192504883,0.13327395915985107,,,,2e-05,13.705175638198853,0.069406208
2025-09-03 23:31:52,1,41,0.19144116342067719,27.51959991455078,0.1412622332572937,,,,2e-05,13.760167360305786,0.069410816
2025-09-03 23:31:52,1,42,0.202411487698555,27.51969337463379,0.14016348123550415,,,,2e-05,13.815618991851807,0.06941184
2025-09-03 23:31:52,1,43,0.20371733605861664,27.51953125,0.12229669094085693,,,,2e-05,13.854580163955688,0.069378048
2025-09-03 23:31:52,1,44,0.19320787489414215,27.519615173339844,0.14174383878707886,,,,2e-05,13.907196044921875,0.069408256
2025-09-03 23:31:52,1,45,0.18790709972381592,27.519620895385742,0.15022659301757812,,,,2e-05,13.967344522476196,0.069417472
2025-09-03 23:31:52,1,46,0.19106532633304596,27.51961898803711,0.148040771484375,,,,2e-05,14.022469520568848,0.069410816
2025-09-03 23:31:52,1,47,0.18650585412979126,27.51962661743164,0.15709584951400757,,,,2e-05,14.09446930885315,0.0694528
2025-09-03 23:31:52,1,48,0.1949687898159027,27.5196590423584,0.14631003141403198,,,,2e-05,14.148497104644775,0.069408256
2025-09-03 23:31:52,1,49,0.2150673270225525,27.519643783569336,0.12871605157852173,,,,2e-05,14.187307596206665,0.069377536
2025-09-03 23:31:53,1,50,0.19847437739372253,27.519765853881836,0.15100789070129395,,,,2e-05,14.241005420684814,0.069408768
2025-09-03 23:31:53,1,51,0.1879960149526596,27.519643783569336,0.16200798749923706,,,,2e-05,14.309555530548096,0.069438464
2025-09-03 23:31:53,1,52,0.1932954490184784,27.519760131835938,0.14982891082763672,,,,2e-05,14.35645318031311,0.069398016
2025-09-03 23:31:53,1,53,0.19606614112854004,27.519704818725586,0.14633548259735107,,,,2e-05,14.401439905166626,0.069395456
2025-09-03 23:31:53,1,54,0.1864788979291916,27.51974868774414,0.16049212217330933,,,,2e-05,14.454775333404541,0.069408256
2025-09-03 23:31:53,1,55,0.18829171359539032,27.51959800720215,0.15032559633255005,,,,2e-05,14.500105619430542,0.069396992
2025-09-03 23:31:53,1,56,0.1871313899755478,27.51963233947754,0.1519678235054016,,,,2e-05,14.542531728744507,0.069392384
2025-09-03 23:31:53,1,57,0.19111986458301544,27.5196590423584,0.15154612064361572,,,,2e-05,14.58395791053772,0.069382144
2025-09-03 23:31:53,1,58,0.1926165074110031,27.519638061523438,0.16041207313537598,,,,2e-05,14.636863708496094,0.069408768
2025-09-03 23:31:53,1,59,0.18791578710079193,27.5199031829834,0.17080318927764893,,,,2e-05,14.692461490631104,0.06941184
2025-09-03 23:31:53,1,60,0.18237024545669556,27.51993751525879,0.18115460872650146,,,,2e-05,14.764718532562256,0.069440512
2025-09-03 23:31:53,1,61,0.1819043755531311,27.519763946533203,0.17594748735427856,,,,2e-05,14.822502136230469,0.069413888
2025-09-03 23:31:53,1,62,0.18740461766719818,27.519794464111328,0.16581207513809204,,,,2e-05,14.868192195892334,0.069395456
2025-09-03 23:31:53,1,63,0.19369138777256012,27.519859313964844,0.16148322820663452,,,,2e-05,14.910122871398926,0.069392384
2025-09-03 23:31:53,1,64,0.17923706769943237,27.51974868774414,0.17568492889404297,,,,2e-05,14.959564924240112,0.069403648
2025-09-03 23:31:53,1,65,0.17829319834709167,27.520030975341797,0.19075673818588257,,,,2e-05,15.025686264038086,0.069435392
2025-09-03 23:31:53,1,66,0.17880570888519287,27.519874572753906,0.1812778115272522,,,,2e-05,15.078137874603271,0.069406208
2025-09-03 23:31:53,1,67,0.17792052030563354,27.519807815551758,0.17916512489318848,,,,2e-05,15.123651266098022,0.069397504
2025-09-03 23:31:53,1,68,0.17610442638397217,27.519893646240234,0.19199252128601074,,,,2e-05,15.179320096969604,0.06941184
2025-09-03 23:31:54,1,69,0.1781870424747467,27.519916534423828,0.18571531772613525,,,,2e-05,15.227845430374146,0.069401088
2025-09-03 23:31:54,1,70,0.1694328486919403,27.519882202148438,0.1975494623184204,,,,2e-05,15.287926435470581,0.069417472
2025-09-03 23:31:54,1,71,0.1774211972951889,27.519948959350586,0.19133508205413818,,,,2e-05,15.339057683944702,0.069405184
2025-09-03 23:31:54,1,72,0.17111782729625702,27.520084381103516,0.2055320143699646,,,,2e-05,15.400960445404053,0.06941952
2025-09-03 23:31:54,1,73,0.1632082462310791,27.520009994506836,0.2166750431060791,,,,2e-05,15.479090452194214,0.069453312
2025-09-03 23:31:54,1,74,0.16449153423309326,27.520132064819336,0.21903449296951294,,,,2e-05,15.559927940368652,0.069450752
2025-09-03 23:31:54,1,75,0.1764410436153412,27.51993179321289,0.19766390323638916,,,,2e-05,15.60887622833252,0.069401088
2025-09-03 23:31:54,1,76,0.1682627946138382,27.519943237304688,0.20676672458648682,,,,2e-05,15.662733316421509,0.069408256
2025-09-03 23:31:54,1,77,0.1721554845571518,27.519969940185547,0.21482402086257935,,,,2e-05,15.72298789024353,0.069417472
2025-09-03 23:31:54,1,78,0.1693185716867447,27.520036697387695,0.20943057537078857,,,,2e-05,15.777718782424927,0.069406208
2025-09-03 23:31:54,1,79,0.1536908745765686,27.5202579498291,0.24219238758087158,,,,2e-05,15.862014293670654,0.069469184
2025-09-03 23:31:54,1,80,0.17501609027385712,27.520000457763672,0.20027047395706177,,,,2e-05,15.906105756759644,0.069394432
2025-09-03 23:31:54,1,81,0.15868054330348969,27.52012062072754,0.23005926609039307,,,,2e-05,15.967058181762695,0.06941952
2025-09-03 23:31:54,1,82,0.17890439927577972,27.520160675048828,0.2079535722732544,,,,2e-05,16.010863304138184,0.069394944
2025-09-03 23:31:54,1,83,0.1708565354347229,27.520051956176758,0.22646194696426392,,,,2e-05,16.066609144210815,0.06941184
2025-09-03 23:31:54,1,84,0.15477517247200012,27.520204544067383,0.23986321687698364,,,,2e-05,16.123823881149292,0.069413888
2025-09-03 23:31:54,1,85,0.16813407838344574,27.520145416259766,0.2148118019104004,,,,2e-05,16.16689705848694,0.069392896
2025-09-03 23:31:55,1,86,0.15956197679042816,27.52031898498535,0.2399754524230957,,,,2e-05,16.22247338294983,0.06941184
2025-09-03 23:31:55,1,87,0.15421012043952942,27.52031898498535,0.2480369210243225,,,,2e-05,16.278138637542725,0.06941184
2025-09-03 23:31:55,1,88,0.16455459594726562,27.520286560058594,0.23503869771957397,,,,2e-05,16.327406644821167,0.069403648
2025-09-03 23:31:55,1,89,0.155009925365448,27.52032470703125,0.24612820148468018,,,,2e-05,16.377314805984497,0.069403648
2025-09-03 23:31:55,1,end,0.19356844491428798,27.519698503282335,0.14890106254153782,0.15283987671136856,27.52033634185791,0.2553470194339752,2e-05,16.518240451812744,0.06936576
2025-09-03 23:31:55,2,0,0.1511203944683075,27.520326614379883,0.2662432789802551,,,,2e-05,16.594406366348267,0.069441024
2025-09-03 23:31:55,2,1,0.15734970569610596,27.52025032043457,0.25737059116363525,,,,2e-05,16.65498423576355,0.069417472
2025-09-03 23:31:55,2,2,0.160893976688385,27.52016830444336,0.23614710569381714,,,,2e-05,16.69660997390747,0.069382144
2025-09-03 23:31:55,2,3,0.15514251589775085,27.520357131958008,0.2550874948501587,,,,2e-05,16.747324466705322,0.069405184
2025-09-03 23:31:55,2,4,0.14567695558071136,27.520336151123047,0.26873868703842163,,,,2e-05,16.808048486709595,0.069417472
2025-09-03 23:31:55,2,5,0.15099775791168213,27.5203857421875,0.26289188861846924,,,,2e-05,16.860509872436523,0.069406208
2025-09-03 23:31:55,2,6,0.14500649273395538,27.5203800201416,0.2753099799156189,,,,2e-05,16.916796922683716,0.06941184
2025-09-03 23:31:55,2,7,0.14650432765483856,27.52035903930664,0.2711838483810425,,,,2e-05,16.970204830169678,0.069408256
2025-09-03 23:31:55,2,8,0.16154001653194427,27.520488739013672,0.2584376931190491,,,,2e-05,17.014005661010742,0.069394944
2025-09-03 23:31:55,2,9,0.13697272539138794,27.520530700683594,0.30018186569213867,,,,2e-05,17.087194442749023,0.0694528
2025-09-03 23:31:55,2,10,0.14920982718467712,27.520620346069336,0.28138113021850586,,,,2e-05,17.140862941741943,0.069405696
2025-09-03 23:31:55,2,11,0.14885036647319794,27.52053451538086,0.277529239654541,,,,2e-05,17.190512895584106,0.069400064
2025-09-03 23:31:56,2,12,0.14858189225196838,27.5205078125,0.2905057668685913,,,,2e-05,17.246665716171265,0.06941184
2025-09-03 23:31:56,2,13,0.14760041236877441,27.5206356048584,0.2862568497657776,,,,2e-05,17.29327893257141,0.069398016
2025-09-03 23:31:56,2,14,0.1369297057390213,27.520631790161133,0.30783724784851074,,,,2e-05,17.349798917770386,0.069413888
2025-09-03 23:31:56,2,15,0.13555273413658142,27.520654678344727,0.31174343824386597,,,,2e-05,17.404502153396606,0.069410816
2025-09-03 23:31:56,2,16,0.1356399953365326,27.52095603942871,0.32485097646713257,,,,2e-05,17.463825464248657,0.069417472
2025-09-03 23:31:56,2,17,0.137034073472023,27.52083396911621,0.31339961290359497,,,,2e-05,17.515878200531006,0.069406208
2025-09-03 23:31:56,2,18,0.12845881283283234,27.520893096923828,0.3327404856681824,,,,2e-05,17.572216272354126,0.06941184
2025-09-03 23:31:56,2,19,0.11582989990711212,27.521102905273438,0.3652483820915222,,,,2e-05,17.656526803970337,0.069469184
2025-09-03 23:31:56,2,20,0.13571645319461823,27.52061653137207,0.3070659041404724,,,,2e-05,17.70025324821472,0.069392384
2025-09-03 23:31:56,2,21,0.1278160661458969,27.520870208740234,0.33175086975097656,,,,2e-05,17.749274015426636,0.069402624
2025-09-03 23:31:56,2,22,0.12874439358711243,27.520973205566406,0.33993881940841675,,,,2e-05,17.802987575531006,0.069408256
2025-09-03 23:31:56,2,23,0.11561934649944305,27.52107810974121,0.3679216504096985,,,,2e-05,17.87589716911316,0.069453312
2025-09-03 23:31:56,2,24,0.13308759033679962,27.520803451538086,0.32558757066726685,,,,2e-05,17.917566776275635,0.069382144
2025-09-03 23:31:56,2,25,0.12880393862724304,27.52107810974121,0.34667736291885376,,,,2e-05,17.96615958213806,0.069401088
2025-09-03 23:31:56,2,26,0.11600779742002487,27.52111053466797,0.3665239214897156,,,,2e-05,18.019543170928955,0.069406208
2025-09-03 23:31:56,2,27,0.10517486184835434,27.52145004272461,0.4069257974624634,,,,2e-05,18.097891092300415,0.069462016
2025-09-03 23:31:56,2,28,0.12551334500312805,27.52128028869629,0.3682210445404053,,,,2e-05,18.14776587486267,0.069401088
2025-09-03 23:31:57,2,29,0.09949757158756256,27.521570205688477,0.4241490960121155,,,,2e-05,18.232630968093872,0.069470208
2025-09-03 23:31:57,2,30,0.11378619819879532,27.521326065063477,0.3859350085258484,,,,2e-05,18.285728931427002,0.069406208
2025-09-03 23:31:57,2,31,0.10241515934467316,27.521520614624023,0.4166802167892456,,,,2e-05,18.360320329666138,0.06945536
2025-09-03 23:31:57,2,32,0.1102941706776619,27.521333694458008,0.3899095058441162,,,,2e-05,18.412658214569092,0.069406208
2025-09-03 23:31:57,2,33,0.1367870420217514,27.52123260498047,0.35743850469589233,,,,2e-05,18.4516544342041,0.069377536
2025-09-03 23:31:57,2,34,0.10194535553455353,27.521772384643555,0.4338344931602478,,,,2e-05,18.5154390335083,0.06941952
2025-09-03 23:31:57,2,35,0.10567415505647659,27.521577835083008,0.4169711470603943,,,,2e-05,18.56633973121643,0.069403648
2025-09-03 23:31:57,2,36,0.10719166696071625,27.521873474121094,0.43682581186294556,,,,2e-05,18.622214317321777,0.06941184
2025-09-03 23:31:57,2,37,0.0949418693780899,27.521806716918945,0.447123646736145,,,,2e-05,18.67980980873108,0.069413888
2025-09-03 23:31:57,2,38,0.09334129095077515,27.522180557250977,0.47361379861831665,,,,2e-05,18.749954223632812,0.069440512
2025-09-03 23:31:57,2,39,0.10239087790250778,27.52216148376465,0.45568615198135376,,,,2e-05,18.806639432907104,0.06941184
2025-09-03 23:31:57,2,40,0.08755503594875336,27.52212905883789,0.47067588567733765,,,,2e-05,18.873403310775757,0.069435392
2025-09-03 23:31:57,2,41,0.10253653675317764,27.521953582763672,0.44264304637908936,,,,2e-05,18.919179677963257,0.069395456
2025-09-03 23:31:57,2,42,0.0869932770729065,27.522382736206055,0.4931712746620178,,,,2e-05,18.979787826538086,0.069417472
2025-09-03 23:31:57,2,43,0.09467862546443939,27.52230453491211,0.4772776961326599,,,,2e-05,19.030505180358887,0.069403648
2025-09-03 23:31:57,2,44,0.11317938566207886,27.52192497253418,0.4316108822822571,,,,2e-05,19.06783938407898,0.069367296
2025-09-03 23:31:57,2,45,0.10034055262804031,27.522274017333984,0.4674004316329956,,,,2e-05,19.109570741653442,0.069392384
2025-09-03 23:31:57,2,46,0.08103208243846893,27.522607803344727,0.5174611806869507,,,,2e-05,19.162840366363525,0.069408256
2025-09-03 23:31:58,2,47,0.06547844409942627,27.523115158081055,0.5670192837715149,,,,2e-05,19.2521870136261,0.069477888
2025-09-03 23:31:58,2,48,0.08481942117214203,27.522695541381836,0.5153631567955017,,,,2e-05,19.29942560195923,0.069398016
2025-09-03 23:31:58,2,49,0.0754016786813736,27.52292823791504,0.5377665758132935,,,,2e-05,19.35176372528076,0.069406208
2025-09-03 23:31:58,2,50,0.06399928033351898,27.523372650146484,0.5833456516265869,,,,2e-05,19.42296552658081,0.069450752
2025-09-03 23:31:58,2,51,0.07950225472450256,27.522924423217773,0.5094947218894958,,,,2e-05,19.472909688949585,0.069401088
2025-09-03 23:31:58,2,52,0.077399842441082,27.522871017456055,0.5105991959571838,,,,2e-05,19.516895055770874,0.069394432
2025-09-03 23:31:58,2,53,0.07564393430948257,27.523277282714844,0.5172111988067627,,,,2e-05,19.573468446731567,0.06941184
2025-09-03 23:31:58,2,54,0.06363621354103088,27.52369499206543,0.5987838506698608,,,,2e-05,19.62988781929016,0.06941184
2025-09-03 23:31:58,2,55,0.06800440698862076,27.523347854614258,0.5398098230361938,,,,2e-05,19.679970741271973,0.069403648
2025-09-03 23:31:58,2,56,0.06777746975421906,27.523908615112305,0.5959374904632568,,,,2e-05,19.73102831840515,0.069403648
2025-09-03 23:31:58,2,57,0.05616644024848938,27.523908615112305,0.600618839263916,,,,2e-05,19.786378622055054,0.069410816
2025-09-03 23:31:58,2,58,0.055622171610593796,27.52391242980957,0.6047066450119019,,,,2e-05,19.832181692123413,0.069397504
2025-09-03 23:31:58,2,59,0.05353538691997528,27.524356842041016,0.594946026802063,,,,2e-05,19.90410041809082,0.069438464
2025-09-03 23:31:58,2,60,0.0524832047522068,27.52434730529785,0.6363810300827026,,,,2e-05,19.94754719734192,0.069392896
2025-09-03 23:31:58,2,61,0.04594215378165245,27.524715423583984,0.6636052131652832,,,,2e-05,19.995843172073364,0.069401088
2025-09-03 23:31:58,2,62,0.04255435988306999,27.52490997314453,0.651504635810852,,,,2e-05,20.056400299072266,0.06941952
2025-09-03 23:31:58,2,63,0.04440397024154663,27.525495529174805,0.6646696329116821,,,,2e-05,20.10998511314392,0.069408768
2025-09-03 23:31:58,2,64,0.03661990538239479,27.525468826293945,0.6965105533599854,,,,2e-05,20.155111074447632,0.069395456
2025-09-03 23:31:59,2,65,0.031327955424785614,27.525856018066406,0.7071355581283569,,,,2e-05,20.20551109313965,0.069403648
2025-09-03 23:31:59,2,66,0.04265275597572327,27.5257625579834,0.6446582078933716,,,,2e-05,20.258878231048584,0.069408768
2025-09-03 23:31:59,2,67,0.0330657958984375,27.526445388793945,0.7017984390258789,,,,2e-05,20.30289888381958,0.069394944
2025-09-03 23:31:59,2,68,0.028709031641483307,27.5267333984375,0.7110248804092407,,,,2e-05,20.359074115753174,0.06941184
2025-09-03 23:31:59,2,69,0.029081109911203384,27.526948928833008,0.7167428731918335,,,,2e-05,20.39809536933899,0.069378048
2025-09-03 23:31:59,2,70,0.02876555547118187,27.527292251586914,0.7153717279434204,,,,2e-05,20.441551208496094,0.069394432
2025-09-03 23:31:59,2,71,0.02881436049938202,27.52765464782715,0.7156929969787598,,,,2e-05,20.495056629180908,0.069408256
2025-09-03 23:31:59,2,72,0.03205035626888275,27.527441024780273,0.6858234405517578,,,,2e-05,20.55341362953186,0.069414912
2025-09-03 23:31:59,2,73,0.032491181045770645,27.528053283691406,0.703105092048645,,,,2e-05,20.609683990478516,0.06941184
2025-09-03 23:31:59,2,74,0.029983462765812874,27.527849197387695,0.7017166018486023,,,,2e-05,20.652911901474,0.069392896
2025-09-03 23:31:59,2,75,0.03414324298501015,27.52800941467285,0.6882079839706421,,,,2e-05,20.704814672470093,0.069406208
2025-09-03 23:31:59,2,76,0.03022822178900242,27.52838897705078,0.7138593792915344,,,,2e-05,20.76151132583618,0.069413888
2025-09-03 23:31:59,2,77,0.03278904780745506,27.528076171875,0.6818926334381104,,,,2e-05,20.813168048858643,0.069406208
2025-09-03 23:31:59,2,78,0.0313933864235878,27.528182983398438,0.6956053972244263,,,,2e-05,20.866350412368774,0.069408256
2025-09-03 23:31:59,2,79,0.032751865684986115,27.528770446777344,0.7117186784744263,,,,2e-05,20.920623779296875,0.069408768
2025-09-03 23:31:59,2,80,0.027211949229240417,27.528600692749023,0.7284430265426636,,,,2e-05,20.974194049835205,0.069408256
2025-09-03 23:31:59,2,81,0.027505604550242424,27.52851104736328,0.7214792370796204,,,,2e-05,21.017877101898193,0.069394432
2025-09-03 23:31:59,2,82,0.02409810945391655,27.528690338134766,0.7468324899673462,,,,2e-05,21.069075107574463,0.069406208
2025-09-03 23:31:59,2,83,0.025264976546168327,27.52884292602539,0.7403227686882019,,,,2e-05,21.13762617111206,0.069435392
2025-09-03 23:31:59,2,84,0.023062225431203842,27.528770446777344,0.7509992718696594,,,,2e-05,21.185285329818726,0.069400064
2025-09-03 23:32:00,2,85,0.025053543969988823,27.52855682373047,0.7346843481063843,,,,2e-05,21.243645191192627,0.069408768
2025-09-03 23:32:00,2,86,0.02774149924516678,27.528356552124023,0.7067700624465942,,,,2e-05,21.31433653831482,0.069417472
2025-09-03 23:32:00,2,87,0.021254215389490128,27.528799057006836,0.7625913619995117,,,,2e-05,21.394832372665405,0.0694528
2025-09-03 23:32:00,2,88,0.02387166954576969,27.528533935546875,0.7420486211776733,,,,2e-05,21.441325902938843,0.069378048
2025-09-03 23:32:00,2,89,0.027008868753910065,27.52829360961914,0.7111985683441162,,,,2e-05,21.492518424987793,0.069396992
2025-09-03 23:32:00,2,end,0.08539186405638853,27.52356463538276,0.5030011494954427,0.026308941654860973,27.528660392761232,0.7285146653652191,2e-05,21.644606351852417,0.069362176
2025-09-03 23:32:00,3,0,0.021847225725650787,27.528915405273438,0.7592329978942871,,,,2e-05,21.72801899909973,0.069435392
2025-09-03 23:32:00,3,1,0.021549271419644356,27.528722763061523,0.758224368095398,,,,2e-05,21.77272367477417,0.069392896
2025-09-03 23:32:00,3,2,0.020200828090310097,27.528703689575195,0.7593047022819519,,,,2e-05,21.856722116470337,0.069469184
2025-09-03 23:32:00,3,3,0.02077385038137436,27.528907775878906,0.7692926526069641,,,,2e-05,21.90791082382202,0.069403648
2025-09-03 23:32:00,3,4,0.02019369602203369,27.528825759887695,0.7711508274078369,,,,2e-05,21.952826738357544,0.069395456
2025-09-03 23:32:00,3,5,0.020106934010982513,27.528852462768555,0.7701663970947266,,,,2e-05,21.99770498275757,0.069395456
2025-09-03 23:32:00,3,6,0.01985674910247326,27.5288143157959,0.7705087065696716,,,,2e-05,22.036832332611084,0.069378048
2025-09-03 23:32:00,3,7,0.019500460475683212,27.52898406982422,0.7677158117294312,,,,2e-05,22.12601900100708,0.069477888
2025-09-03 23:32:00,3,8,0.025012189522385597,27.528669357299805,0.7205063104629517,,,,2e-05,22.182049989700317,0.069410816
2025-09-03 23:32:01,3,9,0.022237304598093033,27.528701782226562,0.737971305847168,,,,2e-05,22.225088357925415,0.069392896
2025-09-03 23:32:01,3,10,0.019446734338998795,27.529111862182617,0.7680424451828003,,,,2e-05,22.278329849243164,0.069408256
2025-09-03 23:32:01,3,11,0.019644660875201225,27.5294132232666,0.7755039930343628,,,,2e-05,22.348080158233643,0.069440512
2025-09-03 23:32:01,3,12,0.01749882660806179,27.529403686523438,0.7854222059249878,,,,2e-05,22.42057967185974,0.0694528
2025-09-03 23:32:01,3,13,0.018757592886686325,27.52940559387207,0.7756987810134888,,,,2e-05,22.47800898551941,0.06941184
2025-09-03 23:32:01,3,14,0.01733412593603134,27.529518127441406,0.7844159603118896,,,,2e-05,22.538472414016724,0.069417472
2025-09-03 23:32:01,3,15,0.01825701631605625,27.5296630859375,0.7864211201667786,,,,2e-05,22.58748698234558,0.069401088
2025-09-03 23:32:01,3,16,0.026640629395842552,27.5291748046875,0.7130539417266846,,,,2e-05,22.641071796417236,0.069408256
2025-09-03 23:32:01,3,17,0.02014962211251259,27.529468536376953,0.7566803097724915,,,,2e-05,22.692878484725952,0.069406208
2025-09-03 23:32:01,3,18,0.025790290907025337,27.529428482055664,0.7092773914337158,,,,2e-05,22.76652503013611,0.06945536
2025-09-03 23:32:01,3,19,0.020681820809841156,27.530086517333984,0.7658882141113281,,,,2e-05,22.815985441207886,0.069401088
2025-09-03 23:32:01,3,20,0.02442004717886448,27.529577255249023,0.7252888679504395,,,,2e-05,22.869491815567017,0.069408256
2025-09-03 23:32:01,3,21,0.019127409905195236,27.53017234802246,0.7772215604782104,,,,2e-05,22.920796871185303,0.069405696
2025-09-03 23:32:01,3,22,0.016207071021199226,27.530288696289062,0.7978386878967285,,,,2e-05,22.974020957946777,0.069408256
2025-09-03 23:32:01,3,23,0.019104542210698128,27.53026008605957,0.7742927074432373,,,,2e-05,23.02076268196106,0.069398016
2025-09-03 23:32:01,3,24,0.016392938792705536,27.530231475830078,0.7881596088409424,,,,2e-05,23.06232500076294,0.069382144
2025-09-03 23:32:01,3,25,0.019691484048962593,27.530170440673828,0.7625023126602173,,,,2e-05,23.1053249835968,0.069394432
2025-09-03 23:32:01,3,26,0.021858975291252136,27.530609130859375,0.7563938498497009,,,,2e-05,23.148946285247803,0.069394944
2025-09-03 23:32:02,3,27,0.02382620796561241,27.53018569946289,0.7275717854499817,,,,2e-05,23.207008123397827,0.069414912
2025-09-03 23:32:02,3,28,0.029971392825245857,27.530261993408203,0.6966811418533325,,,,2e-05,23.263675689697266,0.06941184
2025-09-03 23:32:02,3,29,0.03286686912178993,27.530170440673828,0.6880128383636475,,,,2e-05,23.31744122505188,0.069408768
2025-09-03 23:32:02,3,30,0.024594012647867203,27.530344009399414,0.7282269597053528,,,,2e-05,23.378421306610107,0.06941952
2025-09-03 23:32:02,3,31,0.015648914501070976,27.530704498291016,0.7902296781539917,,,,2e-05,23.463599681854248,0.069470208
2025-09-03 23:32:02,3,32,0.014927837997674942,27.5308895111084,0.8060232996940613,,,,2e-05,23.511340141296387,0.069400064
2025-09-03 23:32:02,3,33,0.019012749195098877,27.53067970275879,0.7693317532539368,,,,2e-05,23.55050778388977,0.069378048
2025-09-03 23:32:02,3,34,0.015643756836652756,27.531005859375,0.8046880960464478,,,,2e-05,23.602832555770874,0.069406208
2025-09-03 23:32:02,3,35,0.020010026171803474,27.531177520751953,0.7783326506614685,,,,2e-05,23.658153772354126,0.06941184
2025-09-03 23:32:02,3,36,0.015626639127731323,27.531057357788086,0.8059598207473755,,,,2e-05,23.705952882766724,0.069400064
2025-09-03 23:32:02,3,37,0.020931465551257133,27.531211853027344,0.7577645778656006,,,,2e-05,23.761821508407593,0.06941184
2025-09-03 23:32:02,3,38,0.02416437678039074,27.53068733215332,0.7234472036361694,,,,2e-05,23.833617448806763,0.0694528
2025-09-03 23:32:02,3,39,0.016425153240561485,27.531051635742188,0.7981688380241394,,,,2e-05,23.888612270355225,0.069406208
2025-09-03 23:32:02,3,40,0.014224328100681305,27.53114128112793,0.8098082542419434,,,,2e-05,23.941867351531982,0.069406208
2025-09-03 23:32:02,3,41,0.020427677780389786,27.530986785888672,0.7559522390365601,,,,2e-05,24.00852131843567,0.069435392
2025-09-03 23:32:02,3,42,0.016797255724668503,27.531383514404297,0.7938041687011719,,,,2e-05,24.064693689346313,0.06941184
2025-09-03 23:32:02,3,43,0.014908126555383205,27.53132438659668,0.8080161809921265,,,,2e-05,24.1083767414093,0.069394432
2025-09-03 23:32:02,3,44,0.016461839899420738,27.531240463256836,0.7868115901947021,,,,2e-05,24.1642746925354,0.06941184
2025-09-03 23:32:03,3,45,0.01527736522257328,27.53119659423828,0.7987573146820068,,,,2e-05,24.216962814331055,0.069406208
2025-09-03 23:32:03,3,46,0.018087439239025116,27.53143882751465,0.7741503715515137,,,,2e-05,24.277132987976074,0.069417472
2025-09-03 23:32:03,3,47,0.01678948849439621,27.5313720703125,0.781361997127533,,,,2e-05,24.323845624923706,0.069398016
2025-09-03 23:32:03,3,48,0.013931406661868095,27.531455993652344,0.8120697140693665,,,,2e-05,24.403189182281494,0.069462016
2025-09-03 23:32:03,3,49,0.013797277584671974,27.53138542175293,0.8077960014343262,,,,2e-05,24.45315718650818,0.069402624
2025-09-03 23:32:03,3,50,0.01975984126329422,27.531558990478516,0.7642351984977722,,,,2e-05,24.504021644592285,0.069403648
2025-09-03 23:32:03,3,51,0.02010250836610794,27.53130340576172,0.7564892768859863,,,,2e-05,24.561227083206177,0.069413888
2025-09-03 23:32:03,3,52,0.021938540041446686,27.53122901916504,0.7410708665847778,,,,2e-05,24.61906147003174,0.06941184
2025-09-03 23:32:03,3,53,0.02024197392165661,27.53182601928711,0.7720772624015808,,,,2e-05,24.658032417297363,0.069377536
2025-09-03 23:32:03,3,54,0.014861997216939926,27.531641006469727,0.8133087754249573,,,,2e-05,24.71177840232849,0.069406208
2025-09-03 23:32:03,3,55,0.0275858286768198,27.531232833862305,0.7048459053039551,,,,2e-05,24.78017234802246,0.069438464
2025-09-03 23:32:03,3,56,0.01647200621664524,27.531970977783203,0.8054316639900208,,,,2e-05,24.835551261901855,0.069408768
2025-09-03 23:32:03,3,57,0.024584423750638962,27.53123664855957,0.7278863191604614,,,,2e-05,24.881099224090576,0.069396992
2025-09-03 23:32:03,3,58,0.014841398224234581,27.531917572021484,0.8116376399993896,,,,2e-05,24.924843311309814,0.069394944
2025-09-03 23:32:03,3,59,0.020537611097097397,27.531484603881836,0.7453052997589111,,,,2e-05,24.98034906387329,0.069410816
2025-09-03 23:32:03,3,60,0.016829650849103928,27.531705856323242,0.7805041074752808,,,,2e-05,25.02621579170227,0.069397504
2025-09-03 23:32:03,3,61,0.015988295897841454,27.53176498413086,0.7896262407302856,,,,2e-05,25.06774592399597,0.069382144
2025-09-03 23:32:03,3,62,0.01291782595217228,27.53205108642578,0.8267073631286621,,,,2e-05,25.128421306610107,0.06941952
2025-09-03 23:32:03,3,63,0.013430379331111908,27.531963348388672,0.8076152205467224,,,,2e-05,25.179891347885132,0.069403648
2025-09-03 23:32:04,3,64,0.026714157313108444,27.53138542175293,0.7156851887702942,,,,2e-05,25.24073600769043,0.069417472
2025-09-03 23:32:04,3,65,0.0138236740604043,27.53200340270996,0.8159899115562439,,,,2e-05,25.29385256767273,0.069406208
2025-09-03 23:32:04,3,66,0.022085314616560936,27.531766891479492,0.7516635656356812,,,,2e-05,25.34315252304077,0.069401088
2025-09-03 23:32:04,3,67,0.029454203322529793,27.53171157836914,0.7109559774398804,,,,2e-05,25.399441242218018,0.06941184
2025-09-03 23:32:04,3,68,0.02762298285961151,27.5314998626709,0.7040995955467224,,,,2e-05,25.44965648651123,0.069403648
2025-09-03 23:32:04,3,69,0.01269624661654234,27.532142639160156,0.8233695030212402,,,,2e-05,25.52149224281311,0.069450752
2025-09-03 23:32:04,3,70,0.016409683972597122,27.53196144104004,0.7868568897247314,,,,2e-05,25.57200264930725,0.069403648
2025-09-03 23:32:04,3,71,0.01707654446363449,27.53180694580078,0.7731704115867615,,,,2e-05,25.629784107208252,0.069413888
2025-09-03 23:32:04,3,72,0.018523795530200005,27.532257080078125,0.7792847156524658,,,,2e-05,25.66686177253723,0.069367296
2025-09-03 23:32:04,3,73,0.02421225793659687,27.531614303588867,0.7264535427093506,,,,2e-05,25.726890802383423,0.069417472
2025-09-03 23:32:04,3,74,0.021094297990202904,27.531736373901367,0.7432132959365845,,,,2e-05,25.770426273345947,0.069392384
2025-09-03 23:32:04,3,75,0.014457819983363152,27.532194137573242,0.81919926404953,,,,2e-05,25.823230981826782,0.069408256
2025-09-03 23:32:04,3,76,0.016271082684397697,27.532058715820312,0.8019248843193054,,,,2e-05,25.874201774597168,0.069405184
2025-09-03 23:32:04,3,77,0.019767794758081436,27.53191375732422,0.7656608819961548,,,,2e-05,25.927582502365112,0.069408768
2025-09-03 23:32:04,3,78,0.017379723489284515,27.532323837280273,0.7827694416046143,,,,2e-05,25.969656467437744,0.069392384
2025-09-03 23:32:04,3,79,0.013722899369895458,27.532184600830078,0.8150007724761963,,,,2e-05,26.017656564712524,0.069401088
2025-09-03 23:32:04,3,80,0.016991978511214256,27.531991958618164,0.772896945476532,,,,2e-05,26.073686122894287,0.06941184
2025-09-03 23:32:04,3,81,0.02461819536983967,27.531686782836914,0.7231281995773315,,,,2e-05,26.127668142318726,0.069406208
2025-09-03 23:32:04,3,82,0.02577890083193779,27.531904220581055,0.7282699346542358,,,,2e-05,26.180792093276978,0.069406208
2025-09-03 23:32:05,3,83,0.022576700896024704,27.531906127929688,0.7424876689910889,,,,2e-05,26.25174641609192,0.069441024
2025-09-03 23:32:05,3,84,0.01750284619629383,27.532472610473633,0.7853367328643799,,,,2e-05,26.30610179901123,0.069408768
2025-09-03 23:32:05,3,85,0.0142595199868083,27.532251358032227,0.8172686100006104,,,,2e-05,26.361331462860107,0.069408256
2025-09-03 23:32:05,3,86,0.014485245570540428,27.53230094909668,0.8059947490692139,,,,2e-05,26.417854070663452,0.069413888
2025-09-03 23:32:05,3,87,0.025008680298924446,27.53168487548828,0.7222706079483032,,,,2e-05,26.4917094707489,0.069453312
2025-09-03 23:32:05,3,88,0.02767956629395485,27.531858444213867,0.7212731242179871,,,,2e-05,26.55229377746582,0.069417472
2025-09-03 23:32:05,3,89,0.018411986529827118,27.532007217407227,0.7728111743927002,,,,2e-05,26.602465391159058,0.069394432
2025-09-03 23:32:05,3,end,0.019615025394078757,27.530888281928167,0.7682546582486894,0.02064166693016887,27.53216209411621,0.7685681581497192,2e-05,26.75153088569641,0.06936064
2025-09-03 23:32:05,4,0,0.015952423214912415,27.53254508972168,0.8116327524185181,,,,2e-05,26.81142568588257,0.069408768
2025-09-03 23:32:05,4,1,0.0194908045232296,27.532020568847656,0.7636635899543762,,,,2e-05,26.8692147731781,0.069413888
2025-09-03 23:32:05,4,2,0.01686970517039299,27.532381057739258,0.783224880695343,,,,2e-05,26.930131196975708,0.069417472
2025-09-03 23:32:05,4,3,0.02695089764893055,27.531797409057617,0.712296724319458,,,,2e-05,26.99999976158142,0.069438464
2025-09-03 23:32:05,4,4,0.01964830420911312,27.532052993774414,0.7651411890983582,,,,2e-05,27.067126035690308,0.069435392
2025-09-03 23:32:05,4,5,0.023980461061000824,27.531829833984375,0.7352359294891357,,,,2e-05,27.129976511001587,0.06941952
2025-09-03 23:32:05,4,6,0.012676527723670006,27.532493591308594,0.8277456760406494,,,,2e-05,27.184048891067505,0.069408256
2025-09-03 23:32:06,4,7,0.024018125608563423,27.531755447387695,0.7350909113883972,,,,2e-05,27.23079562187195,0.069396992
2025-09-03 23:32:06,4,8,0.015432974323630333,27.532241821289062,0.7962712049484253,,,,2e-05,27.287283658981323,0.06941184
2025-09-03 23:32:06,4,9,0.013189434073865414,27.53251838684082,0.8223236799240112,,,,2e-05,27.3543438911438,0.069435392
2025-09-03 23:32:06,4,10,0.012740770354866982,27.532453536987305,0.8307982087135315,,,,2e-05,27.41562056541443,0.06941952
2025-09-03 23:32:06,4,11,0.03233977034687996,27.53171157836914,0.6967961192131042,,,,2e-05,27.46998620033264,0.069408768
2025-09-03 23:32:06,4,12,0.013766860589385033,27.532413482666016,0.8237617015838623,,,,2e-05,27.518336534500122,0.069400064
2025-09-03 23:32:06,4,13,0.01460309699177742,27.53240966796875,0.8046348094940186,,,,2e-05,27.575918912887573,0.069413888
2025-09-03 23:32:06,4,14,0.022094769403338432,27.532024383544922,0.7469280958175659,,,,2e-05,27.646405696868896,0.069441024
2025-09-03 23:32:06,4,15,0.014462573453783989,27.532222747802734,0.8084445595741272,,,,2e-05,27.699394941329956,0.069406208
2025-09-03 23:32:06,4,16,0.02701970562338829,27.531766891479492,0.7098255157470703,,,,2e-05,27.74886655807495,0.069403648
2025-09-03 23:32:06,4,17,0.018978599458932877,27.532588958740234,0.7700003385543823,,,,2e-05,27.8060462474823,0.06941184
2025-09-03 23:32:06,4,18,0.014127235859632492,27.532442092895508,0.8239494562149048,,,,2e-05,27.859503507614136,0.069408256
2025-09-03 23:32:06,4,19,0.025934195145964622,27.53173065185547,0.7243728637695312,,,,2e-05,27.92070174217224,0.069417472
2025-09-03 23:32:06,4,20,0.024717601016163826,27.531827926635742,0.719023585319519,,,,2e-05,27.995534420013428,0.06945536
2025-09-03 23:32:06,4,21,0.01777932606637478,27.532655715942383,0.782364010810852,,,,2e-05,28.050151109695435,0.069408768
2025-09-03 23:32:06,4,22,0.02261338196694851,27.53191566467285,0.7413225173950195,,,,2e-05,28.109122037887573,0.069414912
2025-09-03 23:32:06,4,23,0.012738073244690895,27.532438278198242,0.821483850479126,,,,2e-05,28.16910219192505,0.069417472
2025-09-03 23:32:07,4,24,0.017878176644444466,27.532190322875977,0.7764388918876648,,,,2e-05,28.208703994750977,0.069378048
2025-09-03 23:32:07,4,25,0.013316795229911804,27.532386779785156,0.8228150010108948,,,,2e-05,28.26736879348755,0.069406208
2025-09-03 23:32:07,4,26,0.015815330669283867,27.53230857849121,0.8068631887435913,,,,2e-05,28.325879096984863,0.069405184
2025-09-03 23:32:07,4,27,0.012781494297087193,27.532480239868164,0.8243715763092041,,,,2e-05,28.398622035980225,0.0694528
2025-09-03 23:32:07,4,28,0.02362011931836605,27.531869888305664,0.7322722673416138,,,,2e-05,28.459221839904785,0.069417472
2025-09-03 23:32:07,4,29,0.015741579234600067,27.532512664794922,0.7960624694824219,,,,2e-05,28.5057475566864,0.069398016
2025-09-03 23:32:07,4,30,0.01756669022142887,27.532623291015625,0.7811665534973145,,,,2e-05,28.547747373580933,0.069392384
2025-09-03 23:32:07,4,31,0.017102310433983803,27.532743453979492,0.7978977560997009,,,,2e-05,28.60289692878723,0.06941184
2025-09-03 23:32:07,4,32,0.027153536677360535,27.532039642333984,0.7257920503616333,,,,2e-05,28.663202047348022,0.069417472
2025-09-03 23:32:07,4,33,0.013465745374560356,27.53253173828125,0.8182238936424255,,,,2e-05,28.719838857650757,0.06941184
2025-09-03 23:32:07,4,34,0.021198099479079247,27.532203674316406,0.7604478001594543,,,,2e-05,28.769286394119263,0.069401088
2025-09-03 23:32:07,4,35,0.016185183078050613,27.53233528137207,0.7884162068367004,,,,2e-05,28.815489292144775,0.069397504
2025-09-03 23:32:07,4,36,0.015689009800553322,27.532533645629883,0.7893408536911011,,,,2e-05,28.86157512664795,0.069398016
2025-09-03 23:32:07,4,37,0.0127932820469141,27.532745361328125,0.8320081233978271,,,,2e-05,28.91018319129944,0.069401088
2025-09-03 23:32:07,4,38,0.012780562974512577,27.532588958740234,0.8247939944267273,,,,2e-05,28.98873019218445,0.069462016
2025-09-03 23:32:07,4,39,0.013966602273285389,27.53252601623535,0.8090081214904785,,,,2e-05,29.030226707458496,0.069382144
2025-09-03 23:32:07,4,40,0.014998437836766243,27.532493591308594,0.8017144203186035,,,,2e-05,29.120023727416992,0.069477888
2025-09-03 23:32:07,4,41,0.018492383882403374,27.532730102539062,0.7729461193084717,,,,2e-05,29.170986890792847,0.069403648
2025-09-03 23:32:08,4,42,0.01323220506310463,27.532732009887695,0.8243924379348755,,,,2e-05,29.213919401168823,0.069394432
2025-09-03 23:32:08,4,43,0.015494216233491898,27.532529830932617,0.7957514524459839,,,,2e-05,29.254987955093384,0.069382144
2025-09-03 23:32:08,4,44,0.028804928064346313,27.532289505004883,0.7174709439277649,,,,2e-05,29.31108260154724,0.06941184
2025-09-03 23:32:08,4,45,0.020915687084197998,27.532283782958984,0.745376706123352,,,,2e-05,29.353707551956177,0.069392384
2025-09-03 23:32:08,4,46,0.013807876035571098,27.53258514404297,0.8053948879241943,,,,2e-05,29.43764901161194,0.069470208
2025-09-03 23:32:08,4,47,0.0236029215157032,27.532224655151367,0.7327319979667664,,,,2e-05,29.510014295578003,0.0694528
2025-09-03 23:32:08,4,48,0.01950274035334587,27.532451629638672,0.7683442234992981,,,,2e-05,29.563573598861694,0.069408768
2025-09-03 23:32:08,4,49,0.020074771717190742,27.532316207885742,0.750006377696991,,,,2e-05,29.618013620376587,0.069410816
2025-09-03 23:32:08,4,50,0.02336474321782589,27.532184600830078,0.7396001219749451,,,,2e-05,29.6716091632843,0.069408256
2025-09-03 23:32:08,4,51,0.01544987317174673,27.532995223999023,0.8052806854248047,,,,2e-05,29.7198703289032,0.069401088
2025-09-03 23:32:08,4,52,0.01534459087997675,27.532501220703125,0.7923654317855835,,,,2e-05,29.803322315216064,0.069469184
2025-09-03 23:32:08,4,53,0.014706248417496681,27.532901763916016,0.8073736429214478,,,,2e-05,29.859017848968506,0.06941184
2025-09-03 23:32:08,4,54,0.021240580826997757,27.532283782958984,0.7511374950408936,,,,2e-05,29.91567897796631,0.06941184
2025-09-03 23:32:08,4,55,0.013018636964261532,27.532827377319336,0.826117992401123,,,,2e-05,29.968220233917236,0.069406208
2025-09-03 23:32:08,4,56,0.013515730388462543,27.532756805419922,0.8183101415634155,,,,2e-05,30.01106286048889,0.069392896
2025-09-03 23:32:08,4,57,0.016711167991161346,27.532373428344727,0.7778323292732239,,,,2e-05,30.068277597427368,0.069413888
2025-09-03 23:32:08,4,58,0.012953207828104496,27.532758712768555,0.8242011070251465,,,,2e-05,30.107266426086426,0.069378048
2025-09-03 23:32:08,4,59,0.017767511308193207,27.532445907592773,0.7822936773300171,,,,2e-05,30.15010380744934,0.069394432
2025-09-03 23:32:09,4,60,0.016005149111151695,27.532560348510742,0.7906557321548462,,,,2e-05,30.199492692947388,0.069403648
2025-09-03 23:32:09,4,61,0.013646694831550121,27.532798767089844,0.8182166814804077,,,,2e-05,30.24418044090271,0.069395456
2025-09-03 23:32:09,4,62,0.012619069777429104,27.53270721435547,0.8236730098724365,,,,2e-05,30.29593825340271,0.069406208
2025-09-03 23:32:09,4,63,0.02575078420341015,27.5321044921875,0.727031946182251,,,,2e-05,30.34847116470337,0.069408256
2025-09-03 23:32:09,4,64,0.024375930428504944,27.53213882446289,0.7259668111801147,,,,2e-05,30.40000605583191,0.069406208
2025-09-03 23:32:09,4,65,0.029361305758357048,27.532211303710938,0.7055706977844238,,,,2e-05,30.45771884918213,0.06941184
2025-09-03 23:32:09,4,66,0.017842991277575493,27.532373428344727,0.7794456481933594,,,,2e-05,30.518828630447388,0.069406208
2025-09-03 23:32:09,4,67,0.013296512886881828,27.532718658447266,0.819095253944397,,,,2e-05,30.575318813323975,0.069401088
2025-09-03 23:32:09,4,68,0.012944079004228115,27.532703399658203,0.8115971684455872,,,,2e-05,30.626448154449463,0.069403648
2025-09-03 23:32:09,4,69,0.014073561877012253,27.532651901245117,0.812797486782074,,,,2e-05,30.67954730987549,0.069408256
2025-09-03 23:32:09,4,70,0.024755537509918213,27.532047271728516,0.7260127663612366,,,,2e-05,30.752094507217407,0.069453312
2025-09-03 23:32:09,4,71,0.0252927765250206,27.532304763793945,0.7331879138946533,,,,2e-05,30.805310010910034,0.069406208
2025-09-03 23:32:09,4,72,0.022575128823518753,27.532150268554688,0.739438533782959,,,,2e-05,30.861013650894165,0.069410816
2025-09-03 23:32:09,4,73,0.013965482823550701,27.53265953063965,0.8226208090782166,,,,2e-05,30.912903785705566,0.069406208
2025-09-03 23:32:09,4,74,0.01926056481897831,27.5322265625,0.7588571310043335,,,,2e-05,30.95601511001587,0.069392896
2025-09-03 23:32:09,4,75,0.012838579714298248,27.532855987548828,0.8326737880706787,,,,2e-05,31.005576372146606,0.069403648
2025-09-03 23:32:09,4,76,0.012566870078444481,27.53274154663086,0.8321968913078308,,,,2e-05,31.050387859344482,0.069395456
2025-09-03 23:32:09,4,77,0.0192753616720438,27.532970428466797,0.7782546877861023,,,,2e-05,31.089003801345825,0.069377536
2025-09-03 23:32:09,4,78,0.014718585647642612,27.532564163208008,0.8146146535873413,,,,2e-05,31.14069628715515,0.069406208
2025-09-03 23:32:09,4,79,0.018366053700447083,27.53290367126465,0.7793723344802856,,,,2e-05,31.184054851531982,0.069394944
2025-09-03 23:32:10,4,80,0.018447145819664,27.532901763916016,0.7790926694869995,,,,2e-05,31.221019506454468,0.069367296
2025-09-03 23:32:10,4,81,0.014043773524463177,27.532896041870117,0.8183780908584595,,,,2e-05,31.26430654525757,0.069394944
2025-09-03 23:32:10,4,82,0.013948063366115093,27.532773971557617,0.8209229707717896,,,,2e-05,31.31745672225952,0.069408256
2025-09-03 23:32:10,4,83,0.012440994381904602,27.53287124633789,0.8274980783462524,,,,2e-05,31.364174604415894,0.069400064
2025-09-03 23:32:10,4,84,0.01413234043866396,27.533016204833984,0.8160097599029541,,,,2e-05,31.41539692878723,0.069405696
2025-09-03 23:32:10,4,85,0.012537168338894844,27.532773971557617,0.8202060461044312,,,,2e-05,31.464455366134644,0.069402624
2025-09-03 23:32:10,4,86,0.012083036825060844,27.532936096191406,0.8303689956665039,,,,2e-05,31.534812688827515,0.069450752
2025-09-03 23:32:10,4,87,0.012768367305397987,27.533124923706055,0.8291069269180298,,,,2e-05,31.604830026626587,0.069440512
2025-09-03 23:32:10,4,88,0.018244879320263863,27.53264045715332,0.775102972984314,,,,2e-05,31.6478009223938,0.069394432
2025-09-03 23:32:10,4,89,0.016701243817806244,27.532730102539062,0.7749800682067871,,,,2e-05,31.703773736953735,0.06941184
2025-09-03 23:32:10,4,end,0.017678406969126727,27.532450887891983,0.7844871070649889,0.02030897093936801,27.532854652404787,0.7710570514202117,2e-05,31.855969667434692,0.069370368
2025-09-03 23:32:10,5,0,0.032946255058050156,27.53228187561035,0.6938586235046387,,,,2e-05,31.915032386779785,0.069408768
2025-09-03 23:32:10,5,1,0.022929100319743156,27.53244972229004,0.736396312713623,,,,2e-05,31.97054147720337,0.069410816
2025-09-03 23:32:10,5,2,0.012576045468449593,27.533218383789062,0.8304548263549805,,,,2e-05,32.040727615356445,0.069440512
2025-09-03 23:32:10,5,3,0.0138897355645895,27.533004760742188,0.8212602138519287,,,,2e-05,32.09358501434326,0.069406208
2025-09-03 23:32:10,5,4,0.019637838006019592,27.532716751098633,0.7670575380325317,,,,2e-05,32.14798879623413,0.069408768
2025-09-03 23:32:11,5,5,0.017973827198147774,27.532665252685547,0.7787409424781799,,,,2e-05,32.19986820220947,0.069406208
2025-09-03 23:32:11,5,6,0.0196437556296587,27.5327091217041,0.7667180895805359,,,,2e-05,32.26644158363342,0.069435392
2025-09-03 23:32:11,5,7,0.017359407618641853,27.533262252807617,0.7858819365501404,,,,2e-05,32.31045985221863,0.069394944
2025-09-03 23:32:11,5,8,0.013559665530920029,27.533226013183594,0.8197444081306458,,,,2e-05,32.36166071891785,0.069405696
2025-09-03 23:32:11,5,9,0.021447524428367615,27.53257942199707,0.7497783303260803,,,,2e-05,32.41808748245239,0.06941184
2025-09-03 23:32:11,5,10,0.015215503051877022,27.532936096191406,0.7969387769699097,,,,2e-05,32.47397971153259,0.06941184
2025-09-03 23:32:11,5,11,0.01262552011758089,27.533174514770508,0.8281488418579102,,,,2e-05,32.52558708190918,0.069406208
2025-09-03 23:32:11,5,12,0.015357009135186672,27.532817840576172,0.791682243347168,,,,2e-05,32.60918974876404,0.069469184
2025-09-03 23:32:11,5,13,0.025211621075868607,27.5323543548584,0.722683310508728,,,,2e-05,32.682748556137085,0.069453312
2025-09-03 23:32:11,5,14,0.023081794381141663,27.532489776611328,0.7389287948608398,,,,2e-05,32.74142265319824,0.069414912
2025-09-03 23:32:11,5,15,0.018303733319044113,27.532711029052734,0.7746466994285583,,,,2e-05,32.78682088851929,0.069394432
2025-09-03 23:32:11,5,16,0.027694381773471832,27.532506942749023,0.7220640778541565,,,,2e-05,32.84731984138489,0.069417472
2025-09-03 23:32:11,5,17,0.012239650823175907,27.533227920532227,0.8287363052368164,,,,2e-05,32.91444492340088,0.069435392
2025-09-03 23:32:11,5,18,0.013824697583913803,27.53290367126465,0.8090280294418335,,,,2e-05,32.956139087677,0.069382144
2025-09-03 23:32:11,5,19,0.011893135495483875,27.533124923706055,0.8356897830963135,,,,2e-05,33.01715970039368,0.06941952
2025-09-03 23:32:11,5,20,0.02091936022043228,27.532487869262695,0.7448513507843018,,,,2e-05,33.060447692871094,0.069392384
2025-09-03 23:32:11,5,21,0.019541768357157707,27.532501220703125,0.7555679082870483,,,,2e-05,33.10313177108765,0.069392896
2025-09-03 23:32:11,5,22,0.012884306721389294,27.53293800354004,0.8104005455970764,,,,2e-05,33.153258323669434,0.069403648
2025-09-03 23:32:12,5,23,0.023298034444451332,27.532337188720703,0.7406684160232544,,,,2e-05,33.20666575431824,0.069408256
2025-09-03 23:32:12,5,24,0.012484478764235973,27.53288459777832,0.823957085609436,,,,2e-05,33.25845170021057,0.069406208
2025-09-03 23:32:12,5,25,0.02436411939561367,27.53225326538086,0.725566029548645,,,,2e-05,33.310725688934326,0.069406208
2025-09-03 23:32:12,5,26,0.015971649438142776,27.53269386291504,0.7901107668876648,,,,2e-05,33.36031699180603,0.069403648
2025-09-03 23:32:12,5,27,0.013552697375416756,27.532936096191406,0.8179891109466553,,,,2e-05,33.405495166778564,0.069395456
2025-09-03 23:32:12,5,28,0.013364845886826515,27.532909393310547,0.8184486627578735,,,,2e-05,33.44823622703552,0.069392896
2025-09-03 23:32:12,5,29,0.013756230473518372,27.53285789489746,0.8214541673660278,,,,2e-05,33.500981092453,0.069408256
2025-09-03 23:32:12,5,30,0.02325236052274704,27.532283782958984,0.7357683181762695,,,,2e-05,33.57253432273865,0.0694528
2025-09-03 23:32:12,5,31,0.013048892840743065,27.532894134521484,0.8207695484161377,,,,2e-05,33.62899112701416,0.06941184
2025-09-03 23:32:12,5,32,0.012302161194384098,27.53290557861328,0.8245323300361633,,,,2e-05,33.689626932144165,0.069417472
2025-09-03 23:32:12,5,33,0.015339811332523823,27.53285789489746,0.791314423084259,,,,2e-05,33.73574995994568,0.069398016
2025-09-03 23:32:12,5,34,0.014967006631195545,27.533218383789062,0.8177768588066101,,,,2e-05,33.78986573219299,0.069408768
2025-09-03 23:32:12,5,35,0.014649643562734127,27.532791137695312,0.814254879951477,,,,2e-05,33.84295201301575,0.069406208
2025-09-03 23:32:12,5,36,0.012205330654978752,27.533035278320312,0.8342947363853455,,,,2e-05,33.88812184333801,0.069395456
2025-09-03 23:32:12,5,37,0.0180097334086895,27.533092498779297,0.7759405970573425,,,,2e-05,33.938583850860596,0.069403648
2025-09-03 23:32:12,5,38,0.012373237870633602,27.53322410583496,0.8354915380477905,,,,2e-05,33.98955941200256,0.069403648
2025-09-03 23:32:12,5,39,0.012210519053041935,27.533111572265625,0.8284004926681519,,,,2e-05,34.03677988052368,0.069400064
2025-09-03 23:32:12,5,40,0.013006332330405712,27.5330867767334,0.8200696110725403,,,,2e-05,34.08476448059082,0.069401088
2025-09-03 23:32:12,5,41,0.016121918335556984,27.532882690429688,0.7879019975662231,,,,2e-05,34.129820585250854,0.069397504
2025-09-03 23:32:12,5,42,0.01780231110751629,27.533519744873047,0.7881656289100647,,,,2e-05,34.16834735870361,0.069377536
2025-09-03 23:32:13,5,43,0.01727617159485817,27.533456802368164,0.7819626331329346,,,,2e-05,34.22401022911072,0.06941184
2025-09-03 23:32:13,5,44,0.015414414927363396,27.533573150634766,0.8096569180488586,,,,2e-05,34.27947545051575,0.06941184
2025-09-03 23:32:13,5,45,0.012904588133096695,27.533363342285156,0.8253021836280823,,,,2e-05,34.32260227203369,0.069394432
2025-09-03 23:32:13,5,46,0.012322920374572277,27.533220291137695,0.820402979850769,,,,2e-05,34.37155365943909,0.069402624
2025-09-03 23:32:13,5,47,0.01292999368160963,27.5333309173584,0.8237296342849731,,,,2e-05,34.423394441604614,0.069406208
2025-09-03 23:32:13,5,48,0.011750456877052784,27.533428192138672,0.8308939933776855,,,,2e-05,34.494290828704834,0.069450752
2025-09-03 23:32:13,5,49,0.026915378868579865,27.532602310180664,0.7190883159637451,,,,2e-05,34.55607628822327,0.069417472
2025-09-03 23:32:13,5,50,0.020332198590040207,27.532941818237305,0.7478719353675842,,,,2e-05,34.61163949966431,0.069410816
2025-09-03 23:32:13,5,51,0.012384417466819286,27.533489227294922,0.8257005214691162,,,,2e-05,34.65108776092529,0.069378048
2025-09-03 23:32:13,5,52,0.017286494374275208,27.533214569091797,0.7786101698875427,,,,2e-05,34.69016981124878,0.069378048
2025-09-03 23:32:13,5,53,0.026546893641352654,27.532718658447266,0.7215218544006348,,,,2e-05,34.743061780929565,0.069408256
2025-09-03 23:32:13,5,54,0.013215872459113598,27.53351593017578,0.8257968425750732,,,,2e-05,34.79059982299805,0.069400064
2025-09-03 23:32:13,5,55,0.013924039900302887,27.53325080871582,0.803310751914978,,,,2e-05,34.875675678253174,0.069470208
2025-09-03 23:32:13,5,56,0.024607166647911072,27.532743453979492,0.7271044850349426,,,,2e-05,34.93654203414917,0.069417472
2025-09-03 23:32:13,5,57,0.022197742015123367,27.53302764892578,0.7523775100708008,,,,2e-05,34.985392570495605,0.069401088
2025-09-03 23:32:13,5,58,0.024619944393634796,27.532785415649414,0.731384813785553,,,,2e-05,35.04672431945801,0.06941952
2025-09-03 23:32:13,5,59,0.02564924769103527,27.532669067382812,0.7145364284515381,,,,2e-05,35.12120842933655,0.06945536
2025-09-03 23:32:14,5,60,0.027608860284090042,27.532690048217773,0.7088285684585571,,,,2e-05,35.198713302612305,0.069438464
2025-09-03 23:32:14,5,61,0.012410817667841911,27.5333194732666,0.8252969980239868,,,,2e-05,35.30688548088074,0.069462016
2025-09-03 23:32:14,5,62,0.013096625916659832,27.53338050842285,0.8141530752182007,,,,2e-05,35.37746810913086,0.069413888
2025-09-03 23:32:14,5,63,0.02961176261305809,27.532756805419922,0.7121263742446899,,,,2e-05,35.433627128601074,0.06941184
2025-09-03 23:32:14,5,64,0.030070429667830467,27.532634735107422,0.7007094621658325,,,,2e-05,35.49093699455261,0.06941184
2025-09-03 23:32:14,5,65,0.016951655969023705,27.5334415435791,0.7887390851974487,,,,2e-05,35.528353452682495,0.069367296
2025-09-03 23:32:14,5,66,0.015641046687960625,27.53355598449707,0.7975209951400757,,,,2e-05,35.58232498168945,0.069408768
2025-09-03 23:32:14,5,67,0.015690390020608902,27.533344268798828,0.7902482748031616,,,,2e-05,35.64228677749634,0.069417472
2025-09-03 23:32:14,5,68,0.013801317662000656,27.533159255981445,0.8131914138793945,,,,2e-05,35.69740962982178,0.069408256
2025-09-03 23:32:14,5,69,0.015315789729356766,27.533039093017578,0.7961376309394836,,,,2e-05,35.73911213874817,0.069382144
2025-09-03 23:32:14,5,70,0.014311990700662136,27.533353805541992,0.8048029541969299,,,,2e-05,35.78563213348389,0.069398016
2025-09-03 23:32:14,5,71,0.011585202068090439,27.533477783203125,0.8354463577270508,,,,2e-05,35.838504791259766,0.069408256
2025-09-03 23:32:14,5,72,0.013672461733222008,27.533506393432617,0.8144291043281555,,,,2e-05,35.89493370056152,0.06941184
2025-09-03 23:32:14,5,73,0.025993915274739265,27.532817840576172,0.7271180152893066,,,,2e-05,35.949556827545166,0.069406208
2025-09-03 23:32:14,5,74,0.01427757740020752,27.53309440612793,0.8087442517280579,,,,2e-05,36.00258708000183,0.069406208
2025-09-03 23:32:14,5,75,0.027424471452832222,27.532535552978516,0.7077076435089111,,,,2e-05,36.05224251747131,0.069403648
2025-09-03 23:32:14,5,76,0.016737183555960655,27.532896041870117,0.7773618698120117,,,,2e-05,36.11054301261902,0.069413888
2025-09-03 23:32:14,5,77,0.024323271587491035,27.532590866088867,0.7337615489959717,,,,2e-05,36.156272172927856,0.069396992
2025-09-03 23:32:15,5,78,0.014741613529622555,27.53312110900879,0.8030126094818115,,,,2e-05,36.246578216552734,0.069477888
2025-09-03 23:32:15,5,79,0.012140408158302307,27.533323287963867,0.827724814414978,,,,2e-05,36.319621324539185,0.0694528
2025-09-03 23:32:15,5,80,0.015883246436715126,27.533111572265625,0.8047230839729309,,,,2e-05,36.37052607536316,0.069405184
2025-09-03 23:32:15,5,81,0.016450805589556694,27.53297996520996,0.7761141657829285,,,,2e-05,36.42813968658447,0.06941184
2025-09-03 23:32:15,5,82,0.015793755650520325,27.53348731994629,0.793714165687561,,,,2e-05,36.47080111503601,0.069392384
2025-09-03 23:32:15,5,83,0.022601312026381493,27.532745361328125,0.7435685396194458,,,,2e-05,36.54126214981079,0.069441024
2025-09-03 23:32:15,5,84,0.017658036202192307,27.53288459777832,0.7825173735618591,,,,2e-05,36.58502411842346,0.069394432
2025-09-03 23:32:15,5,85,0.012003489769995213,27.53343963623047,0.8371316194534302,,,,2e-05,36.634610176086426,0.069401088
2025-09-03 23:32:15,5,86,0.014397528022527695,27.533554077148438,0.8132520914077759,,,,2e-05,36.682756185531616,0.069401088
2025-09-03 23:32:15,5,87,0.013080262579023838,27.53339195251465,0.8246756792068481,,,,2e-05,36.72587490081787,0.069394944
2025-09-03 23:32:15,5,88,0.013607689179480076,27.533283233642578,0.8261268734931946,,,,2e-05,36.77819275856018,0.069408256
2025-09-03 23:32:15,5,89,0.019457366317510605,27.532846450805664,0.7636391520500183,,,,2e-05,36.834686279296875,0.069413888
2025-09-03 23:32:15,5,end,0.017438390851020814,27.532990646362304,0.7857100983460744,0.020125193055719137,27.533077812194826,0.7722783386707306,2e-05,36.975998878479004,0.069371392
2025-09-03 23:32:15,6,0,0.011747320182621479,27.53329086303711,0.8316570520401001,,,,2e-05,37.05278706550598,0.069450752
2025-09-03 23:32:15,6,1,0.011964352801442146,27.53330421447754,0.8270615339279175,,,,2e-05,37.13403058052063,0.069417472
2025-09-03 23:32:15,6,2,0.013622523285448551,27.533164978027344,0.8104252219200134,,,,2e-05,37.18980407714844,0.069382144
2025-09-03 23:32:16,6,3,0.011541458778083324,27.53350830078125,0.8358196020126343,,,,2e-05,37.25599527359009,0.069408256
2025-09-03 23:32:16,6,4,0.012489314191043377,27.533342361450195,0.8243571519851685,,,,2e-05,37.31479787826538,0.06941184
2025-09-03 23:32:16,6,5,0.017077002674341202,27.533716201782227,0.7935715913772583,,,,2e-05,37.354074239730835,0.069377536
2025-09-03 23:32:16,6,6,0.012646651826798916,27.533428192138672,0.8239336609840393,,,,2e-05,37.397006034851074,0.069392896
2025-09-03 23:32:16,6,7,0.015426798723638058,27.533645629882812,0.7962225675582886,,,,2e-05,37.43901991844177,0.069392384
2025-09-03 23:32:16,6,8,0.02753370814025402,27.53261375427246,0.7069424986839294,,,,2e-05,37.488858461380005,0.069403648
2025-09-03 23:32:16,6,9,0.016393771395087242,27.533166885375977,0.7756588459014893,,,,2e-05,37.545517921447754,0.06941184
2025-09-03 23:32:16,6,10,0.030257461592555046,27.53279685974121,0.6986634135246277,,,,2e-05,37.60206437110901,0.06941184
2025-09-03 23:32:16,6,11,0.020136088132858276,27.53294563293457,0.7495588064193726,,,,2e-05,37.65703463554382,0.069410816
2025-09-03 23:32:16,6,12,0.012317714281380177,27.533523559570312,0.8261263966560364,,,,2e-05,37.69609260559082,0.069378048
2025-09-03 23:32:16,6,13,0.011869537644088268,27.533723831176758,0.8386902809143066,,,,2e-05,37.74673938751221,0.069403648
2025-09-03 23:32:16,6,14,0.012208630330860615,27.533634185791016,0.8305556774139404,,,,2e-05,37.79866814613342,0.069406208
2025-09-03 23:32:16,6,15,0.013423258438706398,27.533885955810547,0.8291949033737183,,,,2e-05,37.85231113433838,0.069408768
2025-09-03 23:32:16,6,16,0.02652791142463684,27.533010482788086,0.7230428457260132,,,,2e-05,37.904391050338745,0.069406208
2025-09-03 23:32:16,6,17,0.012530393898487091,27.533721923828125,0.8278982043266296,,,,2e-05,37.94800090789795,0.069394944
2025-09-03 23:32:16,6,18,0.03395058587193489,27.53269386291504,0.6867046356201172,,,,2e-05,38.001298904418945,0.069408768
2025-09-03 23:32:16,6,19,0.014748474583029747,27.533361434936523,0.8018773198127747,,,,2e-05,38.09155988693237,0.069477888
2025-09-03 23:32:16,6,20,0.01602541282773018,27.533390045166016,0.801908552646637,,,,2e-05,38.143460273742676,0.069405184
2025-09-03 23:32:16,6,21,0.022094253450632095,27.533113479614258,0.752490222454071,,,,2e-05,38.19246530532837,0.069401088
2025-09-03 23:32:17,6,22,0.018162673339247704,27.533090591430664,0.7760646939277649,,,,2e-05,38.244112730026245,0.069406208
2025-09-03 23:32:17,6,23,0.023191560059785843,27.532854080200195,0.7341504096984863,,,,2e-05,38.298749685287476,0.069410816
2025-09-03 23:32:17,6,24,0.01334964856505394,27.533567428588867,0.8268699049949646,,,,2e-05,38.35174584388733,0.069408256
2025-09-03 23:32:17,6,25,0.011159703135490417,27.533666610717773,0.840338945388794,,,,2e-05,38.412572622299194,0.06941952
2025-09-03 23:32:17,6,26,0.01997784897685051,27.53308868408203,0.763085126876831,,,,2e-05,38.46638584136963,0.069408768
2025-09-03 23:32:17,6,27,0.016184236854314804,27.533191680908203,0.7857627272605896,,,,2e-05,38.51299810409546,0.069397504
2025-09-03 23:32:17,6,28,0.024349940940737724,27.53277015686035,0.7321956157684326,,,,2e-05,38.574227809906006,0.06941952
2025-09-03 23:32:17,6,29,0.011861451901495457,27.533668518066406,0.835107684135437,,,,2e-05,38.644874572753906,0.069440512
2025-09-03 23:32:17,6,30,0.013357163406908512,27.533395767211914,0.8226486444473267,,,,2e-05,38.69877028465271,0.069408256
2025-09-03 23:32:17,6,31,0.027940580621361732,27.532756805419922,0.7193711400032043,,,,2e-05,38.759193658828735,0.069417472
2025-09-03 23:32:17,6,32,0.019557340070605278,27.532833099365234,0.754975438117981,,,,2e-05,38.8027617931366,0.069392896
2025-09-03 23:32:17,6,33,0.015286998823285103,27.533111572265625,0.7951522469520569,,,,2e-05,38.84385585784912,0.069382144
2025-09-03 23:32:17,6,34,0.013697055168449879,27.53326416015625,0.8209766745567322,,,,2e-05,38.89492893218994,0.069406208
2025-09-03 23:32:17,6,35,0.017039332538843155,27.53351593017578,0.7873740792274475,,,,2e-05,38.931331396102905,0.069367296
2025-09-03 23:32:17,6,36,0.02879159338772297,27.53266716003418,0.7167998552322388,,,,2e-05,38.98709559440613,0.06941184
2025-09-03 23:32:17,6,37,0.022814739495515823,27.532567977905273,0.7406431436538696,,,,2e-05,39.04508924484253,0.069414912
2025-09-03 23:32:17,6,38,0.023303529247641563,27.532533645629883,0.7353347539901733,,,,2e-05,39.117074966430664,0.0694528
2025-09-03 23:32:17,6,39,0.023899199441075325,27.532424926757812,0.7372931241989136,,,,2e-05,39.16290020942688,0.069396992
2025-09-03 23:32:18,6,40,0.012716642580926418,27.533145904541016,0.8105422258377075,,,,2e-05,39.213433265686035,0.069403648
2025-09-03 23:32:18,6,41,0.017508825287222862,27.532869338989258,0.777031660079956,,,,2e-05,39.25265121459961,0.069378048
2025-09-03 23:32:18,6,42,0.017942961305379868,27.532699584960938,0.7769193649291992,,,,2e-05,39.29559683799744,0.069394432
2025-09-03 23:32:18,6,43,0.012320082634687424,27.533069610595703,0.8276188373565674,,,,2e-05,39.37426161766052,0.069462016
2025-09-03 23:32:18,6,44,0.014124255627393723,27.53282356262207,0.8096500635147095,,,,2e-05,39.42778968811035,0.069406208
2025-09-03 23:32:18,6,45,0.014826896600425243,27.533401489257812,0.8084530234336853,,,,2e-05,39.47659683227539,0.069401088
2025-09-03 23:32:18,6,46,0.022836795076727867,27.53231430053711,0.7436901330947876,,,,2e-05,39.53061079978943,0.069408256
2025-09-03 23:32:18,6,47,0.012747008353471756,27.532974243164062,0.826061487197876,,,,2e-05,39.5831356048584,0.069406208
2025-09-03 23:32:18,6,48,0.012363951653242111,27.532947540283203,0.824439525604248,,,,2e-05,39.63547968864441,0.069406208
2025-09-03 23:32:18,6,49,0.015277647413313389,27.53299331665039,0.7907439470291138,,,,2e-05,39.68242430686951,0.069398016
2025-09-03 23:32:18,6,50,0.01341348234564066,27.532785415649414,0.80857914686203,,,,2e-05,39.76691818237305,0.069470208
2025-09-03 23:32:18,6,51,0.012181730940937996,27.533273696899414,0.8286861181259155,,,,2e-05,39.834272146224976,0.069435392
2025-09-03 23:32:18,6,52,0.013061936013400555,27.533061981201172,0.8279983401298523,,,,2e-05,39.88182044029236,0.069400064
2025-09-03 23:32:18,6,53,0.014361528679728508,27.532869338989258,0.8157778382301331,,,,2e-05,39.93385577201843,0.069406208
2025-09-03 23:32:18,6,54,0.012045585550367832,27.53326988220215,0.836500883102417,,,,2e-05,39.982821226119995,0.069401088
2025-09-03 23:32:18,6,55,0.01224450021982193,27.532934188842773,0.8213952779769897,,,,2e-05,40.03155589103699,0.069402624
2025-09-03 23:32:18,6,56,0.017966344952583313,27.533252716064453,0.7755503058433533,,,,2e-05,40.08227205276489,0.069403648
2025-09-03 23:32:18,6,57,0.02175861783325672,27.532562255859375,0.7496204972267151,,,,2e-05,40.15224814414978,0.069441024
2025-09-03 23:32:19,6,58,0.012009860947728157,27.533203125,0.8289535641670227,,,,2e-05,40.199877977371216,0.069400064
2025-09-03 23:32:19,6,59,0.01877165213227272,27.532718658447266,0.7693207263946533,,,,2e-05,40.25665211677551,0.069413888
2025-09-03 23:32:19,6,60,0.013382774777710438,27.533422470092773,0.820106029510498,,,,2e-05,40.308428049087524,0.069405696
2025-09-03 23:32:19,6,61,0.015511821955442429,27.533597946166992,0.8071303963661194,,,,2e-05,40.36421608924866,0.06941184
2025-09-03 23:32:19,6,62,0.017502082511782646,27.5328369140625,0.7825080156326294,,,,2e-05,40.40789818763733,0.069394432
2025-09-03 23:32:19,6,63,0.013280161656439304,27.533302307128906,0.8176928758621216,,,,2e-05,40.452954053878784,0.069395456
2025-09-03 23:32:19,6,64,0.025517286732792854,27.53241539001465,0.7269985675811768,,,,2e-05,40.5065484046936,0.069408256
2025-09-03 23:32:19,6,65,0.024748055264353752,27.532424926757812,0.7186377048492432,,,,2e-05,40.58118963241577,0.06945536
2025-09-03 23:32:19,6,66,0.013509347103536129,27.53315544128418,0.8160349130630493,,,,2e-05,40.63481593132019,0.069408256
2025-09-03 23:32:19,6,67,0.015155614353716373,27.53293228149414,0.7921807765960693,,,,2e-05,40.71855902671814,0.069469184
2025-09-03 23:32:19,6,68,0.012583495117723942,27.53329849243164,0.8282111883163452,,,,2e-05,40.762242555618286,0.069394432
2025-09-03 23:32:19,6,69,0.011992400512099266,27.53326988220215,0.828363299369812,,,,2e-05,40.83488988876343,0.0694528
2025-09-03 23:32:19,6,70,0.024139316752552986,27.53240966796875,0.7261461019515991,,,,2e-05,40.88729739189148,0.069406208
2025-09-03 23:32:19,6,71,0.015843968838453293,27.533601760864258,0.7949943542480469,,,,2e-05,40.94155693054199,0.069408768
2025-09-03 23:32:19,6,72,0.01344744861125946,27.533313751220703,0.810126543045044,,,,2e-05,40.998605728149414,0.069413888
2025-09-03 23:32:19,6,73,0.026303693652153015,27.532426834106445,0.7181016206741333,,,,2e-05,41.06703734397888,0.069438464
2025-09-03 23:32:19,6,74,0.02461784891784191,27.53234100341797,0.7267436981201172,,,,2e-05,41.14083957672119,0.069453312
2025-09-03 23:32:19,6,75,0.01276316773146391,27.5331974029541,0.8201711773872375,,,,2e-05,41.19049835205078,0.069401088
2025-09-03 23:32:20,6,76,0.019155530259013176,27.532752990722656,0.7705236673355103,,,,2e-05,41.2574200630188,0.069435392
2025-09-03 23:32:20,6,77,0.014459210447967052,27.533327102661133,0.8023754358291626,,,,2e-05,41.304213523864746,0.069398016
2025-09-03 23:32:20,6,78,0.023532578721642494,27.532390594482422,0.7332735061645508,,,,2e-05,41.365068674087524,0.069417472
2025-09-03 23:32:20,6,79,0.016514992341399193,27.532718658447266,0.778445303440094,,,,2e-05,41.422430753707886,0.069413888
2025-09-03 23:32:20,6,80,0.020859450101852417,27.532577514648438,0.7538028359413147,,,,2e-05,41.47926354408264,0.06941184
2025-09-03 23:32:20,6,81,0.017097270116209984,27.533525466918945,0.782462477684021,,,,2e-05,41.5359902381897,0.06941184
2025-09-03 23:32:20,6,82,0.020536858588457108,27.532569885253906,0.7474663853645325,,,,2e-05,41.58359408378601,0.069392384
2025-09-03 23:32:20,6,83,0.025708451867103577,27.532238006591797,0.7270749807357788,,,,2e-05,41.64732813835144,0.069417472
2025-09-03 23:32:20,6,84,0.015818597748875618,27.533336639404297,0.7891384363174438,,,,2e-05,41.707324504852295,0.069417472
2025-09-03 23:32:20,6,85,0.013765107840299606,27.533456802368164,0.8130362629890442,,,,2e-05,41.76314330101013,0.06941184
2025-09-03 23:32:20,6,86,0.01493029110133648,27.533000946044922,0.7988670468330383,,,,2e-05,41.81943392753601,0.06941184
2025-09-03 23:32:20,6,87,0.01567878946661949,27.53291893005371,0.7919790148735046,,,,2e-05,41.873910665512085,0.069403648
2025-09-03 23:32:20,6,88,0.011870741844177246,27.53331756591797,0.8361616134643555,,,,2e-05,41.91947388648987,0.069395456
2025-09-03 23:32:20,6,89,0.0168058630079031,27.533527374267578,0.789471447467804,,,,2e-05,41.962785482406616,0.069394944
2025-09-03 23:32:20,6,end,0.017199663828230568,27.53307473924425,0.7869140426317851,0.01988180326297879,27.533059310913085,0.7738322257995606,2e-05,42.1042103767395,0.069361152
2025-09-03 23:32:20,7,0,0.019378695636987686,27.532808303833008,0.7694621086120605,,,,2e-05,42.165449380874634,0.069408768
2025-09-03 23:32:21,7,1,0.013062764890491962,27.533336639404297,0.8209843039512634,,,,2e-05,42.210400104522705,0.069395456
2025-09-03 23:32:21,7,2,0.014030272141098976,27.533035278320312,0.8109413981437683,,,,2e-05,42.26242113113403,0.069406208
2025-09-03 23:32:21,7,3,0.012369894422590733,27.533344268798828,0.8268430829048157,,,,2e-05,42.30112266540527,0.069378048
2025-09-03 23:32:21,7,4,0.023664938285946846,27.53250503540039,0.737838864326477,,,,2e-05,42.3460648059845,0.069396992
2025-09-03 23:32:21,7,5,0.012939979322254658,27.53361701965332,0.8244262933731079,,,,2e-05,42.396852016448975,0.069405696
2025-09-03 23:32:21,7,6,0.011864462867379189,27.533414840698242,0.8278501629829407,,,,2e-05,42.45648980140686,0.069417472
2025-09-03 23:32:21,7,7,0.011990269646048546,27.533639907836914,0.8379641771316528,,,,2e-05,42.50647211074829,0.069403648
2025-09-03 23:32:21,7,8,0.013436101377010345,27.533689498901367,0.8163003325462341,,,,2e-05,42.56244707107544,0.06941184
2025-09-03 23:32:21,7,9,0.014511636458337307,27.5334415435791,0.796751081943512,,,,2e-05,42.609331369400024,0.069398016
2025-09-03 23:32:21,7,10,0.017934855073690414,27.53301239013672,0.7760235071182251,,,,2e-05,42.652822494506836,0.069394432
2025-09-03 23:32:21,7,11,0.016528990119695663,27.533767700195312,0.7915204763412476,,,,2e-05,42.68998956680298,0.069367296
2025-09-03 23:32:21,7,12,0.015675337985157967,27.53321647644043,0.7916889190673828,,,,2e-05,42.73923373222351,0.069403648
2025-09-03 23:32:21,7,13,0.016584910452365875,27.533716201782227,0.7858213186264038,,,,2e-05,42.78998827934265,0.069403648
2025-09-03 23:32:21,7,14,0.01274610124528408,27.53362274169922,0.8253755569458008,,,,2e-05,42.83325123786926,0.069394432
2025-09-03 23:32:21,7,15,0.01501700934022665,27.533233642578125,0.7947400808334351,,,,2e-05,42.916632890701294,0.069469184
2025-09-03 23:32:21,7,16,0.011841789819300175,27.533658981323242,0.8296831250190735,,,,2e-05,42.96349215507507,0.069400064
2025-09-03 23:32:21,7,17,0.01531573012471199,27.533403396606445,0.7941471338272095,,,,2e-05,43.01957440376282,0.06941184
2025-09-03 23:32:21,7,18,0.010963319800794125,27.533809661865234,0.842261791229248,,,,2e-05,43.08028960227966,0.06941952
2025-09-03 23:32:21,7,19,0.01450427994132042,27.533411026000977,0.8043503761291504,,,,2e-05,43.170045137405396,0.069477888
2025-09-03 23:32:22,7,20,0.012359388172626495,27.53357696533203,0.8237267732620239,,,,2e-05,43.22373867034912,0.069406208
2025-09-03 23:32:22,7,21,0.02296553924679756,27.53302574157715,0.7403267621994019,,,,2e-05,43.29485273361206,0.069441024
2025-09-03 23:32:22,7,22,0.013275750912725925,27.5340576171875,0.8213413953781128,,,,2e-05,43.344789266586304,0.069401088
2025-09-03 23:32:22,7,23,0.012260802090168,27.533864974975586,0.8299899697303772,,,,2e-05,43.38909125328064,0.069394944
2025-09-03 23:32:22,7,24,0.023131363093852997,27.53289222717285,0.7384967803955078,,,,2e-05,43.447174072265625,0.069414912
2025-09-03 23:32:22,7,25,0.015558034181594849,27.534029006958008,0.7946388125419617,,,,2e-05,43.50310564041138,0.06941184
2025-09-03 23:32:22,7,26,0.013277512043714523,27.533832550048828,0.8121640682220459,,,,2e-05,43.54917311668396,0.069398016
2025-09-03 23:32:22,7,27,0.01607651449739933,27.533493041992188,0.8018109798431396,,,,2e-05,43.60029602050781,0.069405184
2025-09-03 23:32:22,7,28,0.026607487350702286,27.533090591430664,0.7222381830215454,,,,2e-05,43.65282440185547,0.069406208
2025-09-03 23:32:22,7,29,0.026550844311714172,27.532703399658203,0.7209634780883789,,,,2e-05,43.7133469581604,0.069417472
2025-09-03 23:32:22,7,30,0.012172727845609188,27.533676147460938,0.8253654837608337,,,,2e-05,43.79211664199829,0.069462016
2025-09-03 23:32:22,7,31,0.011282434687018394,27.533973693847656,0.8413021564483643,,,,2e-05,43.84138321876526,0.069401088
2025-09-03 23:32:22,7,32,0.011380432173609734,27.533748626708984,0.8324056267738342,,,,2e-05,43.91211986541748,0.069450752
2025-09-03 23:32:22,7,33,0.02364344336092472,27.53290367126465,0.7376041412353516,,,,2e-05,43.96527814865112,0.069408256
2025-09-03 23:32:22,7,34,0.01662343554198742,27.53318977355957,0.7780035734176636,,,,2e-05,44.02236819267273,0.069413888
2025-09-03 23:32:22,7,35,0.02730666473507881,27.532833099365234,0.7093257904052734,,,,2e-05,44.091217279434204,0.069438464
2025-09-03 23:32:22,7,36,0.011254075914621353,27.533987045288086,0.8368911743164062,,,,2e-05,44.15783452987671,0.069435392
2025-09-03 23:32:23,7,37,0.011962417513132095,27.533836364746094,0.8317821621894836,,,,2e-05,44.210177183151245,0.069406208
2025-09-03 23:32:23,7,38,0.024481458589434624,27.532772064208984,0.7246487140655518,,,,2e-05,44.26208734512329,0.069406208
2025-09-03 23:32:23,7,39,0.014320570975542068,27.534095764160156,0.8074045777320862,,,,2e-05,44.31555891036987,0.069408768
2025-09-03 23:32:23,7,40,0.011512979865074158,27.533777236938477,0.8378123641014099,,,,2e-05,44.36053776741028,0.069395456
2025-09-03 23:32:23,7,41,0.015547743998467922,27.53399085998535,0.79830402135849,,,,2e-05,44.404170513153076,0.069394944
2025-09-03 23:32:23,7,42,0.024034986272454262,27.532867431640625,0.7351688146591187,,,,2e-05,44.464767932891846,0.06941952
2025-09-03 23:32:23,7,43,0.020738596096634865,27.533010482788086,0.745192289352417,,,,2e-05,44.507384061813354,0.069392384
2025-09-03 23:32:23,7,44,0.025788700208067894,27.532726287841797,0.7257962226867676,,,,2e-05,44.560359477996826,0.069408256
2025-09-03 23:32:23,7,45,0.03343429043889046,27.532636642456055,0.6894804239273071,,,,2e-05,44.61338996887207,0.069408768
2025-09-03 23:32:23,7,46,0.02131751924753189,27.532936096191406,0.7486153841018677,,,,2e-05,44.6697998046875,0.06941184
2025-09-03 23:32:23,7,47,0.011604323983192444,27.533889770507812,0.8374457359313965,,,,2e-05,44.74015974998474,0.069440512
2025-09-03 23:32:23,7,48,0.013290065340697765,27.533628463745117,0.827154278755188,,,,2e-05,44.79345369338989,0.069408256
2025-09-03 23:32:23,7,49,0.014570734463632107,27.53338050842285,0.8119509816169739,,,,2e-05,44.845476388931274,0.069406208
2025-09-03 23:32:23,7,50,0.019134875386953354,27.532920837402344,0.7587936520576477,,,,2e-05,44.888505935668945,0.069392896
2025-09-03 23:32:23,7,51,0.011139080859720707,27.5338077545166,0.838256299495697,,,,2e-05,44.94107937812805,0.069408256
2025-09-03 23:32:23,7,52,0.0158163420855999,27.53316307067871,0.7885724902153015,,,,2e-05,44.98667597770691,0.069397504
2025-09-03 23:32:23,7,53,0.013370818458497524,27.53335952758789,0.811273455619812,,,,2e-05,45.02769875526428,0.069382144
2025-09-03 23:32:23,7,54,0.02238890342414379,27.532684326171875,0.7397668361663818,,,,2e-05,45.08213520050049,0.069410816
2025-09-03 23:32:23,7,55,0.012386162765324116,27.53357696533203,0.8251408338546753,,,,2e-05,45.12481737136841,0.069392896
2025-09-03 23:32:23,7,56,0.017315587028861046,27.533018112182617,0.7840816974639893,,,,2e-05,45.168895959854126,0.069394432
2025-09-03 23:32:24,7,57,0.016972726210951805,27.533153533935547,0.7809090614318848,,,,2e-05,45.20780324935913,0.069378048
2025-09-03 23:32:24,7,58,0.012189174070954323,27.53350830078125,0.8258955478668213,,,,2e-05,45.26384925842285,0.06941184
2025-09-03 23:32:24,7,59,0.014480091631412506,27.533916473388672,0.816209614276886,,,,2e-05,45.31986141204834,0.06941184
2025-09-03 23:32:24,7,60,0.021299665793776512,27.53289031982422,0.7587346434593201,,,,2e-05,45.36841416358948,0.069401088
2025-09-03 23:32:24,7,61,0.01908024400472641,27.532922744750977,0.7691584825515747,,,,2e-05,45.43498158454895,0.069435392
2025-09-03 23:32:24,7,62,0.013495584018528461,27.533329010009766,0.8148635625839233,,,,2e-05,45.491034269332886,0.069408256
2025-09-03 23:32:24,7,63,0.0230274461209774,27.532608032226562,0.7356358170509338,,,,2e-05,45.57272267341614,0.0694528
2025-09-03 23:32:24,7,64,0.016564276069402695,27.533926010131836,0.7970041632652283,,,,2e-05,45.61697244644165,0.069377536
2025-09-03 23:32:24,7,65,0.02647789753973484,27.532432556152344,0.7131963968276978,,,,2e-05,45.67249321937561,0.069403648
2025-09-03 23:32:24,7,66,0.017443031072616577,27.53287124633789,0.7812297344207764,,,,2e-05,45.72870111465454,0.069406208
2025-09-03 23:32:24,7,67,0.024268081411719322,27.532434463500977,0.7291109561920166,,,,2e-05,45.801766872406006,0.069453312
2025-09-03 23:32:24,7,68,0.019424987956881523,27.532751083374023,0.7545115947723389,,,,2e-05,45.85708212852478,0.069410816
2025-09-03 23:32:24,7,69,0.01890251785516739,27.532867431640625,0.767080545425415,,,,2e-05,45.913718461990356,0.069413888
2025-09-03 23:32:24,7,70,0.016181401908397675,27.53304672241211,0.7776859402656555,,,,2e-05,45.96969246864319,0.06941184
2025-09-03 23:32:24,7,71,0.014897509478032589,27.53306770324707,0.7989394068717957,,,,2e-05,46.010716915130615,0.069382144
2025-09-03 23:32:24,7,72,0.02710813470184803,27.53255844116211,0.725072979927063,,,,2e-05,46.07071399688721,0.069417472
2025-09-03 23:32:24,7,73,0.013231630437076092,27.533300399780273,0.8244950771331787,,,,2e-05,46.12398982048035,0.069408256
2025-09-03 23:32:24,7,74,0.012583930976688862,27.533302307128906,0.8224451541900635,,,,2e-05,46.17218375205994,0.069401088
2025-09-03 23:32:25,7,75,0.023906122893095016,27.53233528137207,0.7256479263305664,,,,2e-05,46.246251583099365,0.06945536
2025-09-03 23:32:25,7,76,0.012387960217893124,27.533245086669922,0.8142094016075134,,,,2e-05,46.29746079444885,0.069403648
2025-09-03 23:32:25,7,77,0.013185122050344944,27.533401489257812,0.8135664463043213,,,,2e-05,46.354331493377686,0.069413888
2025-09-03 23:32:25,7,78,0.01304180733859539,27.533300399780273,0.8281936049461365,,,,2e-05,46.4012017250061,0.069400064
2025-09-03 23:32:25,7,79,0.012032268568873405,27.533092498779297,0.8232306838035583,,,,2e-05,46.449931144714355,0.069402624
2025-09-03 23:32:25,7,80,0.012737208977341652,27.533199310302734,0.8259900808334351,,,,2e-05,46.50169038772583,0.069406208
2025-09-03 23:32:25,7,81,0.02269108034670353,27.53232192993164,0.7401259541511536,,,,2e-05,46.56139063835144,0.069417472
2025-09-03 23:32:25,7,82,0.015581888146698475,27.533443450927734,0.7913998365402222,,,,2e-05,46.621652126312256,0.069417472
2025-09-03 23:32:25,7,83,0.011914156377315521,27.533302307128906,0.8300732374191284,,,,2e-05,46.69368100166321,0.0694528
2025-09-03 23:32:25,7,84,0.013253564015030861,27.532987594604492,0.8100557923316956,,,,2e-05,46.77911305427551,0.069470208
2025-09-03 23:32:25,7,85,0.013937128707766533,27.53376007080078,0.8253129720687866,,,,2e-05,46.83418250083923,0.069408768
2025-09-03 23:32:25,7,86,0.015692053362727165,27.53362274169922,0.7943880558013916,,,,2e-05,46.87593722343445,0.069392384
2025-09-03 23:32:25,7,87,0.02799934335052967,27.532529830932617,0.7219201922416687,,,,2e-05,46.93149471282959,0.06941184
2025-09-03 23:32:25,7,88,0.01365431398153305,27.533252716064453,0.8225394487380981,,,,2e-05,46.98240852355957,0.069406208
2025-09-03 23:32:25,7,89,0.028387580066919327,27.53243637084961,0.709994912147522,,,,2e-05,47.039408445358276,0.06941184
2025-09-03 23:32:25,7,end,0.016914154175255033,27.53326399061415,0.7889670855469174,0.01958414139226079,27.533109855651855,0.775818133354187,2e-05,47.184404134750366,0.069370368
2025-09-03 23:32:26,8,0,0.015534250997006893,27.532955169677734,0.7917734384536743,,,,2e-05,47.23690676689148,0.069397504
2025-09-03 23:32:26,8,1,0.01614692248404026,27.533000946044922,0.7786051034927368,,,,2e-05,47.29310894012451,0.06941184
2025-09-03 23:32:26,8,2,0.018696997314691544,27.532779693603516,0.7726775407791138,,,,2e-05,47.35931062698364,0.069435392
2025-09-03 23:32:26,8,3,0.028269028291106224,27.53242301940918,0.710708498954773,,,,2e-05,47.415698766708374,0.06941184
2025-09-03 23:32:26,8,4,0.01149008609354496,27.53334617614746,0.8338056206703186,,,,2e-05,47.48648381233215,0.069450752
2025-09-03 23:32:26,8,5,0.020257605239748955,27.532560348510742,0.7571321129798889,,,,2e-05,47.543643951416016,0.06941184
2025-09-03 23:32:26,8,6,0.013635233975946903,27.533611297607422,0.8143510818481445,,,,2e-05,47.59907674789429,0.06941184
2025-09-03 23:32:26,8,7,0.01705552265048027,27.532682418823242,0.7852836847305298,,,,2e-05,47.650436878204346,0.069406208
2025-09-03 23:32:26,8,8,0.015675684437155724,27.53345489501953,0.7906934022903442,,,,2e-05,47.710211753845215,0.069417472
2025-09-03 23:32:26,8,9,0.01317095197737217,27.53296661376953,0.8106331825256348,,,,2e-05,47.79851412773132,0.069470208
2025-09-03 23:32:26,8,10,0.016006357967853546,27.53268051147461,0.7833932042121887,,,,2e-05,47.8563506603241,0.069413888
2025-09-03 23:32:26,8,11,0.0188214760273695,27.53270149230957,0.7732476592063904,,,,2e-05,47.910741567611694,0.069408768
2025-09-03 23:32:26,8,12,0.02357318066060543,27.532230377197266,0.7278497219085693,,,,2e-05,47.98472309112549,0.06945536
2025-09-03 23:32:26,8,13,0.013306696899235249,27.53325843811035,0.8287558555603027,,,,2e-05,48.03862261772156,0.069408256
2025-09-03 23:32:26,8,14,0.02430509217083454,27.53247833251953,0.7381842136383057,,,,2e-05,48.09127235412598,0.069406208
2025-09-03 23:32:26,8,15,0.012221782468259335,27.53310203552246,0.8256961107254028,,,,2e-05,48.143224239349365,0.069406208
2025-09-03 23:32:26,8,16,0.013346041552722454,27.532987594604492,0.8127738833427429,,,,2e-05,48.1845121383667,0.069382144
2025-09-03 23:32:27,8,17,0.01322119403630495,27.533374786376953,0.8223149180412292,,,,2e-05,48.22841739654541,0.069394944
2025-09-03 23:32:27,8,18,0.014622017741203308,27.533601760864258,0.8105196952819824,,,,2e-05,48.27677941322327,0.069401088
2025-09-03 23:32:27,8,19,0.025568338111042976,27.532087326049805,0.7195111513137817,,,,2e-05,48.32638931274414,0.069403648
2025-09-03 23:32:27,8,20,0.014207874424755573,27.53365135192871,0.8226020932197571,,,,2e-05,48.38022994995117,0.069408768
2025-09-03 23:32:27,8,21,0.0228591226041317,27.532161712646484,0.7351289987564087,,,,2e-05,48.431978702545166,0.069406208
2025-09-03 23:32:27,8,22,0.01341832336038351,27.533306121826172,0.8115853667259216,,,,2e-05,48.488699436187744,0.069413888
2025-09-03 23:32:27,8,23,0.021895917132496834,27.532243728637695,0.7504280209541321,,,,2e-05,48.5446355342865,0.069408256
2025-09-03 23:32:27,8,24,0.021120086312294006,27.532424926757812,0.7540832161903381,,,,2e-05,48.61578011512756,0.069441024
2025-09-03 23:32:27,8,25,0.022314859554171562,27.53216552734375,0.742420494556427,,,,2e-05,48.676443576812744,0.069417472
2025-09-03 23:32:27,8,26,0.027238883078098297,27.532316207885742,0.7273496389389038,,,,2e-05,48.73329567909241,0.06941184
2025-09-03 23:32:27,8,27,0.012044688686728477,27.53306770324707,0.8302386403083801,,,,2e-05,48.811463832855225,0.069462016
2025-09-03 23:32:27,8,28,0.017177235335111618,27.53347396850586,0.786872148513794,,,,2e-05,48.85600829124451,0.069394944
2025-09-03 23:32:27,8,29,0.013335858471691608,27.533432006835938,0.8211176991462708,,,,2e-05,48.90735483169556,0.069405696
2025-09-03 23:32:27,8,30,0.01332413125783205,27.5330753326416,0.8244481086730957,,,,2e-05,48.96035099029541,0.069408256
2025-09-03 23:32:27,8,31,0.011913883499801159,27.533403396606445,0.8376768827438354,,,,2e-05,49.00911021232605,0.069401088
2025-09-03 23:32:27,8,32,0.019710397347807884,27.532398223876953,0.7539334893226624,,,,2e-05,49.051594495773315,0.069392384
2025-09-03 23:32:27,8,33,0.011519410647451878,27.533388137817383,0.8382749557495117,,,,2e-05,49.11215686798096,0.06941952
2025-09-03 23:32:27,8,34,0.02280132658779621,27.532289505004883,0.7437039613723755,,,,2e-05,49.17353892326355,0.06941952
2025-09-03 23:32:28,8,35,0.01187380962073803,27.53353500366211,0.8314501047134399,,,,2e-05,49.240283489227295,0.069435392
2025-09-03 23:32:28,8,36,0.01736471988260746,27.533740997314453,0.7909842133522034,,,,2e-05,49.27970862388611,0.069377536
2025-09-03 23:32:28,8,37,0.012601074762642384,27.53322410583496,0.8223216533660889,,,,2e-05,49.328030586242676,0.069401088
2025-09-03 23:32:28,8,38,0.011791959404945374,27.533308029174805,0.8307124972343445,,,,2e-05,49.40024757385254,0.0694528
2025-09-03 23:32:28,8,39,0.031301215291023254,27.53216552734375,0.7033535242080688,,,,2e-05,49.45413637161255,0.069408768
2025-09-03 23:32:28,8,40,0.015600119717419147,27.533695220947266,0.7947970032691956,,,,2e-05,49.4963116645813,0.069392384
2025-09-03 23:32:28,8,41,0.024748869240283966,27.532196044921875,0.7333844900131226,,,,2e-05,49.55659627914429,0.069417472
2025-09-03 23:32:28,8,42,0.013520895503461361,27.533292770385742,0.822553277015686,,,,2e-05,49.609336137771606,0.069406208
2025-09-03 23:32:28,8,43,0.014186733402311802,27.53317642211914,0.8156597018241882,,,,2e-05,49.6621367931366,0.069406208
2025-09-03 23:32:28,8,44,0.01860681176185608,27.532703399658203,0.7624359130859375,,,,2e-05,49.70526838302612,0.069392896
2025-09-03 23:32:28,8,45,0.026618435978889465,27.532529830932617,0.7279305458068848,,,,2e-05,49.76476716995239,0.069417472
2025-09-03 23:32:28,8,46,0.012431459501385689,27.533472061157227,0.82875657081604,,,,2e-05,49.80848479270935,0.069394432
2025-09-03 23:32:28,8,47,0.012295644730329514,27.533382415771484,0.8140104413032532,,,,2e-05,49.8589403629303,0.069403648
2025-09-03 23:32:28,8,48,0.011686273850500584,27.53348159790039,0.8308039903640747,,,,2e-05,49.90602684020996,0.069400064
2025-09-03 23:32:28,8,49,0.012817658483982086,27.53347396850586,0.8213916420936584,,,,2e-05,49.95051598548889,0.069395456
2025-09-03 23:32:28,8,50,0.01457932312041521,27.533966064453125,0.8146507740020752,,,,2e-05,50.00537896156311,0.06941184
2025-09-03 23:32:28,8,51,0.011649737134575844,27.533733367919922,0.8393704295158386,,,,2e-05,50.055068016052246,0.069403648
2025-09-03 23:32:28,8,52,0.02542184479534626,27.532424926757812,0.7224716544151306,,,,2e-05,50.123849391937256,0.069438464
2025-09-03 23:32:28,8,53,0.022844374179840088,27.532442092895508,0.7437424659729004,,,,2e-05,50.16969156265259,0.069396992
2025-09-03 23:32:29,8,54,0.01372291799634695,27.533111572265625,0.8119019865989685,,,,2e-05,50.22484636306763,0.069406208
2025-09-03 23:32:29,8,55,0.015291707590222359,27.533187866210938,0.8072371482849121,,,,2e-05,50.27579092979431,0.069405184
2025-09-03 23:32:29,8,56,0.023629777133464813,27.532325744628906,0.7332941889762878,,,,2e-05,50.34867286682129,0.069453312
2025-09-03 23:32:29,8,57,0.012681262567639351,27.533475875854492,0.8292137980461121,,,,2e-05,50.397406339645386,0.069400064
2025-09-03 23:32:29,8,58,0.02214864082634449,27.5324649810791,0.7425653338432312,,,,2e-05,50.46938490867615,0.0694528
2025-09-03 23:32:29,8,59,0.015086703933775425,27.533954620361328,0.8007028102874756,,,,2e-05,50.52379012107849,0.069408768
2025-09-03 23:32:29,8,60,0.0172524806112051,27.532825469970703,0.7809035181999207,,,,2e-05,50.56746864318848,0.069394432
2025-09-03 23:32:29,8,61,0.014644905924797058,27.533422470092773,0.794468879699707,,,,2e-05,50.61419343948364,0.069398016
2025-09-03 23:32:29,8,62,0.021613653749227524,27.53245735168457,0.7439748644828796,,,,2e-05,50.66892862319946,0.069410816
2025-09-03 23:32:29,8,63,0.014199253171682358,27.533132553100586,0.8049954175949097,,,,2e-05,50.7584502696991,0.069477888
2025-09-03 23:32:29,8,64,0.01675477996468544,27.533735275268555,0.7889073491096497,,,,2e-05,50.79606604576111,0.069367296
2025-09-03 23:32:29,8,65,0.014028424397110939,27.533597946166992,0.8052246570587158,,,,2e-05,50.842657804489136,0.069398016
2025-09-03 23:32:29,8,66,0.011578029952943325,27.53348159790039,0.8284056186676025,,,,2e-05,50.90284752845764,0.069417472
2025-09-03 23:32:29,8,67,0.018328465521335602,27.532806396484375,0.7714740037918091,,,,2e-05,50.96034383773804,0.069413888
2025-09-03 23:32:29,8,68,0.011747960932552814,27.533262252807617,0.8241650462150574,,,,2e-05,51.0098876953125,0.069402624
2025-09-03 23:32:29,8,69,0.011075136251747608,27.53377914428711,0.8378056883811951,,,,2e-05,51.062713384628296,0.069408256
2025-09-03 23:32:29,8,70,0.014676287770271301,27.53313636779785,0.7995410561561584,,,,2e-05,51.10437989234924,0.069382144
2025-09-03 23:32:29,8,71,0.012017619796097279,27.533578872680664,0.826448380947113,,,,2e-05,51.16021490097046,0.06941184
2025-09-03 23:32:30,8,72,0.014598996378481388,27.533096313476562,0.7962875962257385,,,,2e-05,51.24409556388855,0.069469184
2025-09-03 23:32:30,8,73,0.012305503711104393,27.533666610717773,0.8247240781784058,,,,2e-05,51.28750014305115,0.069392896
2025-09-03 23:32:30,8,74,0.016020994633436203,27.53403663635254,0.790800929069519,,,,2e-05,51.3436496257782,0.06941184
2025-09-03 23:32:30,8,75,0.01184782013297081,27.53360939025879,0.8293294310569763,,,,2e-05,51.38292455673218,0.069378048
2025-09-03 23:32:30,8,76,0.016313141211867332,27.533897399902344,0.7868853211402893,,,,2e-05,51.432809829711914,0.069403648
2025-09-03 23:32:30,8,77,0.014636650681495667,27.533357620239258,0.799613356590271,,,,2e-05,51.48908758163452,0.06941184
2025-09-03 23:32:30,8,78,0.01128664892166853,27.534046173095703,0.8389293551445007,,,,2e-05,51.559415340423584,0.069440512
2025-09-03 23:32:30,8,79,0.016967782750725746,27.533184051513672,0.7856586575508118,,,,2e-05,51.60270047187805,0.069394432
2025-09-03 23:32:30,8,80,0.013168694451451302,27.533597946166992,0.8167690634727478,,,,2e-05,51.665653705596924,0.069408256
2025-09-03 23:32:30,8,81,0.024850722402334213,27.532634735107422,0.731255054473877,,,,2e-05,51.71878719329834,0.069408256
2025-09-03 23:32:30,8,82,0.011189606972038746,27.533926010131836,0.8393157124519348,,,,2e-05,51.763760566711426,0.069395456
2025-09-03 23:32:30,8,83,0.01659189723432064,27.533447265625,0.7825635671615601,,,,2e-05,51.80274772644043,0.069378048
2025-09-03 23:32:30,8,84,0.021210838109254837,27.53310775756836,0.7581582069396973,,,,2e-05,51.85092306137085,0.069401088
2025-09-03 23:32:30,8,85,0.012407813221216202,27.533729553222656,0.8258363008499146,,,,2e-05,51.90706181526184,0.069406208
2025-09-03 23:32:30,8,86,0.019218171015381813,27.533002853393555,0.7552120685577393,,,,2e-05,51.96311855316162,0.069410816
2025-09-03 23:32:30,8,87,0.0221280325204134,27.532804489135742,0.7450804114341736,,,,2e-05,52.02046990394592,0.069414912
2025-09-03 23:32:30,8,88,0.011655094102025032,27.533979415893555,0.8328392505645752,,,,2e-05,52.072035789489746,0.069406208
2025-09-03 23:32:30,8,89,0.0152885215356946,27.53335952758789,0.7927042245864868,,,,2e-05,52.121588945388794,0.069403648
2025-09-03 23:32:31,8,end,0.016599026198188465,27.533124944898816,0.7909083002143436,0.01932463124394417,27.533488273620605,0.7767633855342865,2e-05,52.26436996459961,0.06936576
2025-09-03 23:32:31,9,0,0.011755838058888912,27.5336856842041,0.8288837671279907,,,,2e-05,52.34928917884827,0.069462016
2025-09-03 23:32:31,9,1,0.014221635647118092,27.53351402282715,0.8135950565338135,,,,2e-05,52.4022421836853,0.069406208
2025-09-03 23:32:31,9,2,0.011310279369354248,27.533815383911133,0.8302801847457886,,,,2e-05,52.462849617004395,0.069417472
2025-09-03 23:32:31,9,3,0.011897362768650055,27.533706665039062,0.8158433437347412,,,,2e-05,52.51336741447449,0.069403648
2025-09-03 23:32:31,9,4,0.01052338071167469,27.534000396728516,0.8436795473098755,,,,2e-05,52.574604511260986,0.06941952
2025-09-03 23:32:31,9,5,0.02187756821513176,27.532907485961914,0.7474879026412964,,,,2e-05,52.64570879936218,0.069441024
2025-09-03 23:32:31,9,6,0.014592230319976807,27.53330421447754,0.7962340712547302,,,,2e-05,52.730454444885254,0.069469184
2025-09-03 23:32:31,9,7,0.014361511915922165,27.534164428710938,0.8031190037727356,,,,2e-05,52.77306246757507,0.069392384
2025-09-03 23:32:31,9,8,0.032127588987350464,27.532493591308594,0.6969514489173889,,,,2e-05,52.82715964317322,0.069408768
2025-09-03 23:32:31,9,9,0.015989011153578758,27.533079147338867,0.7822248935699463,,,,2e-05,52.88484501838684,0.069413888
2025-09-03 23:32:31,9,10,0.013022883795201778,27.533527374267578,0.8128461837768555,,,,2e-05,52.92648124694824,0.069382144
2025-09-03 23:32:31,9,11,0.01927763596177101,27.533077239990234,0.768218457698822,,,,2e-05,52.98012399673462,0.069408768
2025-09-03 23:32:31,9,12,0.02028214931488037,27.532825469970703,0.756195604801178,,,,2e-05,53.03646183013916,0.06941184
2025-09-03 23:32:31,9,13,0.02301803231239319,27.532684326171875,0.7413773536682129,,,,2e-05,53.09735870361328,0.06941952
2025-09-03 23:32:31,9,14,0.011354563757777214,27.533979415893555,0.841076135635376,,,,2e-05,53.14768195152283,0.069403648
2025-09-03 23:32:32,9,15,0.01307576522231102,27.533483505249023,0.8179086446762085,,,,2e-05,53.20070242881775,0.069408256
2025-09-03 23:32:32,9,16,0.018420424312353134,27.53293800354004,0.7742266654968262,,,,2e-05,53.267197608947754,0.069435392
2025-09-03 23:32:32,9,17,0.013563950546085835,27.533218383789062,0.8130631446838379,,,,2e-05,53.31993865966797,0.069406208
2025-09-03 23:32:32,9,18,0.027678145095705986,27.532617568969727,0.722841203212738,,,,2e-05,53.37626361846924,0.06941184
2025-09-03 23:32:32,9,19,0.014529614709317684,27.533166885375977,0.8007144927978516,,,,2e-05,53.417885541915894,0.069382144
2025-09-03 23:32:32,9,20,0.01096451748162508,27.533851623535156,0.8385477066040039,,,,2e-05,53.470799922943115,0.069408256
2025-09-03 23:32:32,9,21,0.015178856439888477,27.5331974029541,0.8083679676055908,,,,2e-05,53.522186279296875,0.069405184
2025-09-03 23:32:32,9,22,0.027582496404647827,27.53238296508789,0.7145549058914185,,,,2e-05,53.57914066314697,0.06941184
2025-09-03 23:32:32,9,23,0.022345181554555893,27.532346725463867,0.747063398361206,,,,2e-05,53.62464618682861,0.069396992
2025-09-03 23:32:32,9,24,0.011520477943122387,27.533811569213867,0.8368991613388062,,,,2e-05,53.6950900554657,0.069440512
2025-09-03 23:32:32,9,25,0.011179866269230843,27.53343963623047,0.8350173234939575,,,,2e-05,53.76620888710022,0.069450752
2025-09-03 23:32:32,9,26,0.017901519313454628,27.5327205657959,0.7746939659118652,,,,2e-05,53.82398796081543,0.069413888
2025-09-03 23:32:32,9,27,0.01996186003088951,27.532663345336914,0.7679382562637329,,,,2e-05,53.872793674468994,0.069401088
2025-09-03 23:32:32,9,28,0.016219181939959526,27.532976150512695,0.7773835062980652,,,,2e-05,53.92930507659912,0.06941184
2025-09-03 23:32:32,9,29,0.011566014029085636,27.533411026000977,0.8315354585647583,,,,2e-05,53.97688841819763,0.069400064
2025-09-03 23:32:32,9,30,0.023783741518855095,27.532154083251953,0.7378660440444946,,,,2e-05,54.0304388999939,0.069408256
2025-09-03 23:32:32,9,31,0.012262948788702488,27.533403396606445,0.8247877359390259,,,,2e-05,54.08691763877869,0.06941184
2025-09-03 23:32:32,9,32,0.015848422423005104,27.533546447753906,0.7887179851531982,,,,2e-05,54.146907329559326,0.069417472
2025-09-03 23:32:33,9,33,0.013683306984603405,27.53390121459961,0.8247455358505249,,,,2e-05,54.20114493370056,0.069408768
2025-09-03 23:32:33,9,34,0.020827878266572952,27.532278060913086,0.7544788718223572,,,,2e-05,54.259886264801025,0.069414912
2025-09-03 23:32:33,9,35,0.02533872053027153,27.532297134399414,0.7365631461143494,,,,2e-05,54.32014799118042,0.069417472
2025-09-03 23:32:33,9,36,0.022673193365335464,27.532066345214844,0.7403771877288818,,,,2e-05,54.39357566833496,0.069453312
2025-09-03 23:32:33,9,37,0.02381090633571148,27.5319766998291,0.7399756908416748,,,,2e-05,54.454288959503174,0.069417472
2025-09-03 23:32:33,9,38,0.017114533111453056,27.532894134521484,0.7798928022384644,,,,2e-05,54.493443727493286,0.069378048
2025-09-03 23:32:33,9,39,0.01500461995601654,27.533260345458984,0.7922228574752808,,,,2e-05,54.540363073349,0.069398016
2025-09-03 23:32:33,9,40,0.012855044566094875,27.533267974853516,0.8318935036659241,,,,2e-05,54.59349966049194,0.069408256
2025-09-03 23:32:33,9,41,0.01667887717485428,27.532550811767578,0.7855068445205688,,,,2e-05,54.637556314468384,0.069394432
2025-09-03 23:32:33,9,42,0.012577916495501995,27.53318977355957,0.821347713470459,,,,2e-05,54.68566560745239,0.069401088
2025-09-03 23:32:33,9,43,0.011532193049788475,27.53351593017578,0.8398042321205139,,,,2e-05,54.734755992889404,0.069401088
2025-09-03 23:32:33,9,44,0.01642955280840397,27.53260612487793,0.7905200719833374,,,,2e-05,54.7779746055603,0.069394432
2025-09-03 23:32:33,9,45,0.012235243804752827,27.53312873840332,0.8291945457458496,,,,2e-05,54.830501317977905,0.069406208
2025-09-03 23:32:33,9,46,0.011463967151939869,27.53335952758789,0.8380228281021118,,,,2e-05,54.87582778930664,0.069395456
2025-09-03 23:32:33,9,47,0.012806148268282413,27.53336524963379,0.820479154586792,,,,2e-05,54.91890263557434,0.069392896
2025-09-03 23:32:33,9,48,0.02325030229985714,27.532344818115234,0.7444549798965454,,,,2e-05,54.97131085395813,0.069406208
2025-09-03 23:32:33,9,49,0.01157049648463726,27.533681869506836,0.8324783444404602,,,,2e-05,55.03752064704895,0.069435392
2025-09-03 23:32:33,9,50,0.02410087175667286,27.53211784362793,0.7321027517318726,,,,2e-05,55.1067214012146,0.069438464
2025-09-03 23:32:33,9,51,0.013198419474065304,27.533510208129883,0.8113624453544617,,,,2e-05,55.1632342338562,0.069413888
2025-09-03 23:32:34,9,52,0.022155089303851128,27.53212547302246,0.7387703061103821,,,,2e-05,55.21581959724426,0.069406208
2025-09-03 23:32:34,9,53,0.021643128246068954,27.53215217590332,0.7453502416610718,,,,2e-05,55.276572942733765,0.069417472
2025-09-03 23:32:34,9,54,0.011897585354745388,27.533233642578125,0.8264983892440796,,,,2e-05,55.329548358917236,0.069406208
2025-09-03 23:32:34,9,55,0.013107391074299812,27.53322982788086,0.8242272734642029,,,,2e-05,55.381612062454224,0.069406208
2025-09-03 23:32:34,9,56,0.01681644096970558,27.533889770507812,0.7849404215812683,,,,2e-05,55.43823170661926,0.06941184
2025-09-03 23:32:34,9,57,0.017034487798810005,27.533761978149414,0.7865029573440552,,,,2e-05,55.475340366363525,0.069367296
2025-09-03 23:32:34,9,58,0.012070002034306526,27.533432006835938,0.8318746089935303,,,,2e-05,55.51889371871948,0.069394432
2025-09-03 23:32:34,9,59,0.012670212425291538,27.533029556274414,0.8136633634567261,,,,2e-05,55.604055404663086,0.069470208
2025-09-03 23:32:34,9,60,0.022777460515499115,27.532182693481445,0.731753945350647,,,,2e-05,55.6792094707489,0.06945536
2025-09-03 23:32:34,9,61,0.016353044658899307,27.532690048217773,0.7914757132530212,,,,2e-05,55.73146462440491,0.069406208
2025-09-03 23:32:34,9,62,0.015006526373326778,27.532930374145508,0.7945799231529236,,,,2e-05,55.77765703201294,0.069397504
2025-09-03 23:32:34,9,63,0.016535699367523193,27.53412437438965,0.7952319979667664,,,,2e-05,55.816505908966064,0.069377536
2025-09-03 23:32:34,9,64,0.016260478645563126,27.53394317626953,0.7921379804611206,,,,2e-05,55.860201597213745,0.069394944
2025-09-03 23:32:34,9,65,0.011814409866929054,27.533702850341797,0.8316640853881836,,,,2e-05,55.91246581077576,0.069406208
2025-09-03 23:32:34,9,66,0.018184121698141098,27.532678604125977,0.7647401690483093,,,,2e-05,55.95556998252869,0.069392896
2025-09-03 23:32:34,9,67,0.014623290859162807,27.534189224243164,0.803820013999939,,,,2e-05,56.009390115737915,0.069408768
2025-09-03 23:32:34,9,68,0.016460837796330452,27.533906936645508,0.7856329679489136,,,,2e-05,56.059669494628906,0.069403648
2025-09-03 23:32:34,9,69,0.012652604840695858,27.533557891845703,0.8266934752464294,,,,2e-05,56.11276984214783,0.069408256
2025-09-03 23:32:34,9,70,0.01206136867403984,27.5339412689209,0.8286292552947998,,,,2e-05,56.156487226486206,0.069394944
2025-09-03 23:32:35,9,71,0.014243307523429394,27.53333282470703,0.8026410937309265,,,,2e-05,56.21258878707886,0.06941184
2025-09-03 23:32:35,9,72,0.01151585765182972,27.53375244140625,0.8310509920120239,,,,2e-05,56.25412321090698,0.069378048
2025-09-03 23:32:35,9,73,0.019512822851538658,27.532861709594727,0.7535070776939392,,,,2e-05,56.296565532684326,0.069392384
2025-09-03 23:32:35,9,74,0.012169655412435532,27.533857345581055,0.8246662616729736,,,,2e-05,56.34112477302551,0.069395456
2025-09-03 23:32:35,9,75,0.021987875923514366,27.532670974731445,0.7422603368759155,,,,2e-05,56.4129855632782,0.0694528
2025-09-03 23:32:35,9,76,0.01289511751383543,27.534101486206055,0.8129119873046875,,,,2e-05,56.45988750457764,0.069398016
2025-09-03 23:32:35,9,77,0.018676601350307465,27.532960891723633,0.7590694427490234,,,,2e-05,56.51468825340271,0.069410816
2025-09-03 23:32:35,9,78,0.012017741799354553,27.534334182739258,0.8247555494308472,,,,2e-05,56.56970763206482,0.06941184
2025-09-03 23:32:35,9,79,0.011248833499848843,27.534366607666016,0.8358335494995117,,,,2e-05,56.62757635116577,0.069405696
2025-09-03 23:32:35,9,80,0.012811210006475449,27.53464126586914,0.8270460367202759,,,,2e-05,56.6875319480896,0.06941184
2025-09-03 23:32:35,9,81,0.02136107161641121,27.532852172851562,0.7466450333595276,,,,2e-05,56.742862939834595,0.069410816
2025-09-03 23:32:35,9,82,0.025488534942269325,27.532655715942383,0.7194464802742004,,,,2e-05,56.79295063018799,0.069403648
2025-09-03 23:32:35,9,83,0.011124824173748493,27.53407859802246,0.8322919607162476,,,,2e-05,56.86479616165161,0.0694528
2025-09-03 23:32:35,9,84,0.012637513689696789,27.534122467041016,0.8275585770606995,,,,2e-05,56.912869691848755,0.069400064
2025-09-03 23:32:35,9,85,0.01131518930196762,27.53387451171875,0.8257434964179993,,,,2e-05,56.96145939826965,0.069402624
2025-09-03 23:32:35,9,86,0.014925495721399784,27.533618927001953,0.7953764200210571,,,,2e-05,57.010735750198364,0.069403648
2025-09-03 23:32:35,9,87,0.022163474932312965,27.532926559448242,0.7474205493927002,,,,2e-05,57.06320309638977,0.069408256
2025-09-03 23:32:35,9,88,0.011932558380067348,27.534748077392578,0.8291913270950317,,,,2e-05,57.11137819290161,0.069401088
2025-09-03 23:32:36,9,89,0.013742153532803059,27.533781051635742,0.8081179261207581,,,,2e-05,57.20062327384949,0.069477888
2025-09-03 23:32:36,9,end,0.01620267631693019,27.533262740241156,0.7931031690703498,0.018952523358166218,27.533820152282715,0.7791358292102813,2e-05,57.34714722633362,0.069397504
2025-09-03 23:32:36,10,0,0.016612783074378967,27.533498764038086,0.7871423363685608,,,,2e-05,57.396867513656616,0.069394432
2025-09-03 23:32:36,10,1,0.028774725273251534,27.53287124633789,0.7053586840629578,,,,2e-05,57.45339584350586,0.06941184
2025-09-03 23:32:36,10,2,0.015559430234134197,27.533781051635742,0.8036419153213501,,,,2e-05,57.50336194038391,0.069405184
2025-09-03 23:32:36,10,3,0.012804264202713966,27.5341739654541,0.8283224105834961,,,,2e-05,57.55609607696533,0.069408256
2025-09-03 23:32:36,10,4,0.011036640033125877,27.53448486328125,0.8426860570907593,,,,2e-05,57.60585594177246,0.069403648
2025-09-03 23:32:36,10,5,0.012624579481780529,27.534154891967773,0.8277472853660583,,,,2e-05,57.653209924697876,0.069400064
2025-09-03 23:32:36,10,6,0.024566518142819405,27.532630920410156,0.733946681022644,,,,2e-05,57.713414430618286,0.069417472
2025-09-03 23:32:36,10,7,0.014194892719388008,27.534643173217773,0.8070253133773804,,,,2e-05,57.75686740875244,0.069394944
2025-09-03 23:32:36,10,8,0.011298174038529396,27.534423828125,0.8348926305770874,,,,2e-05,57.80038237571716,0.069394944
2025-09-03 23:32:36,10,9,0.02411753125488758,27.532756805419922,0.73565673828125,,,,2e-05,57.85305070877075,0.069408256
2025-09-03 23:32:36,10,10,0.03190615028142929,27.532634735107422,0.6969961524009705,,,,2e-05,57.90602684020996,0.069408768
2025-09-03 23:32:36,10,11,0.011859280057251453,27.533987045288086,0.825616180896759,,,,2e-05,57.957783222198486,0.069406208
2025-09-03 23:32:36,10,12,0.014794564805924892,27.534568786621094,0.8020432591438293,,,,2e-05,57.99459671974182,0.069367296
2025-09-03 23:32:36,10,13,0.011492611840367317,27.53407859802246,0.8273810744285583,,,,2e-05,58.041969537734985,0.069401088
2025-09-03 23:32:36,10,14,0.012292744591832161,27.53401756286621,0.8284741640090942,,,,2e-05,58.094918727874756,0.069408256
2025-09-03 23:32:36,10,15,0.01328332256525755,27.533615112304688,0.8140560388565063,,,,2e-05,58.14706540107727,0.069406208
2025-09-03 23:32:36,10,16,0.014303317293524742,27.534849166870117,0.8115999102592468,,,,2e-05,58.18569850921631,0.069377536
2025-09-03 23:32:37,10,17,0.012148469686508179,27.533987045288086,0.8268880844116211,,,,2e-05,58.23750567436218,0.069406208
2025-09-03 23:32:37,10,18,0.02196728251874447,27.532827377319336,0.7412628531455994,,,,2e-05,58.32330274581909,0.0694528
2025-09-03 23:32:37,10,19,0.02799777314066887,27.532909393310547,0.7190192341804504,,,,2e-05,58.38296103477478,0.06941184
2025-09-03 23:32:37,10,20,0.01807834394276142,27.533218383789062,0.775185227394104,,,,2e-05,58.44986009597778,0.069435392
2025-09-03 23:32:37,10,21,0.011035246774554253,27.53411102294922,0.8333904147148132,,,,2e-05,58.49749779701233,0.069400064
2025-09-03 23:32:37,10,22,0.019332710653543472,27.533029556274414,0.7541229724884033,,,,2e-05,58.53984832763672,0.069392384
2025-09-03 23:32:37,10,23,0.0228826105594635,27.532543182373047,0.7385265827178955,,,,2e-05,58.61350417137146,0.069453312
2025-09-03 23:32:37,10,24,0.01610437035560608,27.533552169799805,0.785541832447052,,,,2e-05,58.652488708496094,0.069378048
2025-09-03 23:32:37,10,25,0.011169602163136005,27.534420013427734,0.8361712098121643,,,,2e-05,58.70374822616577,0.069405696
2025-09-03 23:32:37,10,26,0.013295109383761883,27.534652709960938,0.813429057598114,,,,2e-05,58.75719499588013,0.069408768
2025-09-03 23:32:37,10,27,0.011784244328737259,27.534170150756836,0.8215429186820984,,,,2e-05,58.814255237579346,0.069413888
2025-09-03 23:32:37,10,28,0.017941772937774658,27.533002853393555,0.7668174505233765,,,,2e-05,58.85728192329407,0.069392896
2025-09-03 23:32:37,10,29,0.011210363358259201,27.534053802490234,0.8312743902206421,,,,2e-05,58.91306257247925,0.06941184
2025-09-03 23:32:37,10,30,0.010959452949464321,27.53398323059082,0.8340876698493958,,,,2e-05,58.98597550392151,0.0694528
2025-09-03 23:32:37,10,31,0.010674063116312027,27.534440994262695,0.842714250087738,,,,2e-05,59.05585026741028,0.069440512
2025-09-03 23:32:37,10,32,0.011621353216469288,27.534740447998047,0.8403645753860474,,,,2e-05,59.10983443260193,0.069408768
2025-09-03 23:32:37,10,33,0.024796996265649796,27.53254508972168,0.7233180999755859,,,,2e-05,59.159756898880005,0.069403648
2025-09-03 23:32:38,10,34,0.014952942728996277,27.534465789794922,0.7955513596534729,,,,2e-05,59.21004676818848,0.069403648
2025-09-03 23:32:38,10,35,0.013316016644239426,27.53396987915039,0.8208935856819153,,,,2e-05,59.26172232627869,0.069406208
2025-09-03 23:32:38,10,36,0.01332840509712696,27.534704208374023,0.8103755712509155,,,,2e-05,59.30387830734253,0.069392384
2025-09-03 23:32:38,10,37,0.010388277471065521,27.534656524658203,0.8416497111320496,,,,2e-05,59.36954092979431,0.069435392
2025-09-03 23:32:38,10,38,0.011777595616877079,27.534902572631836,0.8296447992324829,,,,2e-05,59.418492555618286,0.069401088
2025-09-03 23:32:38,10,39,0.016626978293061256,27.533390045166016,0.7850970029830933,,,,2e-05,59.470046520233154,0.069406208
2025-09-03 23:32:38,10,40,0.012713467702269554,27.534093856811523,0.81819087266922,,,,2e-05,59.523032426834106,0.069408256
2025-09-03 23:32:38,10,41,0.013998360373079777,27.534008026123047,0.8127507567405701,,,,2e-05,59.575249671936035,0.069406208
2025-09-03 23:32:38,10,42,0.022615836933255196,27.532909393310547,0.735236406326294,,,,2e-05,59.62713646888733,0.069406208
2025-09-03 23:32:38,10,43,0.021670321002602577,27.53321075439453,0.7470181584358215,,,,2e-05,59.69771885871887,0.069441024
2025-09-03 23:32:38,10,44,0.01192172709852457,27.535114288330078,0.8332846164703369,,,,2e-05,59.7538161277771,0.06941184
2025-09-03 23:32:38,10,45,0.014954760670661926,27.53372573852539,0.7920258641242981,,,,2e-05,59.79948616027832,0.069397504
2025-09-03 23:32:38,10,46,0.025067109614610672,27.53319549560547,0.7289506196975708,,,,2e-05,59.851208448410034,0.069406208
2025-09-03 23:32:38,10,47,0.018462615087628365,27.533409118652344,0.7671776413917542,,,,2e-05,59.90814518928528,0.069413888
2025-09-03 23:32:38,10,48,0.015082865953445435,27.533775329589844,0.7830951809883118,,,,2e-05,59.96454954147339,0.06941184
2025-09-03 23:32:38,10,49,0.01343365479260683,27.5345458984375,0.8034928441047668,,,,2e-05,60.027353286743164,0.069417472
2025-09-03 23:32:38,10,50,0.010747832246124744,27.534311294555664,0.8329933881759644,,,,2e-05,60.08794283866882,0.069417472
2025-09-03 23:32:38,10,51,0.02292569912970066,27.53270721435547,0.7316164374351501,,,,2e-05,60.162744998931885,0.06945536
2025-09-03 23:32:39,10,52,0.014326117001473904,27.53375244140625,0.7998350858688354,,,,2e-05,60.21990513801575,0.06941184
2025-09-03 23:32:39,10,53,0.012058604508638382,27.534502029418945,0.818283200263977,,,,2e-05,60.26651310920715,0.069398016
2025-09-03 23:32:39,10,54,0.011042850092053413,27.53439712524414,0.8328475952148438,,,,2e-05,60.30937385559082,0.069392896
2025-09-03 23:32:39,10,55,0.014536995440721512,27.533613204956055,0.7978123426437378,,,,2e-05,60.35926294326782,0.069403648
2025-09-03 23:32:39,10,56,0.01154287438839674,27.534252166748047,0.8286424875259399,,,,2e-05,60.404837131500244,0.069395456
2025-09-03 23:32:39,10,57,0.009680302813649178,27.53453826904297,0.8489886522293091,,,,2e-05,60.465365171432495,0.06941952
2025-09-03 23:32:39,10,58,0.015234502032399178,27.53333854675293,0.7880085706710815,,,,2e-05,60.52523064613342,0.069413888
2025-09-03 23:32:39,10,59,0.016577517613768578,27.533388137817383,0.7829115986824036,,,,2e-05,60.57556486129761,0.069394432
2025-09-03 23:32:39,10,60,0.018085943534970284,27.533145904541016,0.7637518048286438,,,,2e-05,60.63377332687378,0.069410816
2025-09-03 23:32:39,10,61,0.011073900386691093,27.534481048583984,0.8357633352279663,,,,2e-05,60.686357259750366,0.069406208
2025-09-03 23:32:39,10,62,0.013837022706866264,27.533597946166992,0.802198052406311,,,,2e-05,60.77120780944824,0.069469184
2025-09-03 23:32:39,10,63,0.012827438302338123,27.53426742553711,0.8067207336425781,,,,2e-05,60.81871223449707,0.069398016
2025-09-03 23:32:39,10,64,0.012711502611637115,27.533714294433594,0.8118841648101807,,,,2e-05,60.904157638549805,0.069470208
2025-09-03 23:32:39,10,65,0.010201524943113327,27.53463363647461,0.8473967909812927,,,,2e-05,60.953391551971436,0.069401088
2025-09-03 23:32:39,10,66,0.0267601627856493,27.532886505126953,0.7248508334159851,,,,2e-05,61.01519966125488,0.069417472
2025-09-03 23:32:39,10,67,0.020443692803382874,27.532865524291992,0.7529541850090027,,,,2e-05,61.07097554206848,0.069410816
2025-09-03 23:32:39,10,68,0.02135229855775833,27.532711029052734,0.7490023374557495,,,,2e-05,61.13179636001587,0.069417472
2025-09-03 23:32:39,10,69,0.01382320187985897,27.534902572631836,0.8064932823181152,,,,2e-05,61.18865346908569,0.06941184
2025-09-03 23:32:40,10,70,0.010365372523665428,27.534191131591797,0.8392878174781799,,,,2e-05,61.26002216339111,0.069450752
2025-09-03 23:32:40,10,71,0.02101663313806057,27.53278350830078,0.7547410726547241,,,,2e-05,61.31349849700928,0.069408256
2025-09-03 23:32:40,10,72,0.011068432591855526,27.53411293029785,0.8227905631065369,,,,2e-05,61.36480116844177,0.069403648
2025-09-03 23:32:40,10,73,0.024414338171482086,27.53264045715332,0.7261682152748108,,,,2e-05,61.433916091918945,0.069438464
2025-09-03 23:32:40,10,74,0.011077173054218292,27.533998489379883,0.8329094648361206,,,,2e-05,61.51329803466797,0.069462016
2025-09-03 23:32:40,10,75,0.011817826889455318,27.5341854095459,0.8299961686134338,,,,2e-05,61.55733275413513,0.069394432
2025-09-03 23:32:40,10,76,0.020397454500198364,27.53273582458496,0.7561570405960083,,,,2e-05,61.6168897151947,0.069414912
2025-09-03 23:32:40,10,77,0.01217535138130188,27.533788681030273,0.8191933631896973,,,,2e-05,61.6589789390564,0.069382144
2025-09-03 23:32:40,10,78,0.021466389298439026,27.532705307006836,0.7528996467590332,,,,2e-05,61.72017288208008,0.06941952
2025-09-03 23:32:40,10,79,0.010785034857690334,27.534236907958984,0.8420295715332031,,,,2e-05,61.76527452468872,0.069395456
2025-09-03 23:32:40,10,80,0.013111680746078491,27.53358268737793,0.8143405318260193,,,,2e-05,61.85550379753113,0.069477888
2025-09-03 23:32:40,10,81,0.018428048118948936,27.533061981201172,0.7753428220748901,,,,2e-05,61.911049127578735,0.069408768
2025-09-03 23:32:40,10,82,0.011636938899755478,27.53452491760254,0.8285618424415588,,,,2e-05,61.96829080581665,0.06941184
2025-09-03 23:32:40,10,83,0.021094229072332382,27.53247833251953,0.7526840567588806,,,,2e-05,62.019999265670776,0.069396992
2025-09-03 23:32:40,10,84,0.01355259120464325,27.533409118652344,0.8080943822860718,,,,2e-05,62.06446409225464,0.069382144
2025-09-03 23:32:40,10,85,0.010391640476882458,27.534387588500977,0.8426357507705688,,,,2e-05,62.11756229400635,0.069408256
2025-09-03 23:32:40,10,86,0.018611110746860504,27.532672882080078,0.7663859128952026,,,,2e-05,62.17374801635742,0.06941184
2025-09-03 23:32:41,10,87,0.010906435549259186,27.533628463745117,0.8310755491256714,,,,2e-05,62.22251749038696,0.069402624
2025-09-03 23:32:41,10,88,0.019626658409833908,27.532873153686523,0.7699992060661316,,,,2e-05,62.27093839645386,0.069401088
2025-09-03 23:32:41,10,89,0.011134959757328033,27.53388023376465,0.834713339805603,,,,2e-05,62.30992007255554,0.069378048
2025-09-03 23:32:41,10,end,0.015641116816550494,27.533747990926106,0.7962626649273766,0.01814171764999628,27.533477783203125,0.7853415608406067,2e-05,62.45264983177185,0.069356544
2025-09-03 23:32:41,11,0,0.012334701605141163,27.53462791442871,0.8264092206954956,,,,2e-05,62.50732755661011,0.069401088
2025-09-03 23:32:41,11,1,0.013874923810362816,27.53423309326172,0.8021922707557678,,,,2e-05,62.56735420227051,0.069417472
2025-09-03 23:32:41,11,2,0.010485006496310234,27.534320831298828,0.8464037775993347,,,,2e-05,62.61669874191284,0.069401088
2025-09-03 23:32:41,11,3,0.021098095923662186,27.53252601623535,0.7555150389671326,,,,2e-05,62.67801117897034,0.06941952
2025-09-03 23:32:41,11,4,0.016964077949523926,27.53292465209961,0.7835272550582886,,,,2e-05,62.745076179504395,0.069435392
2025-09-03 23:32:41,11,5,0.02320907451212406,27.532676696777344,0.7425864934921265,,,,2e-05,62.79792785644531,0.069406208
2025-09-03 23:32:41,11,6,0.010701085440814495,27.534164428710938,0.8425241112709045,,,,2e-05,62.84319615364075,0.069395456
2025-09-03 23:32:41,11,7,0.010810195468366146,27.53367042541504,0.8316768407821655,,,,2e-05,62.892053842544556,0.069402624
2025-09-03 23:32:41,11,8,0.013056243769824505,27.534841537475586,0.815731406211853,,,,2e-05,62.9459114074707,0.069408768
2025-09-03 23:32:41,11,9,0.010792952962219715,27.534046173095703,0.836137592792511,,,,2e-05,62.993226289749146,0.069400064
2025-09-03 23:32:41,11,10,0.0124224703758955,27.53435516357422,0.816481351852417,,,,2e-05,63.039833784103394,0.069398016
2025-09-03 23:32:41,11,11,0.010751857422292233,27.534465789794922,0.8441280722618103,,,,2e-05,63.09009528160095,0.069403648
2025-09-03 23:32:41,11,12,0.020405462011694908,27.53243637084961,0.7553962469100952,,,,2e-05,63.1509792804718,0.069417472
2025-09-03 23:32:42,11,13,0.021451300010085106,27.53237533569336,0.742087721824646,,,,2e-05,63.22547221183777,0.06945536
2025-09-03 23:32:42,11,14,0.013906199485063553,27.535066604614258,0.813518226146698,,,,2e-05,63.26494264602661,0.069377536
2025-09-03 23:32:42,11,15,0.012025980278849602,27.534137725830078,0.8317205905914307,,,,2e-05,63.312596559524536,0.069400064
2025-09-03 23:32:42,11,16,0.012145599350333214,27.5350399017334,0.8310966491699219,,,,2e-05,63.368046283721924,0.06941184
2025-09-03 23:32:42,11,17,0.01378726214170456,27.534883499145508,0.8091115355491638,,,,2e-05,63.41318130493164,0.069394944
2025-09-03 23:32:42,11,18,0.010101682506501675,27.534208297729492,0.840819776058197,,,,2e-05,63.48429346084595,0.069450752
2025-09-03 23:32:42,11,19,0.014066684059798717,27.534908294677734,0.8062100410461426,,,,2e-05,63.52192950248718,0.069367296
2025-09-03 23:32:42,11,20,0.02361796237528324,27.532529830932617,0.7312633991241455,,,,2e-05,63.571962118148804,0.069403648
2025-09-03 23:32:42,11,21,0.025927910581231117,27.532835006713867,0.7297226190567017,,,,2e-05,63.63289785385132,0.069417472
2025-09-03 23:32:42,11,22,0.027041980996727943,27.532873153686523,0.7242286205291748,,,,2e-05,63.68969488143921,0.06941184
2025-09-03 23:32:42,11,23,0.013388136401772499,27.53380584716797,0.8067435026168823,,,,2e-05,63.73133563995361,0.069382144
2025-09-03 23:32:42,11,24,0.013957539573311806,27.53487205505371,0.8020102381706238,,,,2e-05,63.78172564506531,0.069403648
2025-09-03 23:32:42,11,25,0.011655128560960293,27.534252166748047,0.8291489481925964,,,,2e-05,63.83400845527649,0.069406208
2025-09-03 23:32:42,11,26,0.023746320977807045,27.53266143798828,0.7305625081062317,,,,2e-05,63.9029860496521,0.069438464
2025-09-03 23:32:42,11,27,0.014754374511539936,27.533891677856445,0.8073939681053162,,,,2e-05,63.95529007911682,0.069405184
2025-09-03 23:32:42,11,28,0.02258085459470749,27.532638549804688,0.7450382709503174,,,,2e-05,64.00872111320496,0.069408256
2025-09-03 23:32:42,11,29,0.012040797621011734,27.53409194946289,0.8235267400741577,,,,2e-05,64.06220149993896,0.069408256
2025-09-03 23:32:42,11,30,0.009734073653817177,27.534852981567383,0.845382571220398,,,,2e-05,64.1153576374054,0.069408256
2025-09-03 23:32:42,11,31,0.012511810287833214,27.533727645874023,0.8189831376075745,,,,2e-05,64.1680166721344,0.069406208
2025-09-03 23:32:43,11,32,0.02142082341015339,27.532474517822266,0.7490847110748291,,,,2e-05,64.24111342430115,0.069453312
2025-09-03 23:32:43,11,33,0.010407445020973682,27.534439086914062,0.8362858295440674,,,,2e-05,64.29822897911072,0.06941184
2025-09-03 23:32:43,11,34,0.010662888176739216,27.534595489501953,0.837334156036377,,,,2e-05,64.35057234764099,0.069406208
2025-09-03 23:32:43,11,35,0.019468063488602638,27.532703399658203,0.7589209079742432,,,,2e-05,64.40604305267334,0.069410816
2025-09-03 23:32:43,11,36,0.016953732818365097,27.53310775756836,0.773648738861084,,,,2e-05,64.44916462898254,0.069392896
2025-09-03 23:32:43,11,37,0.015556324273347855,27.533260345458984,0.7904435396194458,,,,2e-05,64.49229192733765,0.069394432
2025-09-03 23:32:43,11,38,0.015239602886140347,27.53373908996582,0.7911504507064819,,,,2e-05,64.53110003471375,0.069378048
2025-09-03 23:32:43,11,39,0.010848415084183216,27.53413963317871,0.822719395160675,,,,2e-05,64.5817129611969,0.069403648
2025-09-03 23:32:43,11,40,0.013145137578248978,27.533781051635742,0.8201166987419128,,,,2e-05,64.63595414161682,0.069406208
2025-09-03 23:32:43,11,41,0.0126724224537611,27.534255981445312,0.8072132468223572,,,,2e-05,64.68216848373413,0.069398016
2025-09-03 23:32:43,11,42,0.009355375543236732,27.534595489501953,0.8507376909255981,,,,2e-05,64.74316930770874,0.06941952
2025-09-03 23:32:43,11,43,0.012743517756462097,27.53493881225586,0.8139964938163757,,,,2e-05,64.78542375564575,0.069392384
2025-09-03 23:32:43,11,44,0.009982611052691936,27.534812927246094,0.8466230034828186,,,,2e-05,64.85545539855957,0.069440512
2025-09-03 23:32:43,11,45,0.01976049318909645,27.5325984954834,0.7642306685447693,,,,2e-05,64.90953540802002,0.069408256
2025-09-03 23:32:43,11,46,0.014320100657641888,27.533689498901367,0.7896900773048401,,,,2e-05,64.96655821800232,0.06941184
2025-09-03 23:32:43,11,47,0.02594253048300743,27.532512664794922,0.7222877740859985,,,,2e-05,65.02305436134338,0.06941184
2025-09-03 23:32:43,11,48,0.011345839127898216,27.534215927124023,0.8344445824623108,,,,2e-05,65.07692790031433,0.069408256
2025-09-03 23:32:43,11,49,0.012971743009984493,27.533550262451172,0.8085480332374573,,,,2e-05,65.161386013031,0.069469184
2025-09-03 23:32:44,11,50,0.02958766184747219,27.532318115234375,0.7109973430633545,,,,2e-05,65.21623873710632,0.069408768
2025-09-03 23:32:44,11,51,0.011915495619177818,27.534385681152344,0.8339516520500183,,,,2e-05,65.26980924606323,0.069408256
2025-09-03 23:32:44,11,52,0.011153116822242737,27.53438949584961,0.8346869349479675,,,,2e-05,65.31315207481384,0.069394432
2025-09-03 23:32:44,11,53,0.010505684651434422,27.53532600402832,0.8474373817443848,,,,2e-05,65.3670265674591,0.069408768
2025-09-03 23:32:44,11,54,0.010104810819029808,27.53432273864746,0.8402480483055115,,,,2e-05,65.43920922279358,0.0694528
2025-09-03 23:32:44,11,55,0.011178051121532917,27.534175872802734,0.8297058343887329,,,,2e-05,65.49189710617065,0.069406208
2025-09-03 23:32:44,11,56,0.019120974466204643,27.53313446044922,0.7713838815689087,,,,2e-05,65.54089975357056,0.069401088
2025-09-03 23:32:44,11,57,0.011764433234930038,27.533676147460938,0.8194790482521057,,,,2e-05,65.62602591514587,0.069470208
2025-09-03 23:32:44,11,58,0.010363182052969933,27.534116744995117,0.8382458686828613,,,,2e-05,65.70586967468262,0.069462016
2025-09-03 23:32:44,11,59,0.010185983031988144,27.534423828125,0.8367551565170288,,,,2e-05,65.76670336723328,0.069417472
2025-09-03 23:32:44,11,60,0.010649089701473713,27.534622192382812,0.8345400094985962,,,,2e-05,65.81023168563843,0.069392896
2025-09-03 23:32:44,11,61,0.016635358333587646,27.532939910888672,0.7740220427513123,,,,2e-05,65.86590504646301,0.069410816
2025-09-03 23:32:44,11,62,0.01087749283760786,27.53436279296875,0.832432746887207,,,,2e-05,65.91076946258545,0.069395456
2025-09-03 23:32:44,11,63,0.009775371290743351,27.534940719604492,0.8445113301277161,,,,2e-05,65.97707343101501,0.069435392
2025-09-03 23:32:44,11,64,0.021635951474308968,27.532238006591797,0.75508052110672,,,,2e-05,66.03780269622803,0.069417472
2025-09-03 23:32:44,11,65,0.009887523017823696,27.535037994384766,0.8454119563102722,,,,2e-05,66.08951997756958,0.069405696
2025-09-03 23:32:44,11,66,0.012403945438563824,27.533756256103516,0.8170482516288757,,,,2e-05,66.17946290969849,0.069477888
2025-09-03 23:32:45,11,67,0.010679300874471664,27.534725189208984,0.8281697034835815,,,,2e-05,66.23732805252075,0.069413888
2025-09-03 23:32:45,11,68,0.010386866517364979,27.53436851501465,0.8342686891555786,,,,2e-05,66.28599047660828,0.069401088
2025-09-03 23:32:45,11,69,0.01389026828110218,27.533248901367188,0.7982970476150513,,,,2e-05,66.34322023391724,0.069413888
2025-09-03 23:32:45,11,70,0.017435550689697266,27.533016204833984,0.7677985429763794,,,,2e-05,66.3861436843872,0.069392384
2025-09-03 23:32:45,11,71,0.013433613814413548,27.533565521240234,0.8035730123519897,,,,2e-05,66.43160510063171,0.069397504
2025-09-03 23:32:45,11,72,0.010082460939884186,27.534902572631836,0.8415724039077759,,,,2e-05,66.47539019584656,0.069394944
2025-09-03 23:32:45,11,73,0.013201795518398285,27.533613204956055,0.8075003623962402,,,,2e-05,66.52489590644836,0.069403648
2025-09-03 23:32:45,11,74,0.01770206354558468,27.533220291137695,0.7785052061080933,,,,2e-05,66.57852053642273,0.069408768
2025-09-03 23:32:45,11,75,0.019412852823734283,27.5325984954834,0.7585845589637756,,,,2e-05,66.65214014053345,0.0694528
2025-09-03 23:32:45,11,76,0.018771421164274216,27.532655715942383,0.7680113315582275,,,,2e-05,66.71061062812805,0.069414912
2025-09-03 23:32:45,11,77,0.011265335604548454,27.533994674682617,0.8245924711227417,,,,2e-05,66.75191640853882,0.069382144
2025-09-03 23:32:45,11,78,0.014649256132543087,27.533130645751953,0.800321638584137,,,,2e-05,66.80330777168274,0.069406208
2025-09-03 23:32:45,11,79,0.019530493766069412,27.532487869262695,0.7640659213066101,,,,2e-05,66.848961353302,0.069396992
2025-09-03 23:32:45,11,80,0.019434791058301926,27.532339096069336,0.7580628991127014,,,,2e-05,66.90084671974182,0.069406208
2025-09-03 23:32:45,11,81,0.012821424752473831,27.533620834350586,0.8112553358078003,,,,2e-05,66.95787191390991,0.06941184
2025-09-03 23:32:45,11,82,0.01004948653280735,27.53428077697754,0.8417040109634399,,,,2e-05,66.99769306182861,0.069378048
2025-09-03 23:32:45,11,83,0.012408953160047531,27.534021377563477,0.826943039894104,,,,2e-05,67.05019545555115,0.069406208
2025-09-03 23:32:45,11,84,0.010607389733195305,27.53501319885254,0.8342922925949097,,,,2e-05,67.10608434677124,0.06941184
2025-09-03 23:32:45,11,85,0.014219935052096844,27.53324317932129,0.80519038438797,,,,2e-05,67.14941906929016,0.069394432
2025-09-03 23:32:46,11,86,0.013219863176345825,27.53529167175293,0.8102657794952393,,,,2e-05,67.20488715171814,0.06941184
2025-09-03 23:32:46,11,87,0.015942970290780067,27.53300666809082,0.7861803770065308,,,,2e-05,67.26181173324585,0.069413888
2025-09-03 23:32:46,11,88,0.018466129899024963,27.532621383666992,0.7706046104431152,,,,2e-05,67.33230972290039,0.069441024
2025-09-03 23:32:46,11,89,0.016712743788957596,27.532663345336914,0.7809996604919434,,,,2e-05,67.3891966342926,0.06941184
2025-09-03 23:32:46,11,end,0.014669043384492398,27.533779419793024,0.8027939114305708,0.016853891592472792,27.533799934387208,0.7939612925052643,2e-05,67.53453874588013,0.069370368
2025-09-03 23:32:46,12,0,0.009926492348313332,27.534076690673828,0.8426096439361572,,,,2e-05,67.61910605430603,0.069462016
2025-09-03 23:32:46,12,1,0.015274790115654469,27.532947540283203,0.7968623638153076,,,,2e-05,67.68705606460571,0.069435392
2025-09-03 23:32:46,12,2,0.016732893884181976,27.53299903869629,0.7864996194839478,,,,2e-05,67.74218583106995,0.069408768
2025-09-03 23:32:46,12,3,0.010022963397204876,27.53447723388672,0.8405879139900208,,,,2e-05,67.79912209510803,0.06941184
2025-09-03 23:32:46,12,4,0.015535435639321804,27.532878875732422,0.7858610153198242,,,,2e-05,67.842116355896,0.069392896
2025-09-03 23:32:46,12,5,0.013867195695638657,27.53511619567871,0.8071824312210083,,,,2e-05,67.87972664833069,0.069367296
2025-09-03 23:32:46,12,6,0.018054256215691566,27.532285690307617,0.7698986530303955,,,,2e-05,67.95224690437317,0.0694528
2025-09-03 23:32:46,12,7,0.013738536275923252,27.533571243286133,0.7957270741462708,,,,2e-05,68.00921869277954,0.06941184
2025-09-03 23:32:46,12,8,0.02075769193470478,27.532121658325195,0.7527610659599304,,,,2e-05,68.07870936393738,0.069438464
2025-09-03 23:32:46,12,9,0.018392112106084824,27.532106399536133,0.7659904956817627,,,,2e-05,68.13113474845886,0.069406208
2025-09-03 23:32:46,12,10,0.017580971121788025,27.532785415649414,0.7843760251998901,,,,2e-05,68.18043375015259,0.069401088
2025-09-03 23:32:47,12,11,0.013412274420261383,27.533557891845703,0.8193069696426392,,,,2e-05,68.23217988014221,0.069405184
2025-09-03 23:32:47,12,12,0.010722162202000618,27.53500747680664,0.8332964181900024,,,,2e-05,68.28781867027283,0.06941184
2025-09-03 23:32:47,12,13,0.013313746079802513,27.53519058227539,0.8121623992919922,,,,2e-05,68.33203649520874,0.069394944
2025-09-03 23:32:47,12,14,0.01187138631939888,27.535497665405273,0.8236983418464661,,,,2e-05,68.3857638835907,0.069408768
2025-09-03 23:32:47,12,15,0.02355198562145233,27.532249450683594,0.7493025064468384,,,,2e-05,68.44326496124268,0.06941184
2025-09-03 23:32:47,12,16,0.010930710472166538,27.535425186157227,0.834528923034668,,,,2e-05,68.49285769462585,0.069401088
2025-09-03 23:32:47,12,17,0.012779132463037968,27.533016204833984,0.8087047338485718,,,,2e-05,68.55091857910156,0.069413888
2025-09-03 23:32:47,12,18,0.017470134422183037,27.532306671142578,0.7823439240455627,,,,2e-05,68.60448956489563,0.069408256
2025-09-03 23:32:47,12,19,0.013547676615417004,27.533266067504883,0.8104983568191528,,,,2e-05,68.64821720123291,0.069394432
2025-09-03 23:32:47,12,20,0.013650583103299141,27.533090591430664,0.8057821393013,,,,2e-05,68.69179272651672,0.069394432
2025-09-03 23:32:47,12,21,0.01013277843594551,27.53481101989746,0.8385218977928162,,,,2e-05,68.73493456840515,0.069392896
2025-09-03 23:32:47,12,22,0.017456959933042526,27.532135009765625,0.7778120636940002,,,,2e-05,68.79542517662048,0.069417472
2025-09-03 23:32:47,12,23,0.017004232853651047,27.532329559326172,0.7814393639564514,,,,2e-05,68.85391330718994,0.069414912
2025-09-03 23:32:47,12,24,0.00916854478418827,27.534332275390625,0.8481494188308716,,,,2e-05,68.92707347869873,0.0694528
2025-09-03 23:32:47,12,25,0.011295435018837452,27.53363800048828,0.8271228075027466,,,,2e-05,69.01823925971985,0.069477888
2025-09-03 23:32:47,12,26,0.015025138854980469,27.532846450805664,0.7930834293365479,,,,2e-05,69.07714414596558,0.069413888
2025-09-03 23:32:47,12,27,0.008809104561805725,27.534286499023438,0.8512964248657227,,,,2e-05,69.14844155311584,0.069450752
2025-09-03 23:32:47,12,28,0.011798383668065071,27.535863876342773,0.8278528451919556,,,,2e-05,69.18862628936768,0.069377536
2025-09-03 23:32:48,12,29,0.00949074700474739,27.534976959228516,0.8463036417961121,,,,2e-05,69.23341774940491,0.069394944
2025-09-03 23:32:48,12,30,0.010471161454916,27.533571243286133,0.8305433392524719,,,,2e-05,69.32179117202759,0.069470208
2025-09-03 23:32:48,12,31,0.01815052330493927,27.53240966796875,0.7774006128311157,,,,2e-05,69.38442063331604,0.06941952
2025-09-03 23:32:48,12,32,0.017344225198030472,27.53253746032715,0.7786710858345032,,,,2e-05,69.45613646507263,0.069441024
2025-09-03 23:32:48,12,33,0.01632123626768589,27.532400131225586,0.7832154631614685,,,,2e-05,69.51191782951355,0.069410816
2025-09-03 23:32:48,12,34,0.015472224913537502,27.532651901245117,0.7904292345046997,,,,2e-05,69.56962847709656,0.06941184
2025-09-03 23:32:48,12,35,0.012537357397377491,27.53548240661621,0.8126488924026489,,,,2e-05,69.62132287025452,0.069403648
2025-09-03 23:32:48,12,36,0.011255324818193913,27.533811569213867,0.8234328627586365,,,,2e-05,69.66347146034241,0.069382144
2025-09-03 23:32:48,12,37,0.00920269824564457,27.534809112548828,0.8454961776733398,,,,2e-05,69.7109637260437,0.069400064
2025-09-03 23:32:48,12,38,0.010388520546257496,27.5342960357666,0.8367800116539001,,,,2e-05,69.76450705528259,0.069408256
2025-09-03 23:32:48,12,39,0.015201919712126255,27.532865524291992,0.7862889766693115,,,,2e-05,69.80719828605652,0.069392384
2025-09-03 23:32:48,12,40,0.01871911808848381,27.532180786132812,0.7729455232620239,,,,2e-05,69.86104273796082,0.069408256
2025-09-03 23:32:48,12,41,0.010999440215528011,27.534759521484375,0.8201503157615662,,,,2e-05,69.90847539901733,0.069398016
2025-09-03 23:32:48,12,42,0.014069071039557457,27.532726287841797,0.7957956194877625,,,,2e-05,69.96338391304016,0.069410816
2025-09-03 23:32:48,12,43,0.026291435584425926,27.5317325592041,0.7348761558532715,,,,2e-05,70.01715469360352,0.069408768
2025-09-03 23:32:48,12,44,0.02005450241267681,27.532371520996094,0.7638998031616211,,,,2e-05,70.07029175758362,0.069406208
2025-09-03 23:32:48,12,45,0.009322629310190678,27.535058975219727,0.839213490486145,,,,2e-05,70.12792229652405,0.069413888
2025-09-03 23:32:49,12,46,0.01705321855843067,27.531841278076172,0.7760454416275024,,,,2e-05,70.20320081710815,0.06945536
2025-09-03 23:32:49,12,47,0.00889766588807106,27.53534507751465,0.8501496315002441,,,,2e-05,70.27104115486145,0.069435392
2025-09-03 23:32:49,12,48,0.008568608202040195,27.533977508544922,0.8494566082954407,,,,2e-05,70.32119154930115,0.069402624
2025-09-03 23:32:49,12,49,0.011344353668391705,27.535091400146484,0.819072425365448,,,,2e-05,70.3820378780365,0.069417472
2025-09-03 23:32:49,12,50,0.012963625602424145,27.533721923828125,0.8099456429481506,,,,2e-05,70.42179417610168,0.069378048
2025-09-03 23:32:49,12,51,0.010876379907131195,27.53579330444336,0.8283488750457764,,,,2e-05,70.46416282653809,0.069392384
2025-09-03 23:32:49,12,52,0.009616400115191936,27.536161422729492,0.8484601974487305,,,,2e-05,70.51974701881409,0.06941184
2025-09-03 23:32:49,12,53,0.008905172348022461,27.5345516204834,0.840258777141571,,,,2e-05,70.57109236717224,0.069403648
2025-09-03 23:32:49,12,54,0.01797529123723507,27.531862258911133,0.7819592952728271,,,,2e-05,70.63207149505615,0.069417472
2025-09-03 23:32:49,12,55,0.016477102413773537,27.5322265625,0.785984456539154,,,,2e-05,70.67840814590454,0.069396992
2025-09-03 23:32:49,12,56,0.011246668174862862,27.533735275268555,0.8219980001449585,,,,2e-05,70.73500919342041,0.06941184
2025-09-03 23:32:49,12,57,0.00934889167547226,27.534154891967773,0.8402702808380127,,,,2e-05,70.77665042877197,0.069382144
2025-09-03 23:32:49,12,58,0.011527745053172112,27.534034729003906,0.8317204713821411,,,,2e-05,70.82899641990662,0.069406208
2025-09-03 23:32:49,12,59,0.021849950775504112,27.5321102142334,0.7607985734939575,,,,2e-05,70.88984441757202,0.069417472
2025-09-03 23:32:49,12,60,0.008042354136705399,27.535465240478516,0.8611985445022583,,,,2e-05,70.93922019004822,0.069401088
2025-09-03 23:32:49,12,61,0.01145556103438139,27.534223556518555,0.8334739208221436,,,,2e-05,70.99181246757507,0.069406208
2025-09-03 23:32:49,12,62,0.009160777553915977,27.535131454467773,0.8474934101104736,,,,2e-05,71.04469132423401,0.069406208
2025-09-03 23:32:49,12,63,0.01620541512966156,27.53169822692871,0.7889587879180908,,,,2e-05,71.11807918548584,0.069453312
2025-09-03 23:32:49,12,64,0.008982461877167225,27.534374237060547,0.8516190648078918,,,,2e-05,71.17360043525696,0.069408256
2025-09-03 23:32:50,12,65,0.008603543043136597,27.534706115722656,0.8489783406257629,,,,2e-05,71.2343635559082,0.069417472
2025-09-03 23:32:50,12,66,0.008576317690312862,27.534587860107422,0.8513391017913818,,,,2e-05,71.27984380722046,0.069395456
2025-09-03 23:32:50,12,67,0.017666703090071678,27.531482696533203,0.7768133878707886,,,,2e-05,71.3298773765564,0.069403648
2025-09-03 23:32:50,12,68,0.008872153237462044,27.53537940979004,0.8550861477851868,,,,2e-05,71.38086104393005,0.069403648
2025-09-03 23:32:50,12,69,0.007259347476065159,27.535320281982422,0.8658987283706665,,,,2e-05,71.4424078464508,0.06941952
2025-09-03 23:32:50,12,70,0.008192268200218678,27.535627365112305,0.8571133613586426,,,,2e-05,71.51415634155273,0.069440512
2025-09-03 23:32:50,12,71,0.01153299305588007,27.532800674438477,0.8254668712615967,,,,2e-05,71.56960940361023,0.069406208
2025-09-03 23:32:50,12,72,0.020674746483564377,27.531721115112305,0.7598584890365601,,,,2e-05,71.630934715271,0.06941184
2025-09-03 23:32:50,12,73,0.009217478334903717,27.535552978515625,0.8383928537368774,,,,2e-05,71.67772674560547,0.069398016
2025-09-03 23:32:50,12,74,0.009547621943056583,27.534528732299805,0.8456001877784729,,,,2e-05,71.73004698753357,0.069406208
2025-09-03 23:32:50,12,75,0.007845928892493248,27.536489486694336,0.8649128079414368,,,,2e-05,71.78456521034241,0.069408768
2025-09-03 23:32:50,12,76,0.00966585148125887,27.53338623046875,0.8362838625907898,,,,2e-05,71.86929702758789,0.069469184
2025-09-03 23:32:50,12,77,0.007452838122844696,27.536014556884766,0.8617544174194336,,,,2e-05,71.9215612411499,0.069405696
2025-09-03 23:32:50,12,78,0.009364411234855652,27.53437614440918,0.8432729244232178,,,,2e-05,71.97407627105713,0.069406208
2025-09-03 23:32:50,12,79,0.007704016752541065,27.534591674804688,0.8596139550209045,,,,2e-05,72.01328802108765,0.069378048
2025-09-03 23:32:50,12,80,0.010026460513472557,27.53316879272461,0.8314921259880066,,,,2e-05,72.06119871139526,0.069397504
2025-09-03 23:32:50,12,81,0.009638448245823383,27.534711837768555,0.8495869636535645,,,,2e-05,72.11698913574219,0.069408256
2025-09-03 23:32:50,12,82,0.008711777627468109,27.534658432006836,0.8529837727546692,,,,2e-05,72.16037440299988,0.069394432
2025-09-03 23:32:51,12,83,0.009848866611719131,27.533178329467773,0.8358445167541504,,,,2e-05,72.21040654182434,0.069403648
2025-09-03 23:32:51,12,84,0.009508314542472363,27.5345516204834,0.8488163352012634,,,,2e-05,72.25818157196045,0.069400064
2025-09-03 23:32:51,12,85,0.00908898189663887,27.533451080322266,0.8476999998092651,,,,2e-05,72.31116938591003,0.069406208
2025-09-03 23:32:51,12,86,0.0077239274978637695,27.534610748291016,0.8563148975372314,,,,2e-05,72.35899710655212,0.069401088
2025-09-03 23:32:51,12,87,0.010381760075688362,27.536277770996094,0.8297951817512512,,,,2e-05,72.41468334197998,0.06941184
2025-09-03 23:32:51,12,88,0.007858040742576122,27.535110473632812,0.8607752919197083,,,,2e-05,72.45905041694641,0.069395456
2025-09-03 23:32:51,12,89,0.007775475271046162,27.535642623901367,0.857632040977478,,,,2e-05,72.51149988174438,0.069408256
2025-09-03 23:32:51,12,end,0.012559463994370567,27.53389205932617,0.8186654382281833,0.014045733213424682,27.533842277526855,0.8151780128479004,2e-05,72.65361762046814,0.06936832
2025-09-03 23:32:56,13,0,0.009278149344027042,27.53330421447754,0.8393317461013794,,,,2e-05,77.50220966339111,0.069382144
2025-09-03 23:32:56,13,1,0.0097096161916852,27.533432006835938,0.8361153602600098,,,,2e-05,77.560866355896,0.06941184
2025-09-03 23:32:56,13,2,0.012695384211838245,27.532119750976562,0.8145803213119507,,,,2e-05,77.61937594413757,0.06941184
2025-09-03 23:32:56,13,3,0.007719625253230333,27.535776138305664,0.8578624725341797,,,,2e-05,77.67410898208618,0.069408256
2025-09-03 23:32:56,13,4,0.01277174986898899,27.532194137573242,0.8078116178512573,,,,2e-05,77.71714162826538,0.069392384
2025-09-03 23:32:56,13,5,0.006851662416011095,27.535730361938477,0.8706717491149902,,,,2e-05,77.76686978340149,0.069401088
2025-09-03 23:32:56,13,6,0.011585002765059471,27.533710479736328,0.8189221024513245,,,,2e-05,77.80762529373169,0.069378048
2025-09-03 23:32:56,13,7,0.008188986219465733,27.53553581237793,0.8508087396621704,,,,2e-05,77.85056829452515,0.069392896
2025-09-03 23:32:56,13,8,0.009970984421670437,27.533916473388672,0.8455045819282532,,,,2e-05,77.90310263633728,0.069406208
2025-09-03 23:32:56,13,9,0.010423240251839161,27.53639030456543,0.8315705060958862,,,,2e-05,77.94020962715149,0.069367296
2025-09-03 23:32:56,13,10,0.00868215598165989,27.533573150634766,0.8513731360435486,,,,2e-05,77.99234771728516,0.069406208
2025-09-03 23:32:56,13,11,0.012119818478822708,27.532556533813477,0.8174524307250977,,,,2e-05,78.04941153526306,0.069413888
2025-09-03 23:32:56,13,12,0.00978848896920681,27.535568237304688,0.8296831250190735,,,,2e-05,78.10967946052551,0.069417472
2025-09-03 23:32:56,13,13,0.007745617534965277,27.535497665405273,0.8493401408195496,,,,2e-05,78.16717290878296,0.069413888
2025-09-03 23:32:57,13,14,0.010978066362440586,27.53241539001465,0.8319547176361084,,,,2e-05,78.23479223251343,0.069435392
2025-09-03 23:32:57,13,15,0.02012050896883011,27.531301498413086,0.7794337868690491,,,,2e-05,78.29275727272034,0.06941184
2025-09-03 23:32:57,13,16,0.007974933832883835,27.533567428588867,0.8523224592208862,,,,2e-05,78.33522772789001,0.069382144
2025-09-03 23:32:57,13,17,0.01007808931171894,27.532686233520508,0.8407005071640015,,,,2e-05,78.37856936454773,0.069394432
2025-09-03 23:32:57,13,18,0.01880999095737934,27.53118896484375,0.7761548757553101,,,,2e-05,78.43588018417358,0.06941184
2025-09-03 23:32:57,13,19,0.009192024357616901,27.53667640686035,0.8423740863800049,,,,2e-05,78.4802086353302,0.069394944
2025-09-03 23:32:57,13,20,0.013064968399703503,27.531679153442383,0.8163943886756897,,,,2e-05,78.53368639945984,0.069408256
2025-09-03 23:32:57,13,21,0.013379696756601334,27.531810760498047,0.8078701496124268,,,,2e-05,78.60675621032715,0.0694528
2025-09-03 23:32:57,13,22,0.0066358414478600025,27.536603927612305,0.866435170173645,,,,2e-05,78.65953493118286,0.069405696
2025-09-03 23:32:57,13,23,0.007693581748753786,27.53558921813965,0.8623998165130615,,,,2e-05,78.70523238182068,0.069395456
2025-09-03 23:32:57,13,24,0.006504752207547426,27.534252166748047,0.867016077041626,,,,2e-05,78.75479483604431,0.069402624
2025-09-03 23:32:57,13,25,0.0064901621080935,27.534690856933594,0.8702170848846436,,,,2e-05,78.82704424858093,0.0694528
2025-09-03 23:32:57,13,26,0.007267554756253958,27.534503936767578,0.8534113168716431,,,,2e-05,78.8788812160492,0.069403648
2025-09-03 23:32:57,13,27,0.008093633688986301,27.533458709716797,0.8552663922309875,,,,2e-05,78.97044062614441,0.069477888
2025-09-03 23:32:57,13,28,0.008645172230899334,27.532642364501953,0.8473001718521118,,,,2e-05,79.0220992565155,0.069403648
2025-09-03 23:32:57,13,29,0.008708884008228779,27.53421974182129,0.8570767641067505,,,,2e-05,79.07022452354431,0.069400064
2025-09-03 23:32:57,13,30,0.00778188044205308,27.534269332885742,0.8616703748703003,,,,2e-05,79.1138825416565,0.069394432
2025-09-03 23:32:57,13,31,0.015619001351296902,27.530445098876953,0.7926167249679565,,,,2e-05,79.16422772407532,0.069403648
2025-09-03 23:32:58,13,32,0.01608460396528244,27.531246185302734,0.7984899878501892,,,,2e-05,79.21683502197266,0.069406208
2025-09-03 23:32:58,13,33,0.008795631118118763,27.536752700805664,0.8430446982383728,,,,2e-05,79.25962853431702,0.069392384
2025-09-03 23:32:58,13,34,0.00988024566322565,27.5338191986084,0.8304535150527954,,,,2e-05,79.31626415252686,0.06941184
2025-09-03 23:32:58,13,35,0.008294440805912018,27.533130645751953,0.8475736975669861,,,,2e-05,79.36191082000732,0.069397504
2025-09-03 23:32:58,13,36,0.007149776443839073,27.53516960144043,0.8631152510643005,,,,2e-05,79.40949130058289,0.069400064
2025-09-03 23:32:58,13,37,0.013455917127430439,27.531879425048828,0.817362904548645,,,,2e-05,79.472412109375,0.06941952
2025-09-03 23:32:58,13,38,0.007965661585330963,27.536033630371094,0.8614004850387573,,,,2e-05,79.5226879119873,0.069403648
2025-09-03 23:32:58,13,39,0.009238668717443943,27.532440185546875,0.8476139307022095,,,,2e-05,79.57506513595581,0.069406208
2025-09-03 23:32:58,13,40,0.007753702346235514,27.533140182495117,0.8544411659240723,,,,2e-05,79.659104347229,0.069469184
2025-09-03 23:32:58,13,41,0.008246446028351784,27.534351348876953,0.8577783107757568,,,,2e-05,79.71252751350403,0.069406208
2025-09-03 23:32:58,13,42,0.013925405219197273,27.5307674407959,0.8163778781890869,,,,2e-05,79.77400350570679,0.069417472
2025-09-03 23:32:58,13,43,0.01177979912608862,27.531206130981445,0.8237407803535461,,,,2e-05,79.8325765132904,0.069414912
2025-09-03 23:32:58,13,44,0.006834854371845722,27.535722732543945,0.8685610890388489,,,,2e-05,79.90681147575378,0.069440512
2025-09-03 23:32:58,13,45,0.011770245619118214,27.530784606933594,0.8239305019378662,,,,2e-05,79.96915316581726,0.069417472
2025-09-03 23:32:58,13,46,0.006387655157595873,27.534337997436523,0.8698633313179016,,,,2e-05,80.018714427948,0.069401088
2025-09-03 23:32:58,13,47,0.012563493102788925,27.53117561340332,0.821901261806488,,,,2e-05,80.08946919441223,0.069441024
2025-09-03 23:32:58,13,48,0.007105582859367132,27.53656578063965,0.8633148074150085,,,,2e-05,80.1398389339447,0.069401088
2025-09-03 23:32:59,13,49,0.01360715739428997,27.530729293823242,0.814811110496521,,,,2e-05,80.19449472427368,0.069408256
2025-09-03 23:32:59,13,50,0.012810232117772102,27.531469345092773,0.8261438608169556,,,,2e-05,80.24336457252502,0.069401088
2025-09-03 23:32:59,13,51,0.007777986582368612,27.537199020385742,0.8542040586471558,,,,2e-05,80.2977967262268,0.069408768
2025-09-03 23:32:59,13,52,0.007711953483521938,27.53598976135254,0.8505384922027588,,,,2e-05,80.34535098075867,0.069398016
2025-09-03 23:32:59,13,53,0.010678219608962536,27.531333923339844,0.8306108713150024,,,,2e-05,80.400381565094,0.069410816
2025-09-03 23:32:59,13,54,0.010002102702856064,27.5334529876709,0.8470320701599121,,,,2e-05,80.45199799537659,0.069405184
2025-09-03 23:32:59,13,55,0.020709922537207603,27.530349731445312,0.7841457724571228,,,,2e-05,80.50591731071472,0.069408768
2025-09-03 23:32:59,13,56,0.009658385999500751,27.534191131591797,0.8486260771751404,,,,2e-05,80.55801701545715,0.069406208
2025-09-03 23:32:59,13,57,0.009403323754668236,27.532045364379883,0.8377701044082642,,,,2e-05,80.61346483230591,0.069410816
2025-09-03 23:32:59,13,58,0.007025108672678471,27.533246994018555,0.8620479106903076,,,,2e-05,80.70009183883667,0.069470208
2025-09-03 23:32:59,13,59,0.0074205040000379086,27.53619384765625,0.8601944446563721,,,,2e-05,80.76824569702148,0.069435392
2025-09-03 23:32:59,13,60,0.0069681922905147076,27.53716278076172,0.8649471998214722,,,,2e-05,80.82515215873718,0.06941184
2025-09-03 23:32:59,13,61,0.009053562767803669,27.536775588989258,0.8424409627914429,,,,2e-05,80.88283348083496,0.06941184
2025-09-03 23:32:59,13,62,0.0061859083361923695,27.53550910949707,0.8729217052459717,,,,2e-05,80.92771673202515,0.069394944
2025-09-03 23:32:59,13,63,0.013640755787491798,27.53059196472168,0.8133350014686584,,,,2e-05,80.99779224395752,0.069438464
2025-09-03 23:32:59,13,64,0.007297573145478964,27.53495216369629,0.8634529709815979,,,,2e-05,81.05077314376831,0.069406208
2025-09-03 23:32:59,13,65,0.007511022966355085,27.537111282348633,0.8616110682487488,,,,2e-05,81.09043860435486,0.069377536
2025-09-03 23:32:59,13,66,0.012680579908192158,27.5307674407959,0.8299362063407898,,,,2e-05,81.14491820335388,0.069408768
2025-09-03 23:33:00,13,67,0.007770119234919548,27.53359031677246,0.8598399758338928,,,,2e-05,81.19817090034485,0.069406208
2025-09-03 23:33:00,13,68,0.008212856017053127,27.53438377380371,0.8636872172355652,,,,2e-05,81.2521026134491,0.069408256
2025-09-03 23:33:00,13,69,0.01702294684946537,27.530414581298828,0.806344747543335,,,,2e-05,81.31329703330994,0.069417472
2025-09-03 23:33:00,13,70,0.011801265180110931,27.53057861328125,0.8303539156913757,,,,2e-05,81.35954761505127,0.069396992
2025-09-03 23:33:00,13,71,0.01132019329816103,27.531024932861328,0.8249797821044922,,,,2e-05,81.43439388275146,0.06945536
2025-09-03 23:33:00,13,72,0.006656547077000141,27.535158157348633,0.865797758102417,,,,2e-05,81.48089027404785,0.069395456
2025-09-03 23:33:00,13,73,0.010994291864335537,27.531152725219727,0.8281651735305786,,,,2e-05,81.53347110748291,0.069406208
2025-09-03 23:33:00,13,74,0.007265980821102858,27.53542137145996,0.8596588373184204,,,,2e-05,81.59792494773865,0.069417472
2025-09-03 23:33:00,13,75,0.006111424416303635,27.534421920776367,0.8741801977157593,,,,2e-05,81.67745971679688,0.069462016
2025-09-03 23:33:00,13,76,0.006914367899298668,27.536827087402344,0.8626505136489868,,,,2e-05,81.7341456413269,0.06941184
2025-09-03 23:33:00,13,77,0.008242068812251091,27.532442092895508,0.8565887212753296,,,,2e-05,81.77803325653076,0.069394432
2025-09-03 23:33:00,13,78,0.008130738511681557,27.53533172607422,0.8471120595932007,,,,2e-05,81.82459259033203,0.069398016
2025-09-03 23:33:00,13,79,0.006961626932024956,27.534099578857422,0.8663495182991028,,,,2e-05,81.877765417099,0.069408256
2025-09-03 23:33:00,13,80,0.005928997416049242,27.53508186340332,0.871742308139801,,,,2e-05,81.93489193916321,0.06941184
2025-09-03 23:33:00,13,81,0.006054752506315708,27.536972045898438,0.8791370391845703,,,,2e-05,81.98949265480042,0.069408768
2025-09-03 23:33:00,13,82,0.011040829122066498,27.530500411987305,0.8336172699928284,,,,2e-05,82.06348657608032,0.069453312
2025-09-03 23:33:00,13,83,0.005355038680136204,27.534038543701172,0.8823009729385376,,,,2e-05,82.13848853111267,0.069450752
2025-09-03 23:33:00,13,84,0.006985194981098175,27.533157348632812,0.8685479164123535,,,,2e-05,82.18038511276245,0.069378048
2025-09-03 23:33:01,13,85,0.009129316546022892,27.5358829498291,0.837972104549408,,,,2e-05,82.23211765289307,0.069403648
2025-09-03 23:33:01,13,86,0.005331382155418396,27.535449981689453,0.8826890587806702,,,,2e-05,82.29286980628967,0.06941952
2025-09-03 23:33:01,13,87,0.0061119734309613705,27.534271240234375,0.8761845827102661,,,,2e-05,82.34610986709595,0.069408256
2025-09-03 23:33:01,13,88,0.009379766881465912,27.53145408630371,0.8392744660377502,,,,2e-05,82.3892240524292,0.069392896
2025-09-03 23:33:01,13,89,0.007145644165575504,27.53246307373047,0.858158528804779,,,,2e-05,82.44608616828918,0.069413888
2025-09-03 23:33:01,13,end,0.009575679655083352,27.533700222439236,0.8438967671659258,0.01189503138884902,27.5340087890625,0.8350148737430573,2e-05,82.58805108070374,0.069371392
2025-09-03 23:33:06,14,0,0.008308040909469128,27.534730911254883,0.858060359954834,,,,2e-05,87.43093514442444,0.069406208
2025-09-03 23:33:06,14,1,0.0072640362195670605,27.532676696777344,0.8568167090415955,,,,2e-05,87.48927474021912,0.069413888
2025-09-03 23:33:06,14,2,0.007065999787300825,27.533031463623047,0.8607373237609863,,,,2e-05,87.53551983833313,0.069397504
2025-09-03 23:33:06,14,3,0.02006213180720806,27.530258178710938,0.7920411825180054,,,,2e-05,87.58922958374023,0.069408768
2025-09-03 23:33:06,14,4,0.006714991759508848,27.5361270904541,0.8610904216766357,,,,2e-05,87.64643454551697,0.069413888
2025-09-03 23:33:06,14,5,0.006364868488162756,27.53485870361328,0.8638191819190979,,,,2e-05,87.6971263885498,0.069403648
2025-09-03 23:33:06,14,6,0.01074112206697464,27.530990600585938,0.8318090438842773,,,,2e-05,87.7723298072815,0.06945536
2025-09-03 23:33:06,14,7,0.013223560526967049,27.530956268310547,0.8182783126831055,,,,2e-05,87.84253549575806,0.069438464
2025-09-03 23:33:06,14,8,0.006761723663657904,27.533185958862305,0.8716977834701538,,,,2e-05,87.89583420753479,0.069406208
2025-09-03 23:33:06,14,9,0.012221947312355042,27.531049728393555,0.8343676924705505,,,,2e-05,87.94473242759705,0.069401088
2025-09-03 23:33:06,14,10,0.009233829565346241,27.53366470336914,0.8549418449401855,,,,2e-05,87.99698901176453,0.069406208
2025-09-03 23:33:06,14,11,0.007440357469022274,27.535690307617188,0.8680250644683838,,,,2e-05,88.04774618148804,0.069403648
2025-09-03 23:33:06,14,12,0.008239218033850193,27.53169822692871,0.8588899970054626,,,,2e-05,88.11509656906128,0.069435392
2025-09-03 23:33:06,14,13,0.007587729021906853,27.532493591308594,0.859352707862854,,,,2e-05,88.17214679718018,0.06941184
2025-09-03 23:33:07,14,14,0.011298488825559616,27.530078887939453,0.8333345055580139,,,,2e-05,88.22577810287476,0.069408256
2025-09-03 23:33:07,14,15,0.017529379576444626,27.529787063598633,0.8086841106414795,,,,2e-05,88.29170083999634,0.06941184
2025-09-03 23:33:07,14,16,0.007255330216139555,27.537418365478516,0.8590357303619385,,,,2e-05,88.3506817817688,0.069408768
2025-09-03 23:33:07,14,17,0.0152474045753479,27.53034019470215,0.8093045353889465,,,,2e-05,88.40803360939026,0.06941184
2025-09-03 23:33:07,14,18,0.006284227129071951,27.534727096557617,0.8736533522605896,,,,2e-05,88.46253275871277,0.069408256
2025-09-03 23:33:07,14,19,0.005993288476020098,27.53717613220215,0.8710695505142212,,,,2e-05,88.51471877098083,0.069405696
2025-09-03 23:33:07,14,20,0.0068590533919632435,27.53321075439453,0.8641158938407898,,,,2e-05,88.59943914413452,0.069469184
2025-09-03 23:33:07,14,21,0.011577640660107136,27.532222747802734,0.8333808183670044,,,,2e-05,88.654217004776,0.069408768
2025-09-03 23:33:07,14,22,0.006743616424500942,27.53342056274414,0.8660712838172913,,,,2e-05,88.73962998390198,0.069470208
2025-09-03 23:33:07,14,23,0.005945140495896339,27.535181045532227,0.8728753924369812,,,,2e-05,88.78001952171326,0.069378048
2025-09-03 23:33:07,14,24,0.007599413860589266,27.536447525024414,0.8521682024002075,,,,2e-05,88.82684016227722,0.069398016
2025-09-03 23:33:07,14,25,0.010187442414462566,27.531301498413086,0.8416800498962402,,,,2e-05,88.88545441627502,0.069414912
2025-09-03 23:33:07,14,26,0.006184856407344341,27.534791946411133,0.8707130551338196,,,,2e-05,88.9310474395752,0.069395456
2025-09-03 23:33:07,14,27,0.00841978657990694,27.533279418945312,0.8637540340423584,,,,2e-05,88.98728275299072,0.069406208
2025-09-03 23:33:07,14,28,0.010268812999129295,27.532419204711914,0.8307875990867615,,,,2e-05,89.02720952033997,0.069378048
2025-09-03 23:33:07,14,29,0.009303241036832333,27.531482696533203,0.8471531867980957,,,,2e-05,89.08506345748901,0.069413888
2025-09-03 23:33:07,14,30,0.007700801827013493,27.531469345092773,0.8664129972457886,,,,2e-05,89.13693451881409,0.069406208
2025-09-03 23:33:07,14,31,0.013732516206800938,27.5301570892334,0.823322057723999,,,,2e-05,89.19017052650452,0.069406208
2025-09-03 23:33:08,14,32,0.0093521848320961,27.536537170410156,0.8416913151741028,,,,2e-05,89.22772645950317,0.069367296
2025-09-03 23:33:08,14,33,0.010273158550262451,27.530540466308594,0.8426653146743774,,,,2e-05,89.30154466629028,0.069453312
2025-09-03 23:33:08,14,34,0.0075979772955179214,27.53168296813965,0.8643913269042969,,,,2e-05,89.34576559066772,0.069394432
2025-09-03 23:33:08,14,35,0.009397527202963829,27.53318214416504,0.8538365364074707,,,,2e-05,89.39657163619995,0.069405184
2025-09-03 23:33:08,14,36,0.008018875494599342,27.534303665161133,0.8566528558731079,,,,2e-05,89.44958901405334,0.069406208
2025-09-03 23:33:08,14,37,0.009571555070579052,27.53084373474121,0.846827507019043,,,,2e-05,89.51040172576904,0.069417472
2025-09-03 23:33:08,14,38,0.008947037160396576,27.533432006835938,0.8424628973007202,,,,2e-05,89.56807708740234,0.06941184
2025-09-03 23:33:08,14,39,0.01072799600660801,27.531047821044922,0.8402717113494873,,,,2e-05,89.63904905319214,0.069441024
2025-09-03 23:33:08,14,40,0.00709887919947505,27.53464698791504,0.8700926303863525,,,,2e-05,89.68325734138489,0.069394432
2025-09-03 23:33:08,14,41,0.009352094493806362,27.536317825317383,0.8381308317184448,,,,2e-05,89.73393654823303,0.069403648
2025-09-03 23:33:08,14,42,0.008364819921553135,27.531278610229492,0.8489999771118164,,,,2e-05,89.78937554359436,0.069410816
2025-09-03 23:33:08,14,43,0.008207131177186966,27.536714553833008,0.851814866065979,,,,2e-05,89.83352041244507,0.069394944
2025-09-03 23:33:08,14,44,0.015829654410481453,27.529829025268555,0.8192580938339233,,,,2e-05,89.89408206939697,0.069417472
2025-09-03 23:33:08,14,45,0.014050094410777092,27.529272079467773,0.8105334639549255,,,,2e-05,89.94465255737305,0.069403648
2025-09-03 23:33:08,14,46,0.006110141985118389,27.53727149963379,0.8779869079589844,,,,2e-05,89.9993736743927,0.069408768
2025-09-03 23:33:08,14,47,0.010319645516574383,27.530963897705078,0.8408406972885132,,,,2e-05,90.07222890853882,0.0694528
2025-09-03 23:33:08,14,48,0.006758847739547491,27.53765106201172,0.865776777267456,,,,2e-05,90.1291971206665,0.06941184
2025-09-03 23:33:08,14,49,0.008111192844808102,27.53546905517578,0.848321795463562,,,,2e-05,90.17599749565125,0.069398016
2025-09-03 23:33:09,14,50,0.007691912818700075,27.536197662353516,0.8554971814155579,,,,2e-05,90.21910881996155,0.069392896
2025-09-03 23:33:09,14,51,0.007801333907991648,27.536060333251953,0.8569249510765076,,,,2e-05,90.27491641044617,0.069406208
2025-09-03 23:33:09,14,52,0.009061639197170734,27.537466049194336,0.8424111604690552,,,,2e-05,90.3311927318573,0.06941184
2025-09-03 23:33:09,14,53,0.005591260734945536,27.534744262695312,0.8785940408706665,,,,2e-05,90.40388226509094,0.0694528
2025-09-03 23:33:09,14,54,0.009007698856294155,27.5313720703125,0.8463902473449707,,,,2e-05,90.4469861984253,0.069392384
2025-09-03 23:33:09,14,55,0.008930598385632038,27.531078338623047,0.8501174449920654,,,,2e-05,90.50261974334717,0.069410816
2025-09-03 23:33:09,14,56,0.005298487842082977,27.534605026245117,0.8831720352172852,,,,2e-05,90.58197903633118,0.069450752
2025-09-03 23:33:09,14,57,0.009656558744609356,27.530488967895508,0.8426786065101624,,,,2e-05,90.6442277431488,0.069406208
2025-09-03 23:33:09,14,58,0.007257670164108276,27.53550148010254,0.8686229586601257,,,,2e-05,90.69060969352722,0.069395456
2025-09-03 23:33:09,14,59,0.010966423898935318,27.531103134155273,0.8445486426353455,,,,2e-05,90.75234866142273,0.06941952
2025-09-03 23:33:09,14,60,0.006722993217408657,27.534910202026367,0.8671526312828064,,,,2e-05,90.81301212310791,0.069417472
2025-09-03 23:33:09,14,61,0.0062677692621946335,27.532432556152344,0.8690652847290039,,,,2e-05,90.85752463340759,0.069382144
2025-09-03 23:33:09,14,62,0.0057202777825295925,27.5357666015625,0.8791877031326294,,,,2e-05,90.90130543708801,0.069394944
2025-09-03 23:33:09,14,63,0.0089208222925663,27.53105354309082,0.8534258604049683,,,,2e-05,90.95803904533386,0.06941184
2025-09-03 23:33:09,14,64,0.008360992185771465,27.53462028503418,0.8642576932907104,,,,2e-05,91.0117039680481,0.069408256
2025-09-03 23:33:09,14,65,0.006130923517048359,27.534587860107422,0.8753888607025146,,,,2e-05,91.05959367752075,0.069400064
2025-09-03 23:33:09,14,66,0.009353172965347767,27.530841827392578,0.8407810926437378,,,,2e-05,91.10280704498291,0.069392896
2025-09-03 23:33:09,14,67,0.005192092154175043,27.53571128845215,0.8846009373664856,,,,2e-05,91.16384363174438,0.06941952
2025-09-03 23:33:10,14,68,0.011207258328795433,27.530494689941406,0.839687168598175,,,,2e-05,91.2177734375,0.069408256
2025-09-03 23:33:10,14,69,0.0060981810092926025,27.536603927612305,0.870684027671814,,,,2e-05,91.27376389503479,0.06941184
2025-09-03 23:33:10,14,70,0.010330447927117348,27.530559539794922,0.8464566469192505,,,,2e-05,91.31939506530762,0.069396992
2025-09-03 23:33:10,14,71,0.005796394776552916,27.535076141357422,0.8774267435073853,,,,2e-05,91.36780381202698,0.069401088
2025-09-03 23:33:10,14,72,0.0074903895147144794,27.536592483520508,0.8614616394042969,,,,2e-05,91.4210135936737,0.069408256
2025-09-03 23:33:10,14,73,0.006188162136822939,27.53645133972168,0.8773473501205444,,,,2e-05,91.4707362651825,0.069401088
2025-09-03 23:33:10,14,74,0.006474276073276997,27.53350257873535,0.8739141225814819,,,,2e-05,91.56697154045105,0.069477888
2025-09-03 23:33:10,14,75,0.007400167640298605,27.536724090576172,0.8613179922103882,,,,2e-05,91.635329246521,0.069435392
2025-09-03 23:33:10,14,76,0.005894479341804981,27.533843994140625,0.8731544613838196,,,,2e-05,91.6774332523346,0.069382144
2025-09-03 23:33:10,14,77,0.011310111731290817,27.530588150024414,0.8423813581466675,,,,2e-05,91.73786115646362,0.069417472
2025-09-03 23:33:10,14,78,0.006319110281765461,27.532691955566406,0.8715673089027405,,,,2e-05,91.78850889205933,0.069403648
2025-09-03 23:33:10,14,79,0.00682875607162714,27.53809928894043,0.867811918258667,,,,2e-05,91.8277850151062,0.069377536
2025-09-03 23:33:10,14,80,0.007323573809117079,27.537019729614258,0.8564599752426147,,,,2e-05,91.86990857124329,0.069392384
2025-09-03 23:33:10,14,81,0.0077170561999082565,27.531681060791016,0.864787220954895,,,,2e-05,91.9128725528717,0.069394432
2025-09-03 23:33:10,14,82,0.0067187221720814705,27.533771514892578,0.8690267205238342,,,,2e-05,91.96680283546448,0.069408256
2025-09-03 23:33:10,14,83,0.008256291970610619,27.534412384033203,0.8637011051177979,,,,2e-05,92.01481509208679,0.069400064
2025-09-03 23:33:10,14,84,0.00618508318439126,27.53699493408203,0.8732857704162598,,,,2e-05,92.0638222694397,0.069401088
2025-09-03 23:33:10,14,85,0.006548290140926838,27.53611946105957,0.873309314250946,,,,2e-05,92.13475298881531,0.069440512
2025-09-03 23:33:11,14,86,0.00772003922611475,27.535621643066406,0.8492625951766968,,,,2e-05,92.19898581504822,0.069417472
2025-09-03 23:33:11,14,87,0.005007057450711727,27.5335693359375,0.8850495219230652,,,,2e-05,92.25606751441956,0.069402624
2025-09-03 23:33:11,14,88,0.0055369241163134575,27.534954071044922,0.878961443901062,,,,2e-05,92.31833171844482,0.06941184
2025-09-03 23:33:11,14,89,0.005318963900208473,27.533723831176758,0.8837443590164185,,,,2e-05,92.39736294746399,0.069462016
2025-09-03 23:33:11,14,end,0.008478346399755941,27.533610513475207,0.8555735064877404,0.011402896605432034,27.53325843811035,0.8412498831748962,2e-05,92.53822088241577,0.0693888
2025-09-03 23:33:16,15,0,0.006887889001518488,27.53597640991211,0.8685400485992432,,,,2e-05,97.38390040397644,0.069408256
2025-09-03 23:33:16,15,1,0.007035600021481514,27.536882400512695,0.8588804006576538,,,,2e-05,97.4276955127716,0.069392384
2025-09-03 23:33:16,15,2,0.00597277982160449,27.534465789794922,0.8766489624977112,,,,2e-05,97.47559690475464,0.069400064
2025-09-03 23:33:16,15,3,0.0065723806619644165,27.532522201538086,0.865602970123291,,,,2e-05,97.51743507385254,0.069382144
2025-09-03 23:33:16,15,4,0.005292384885251522,27.533817291259766,0.8833404183387756,,,,2e-05,97.59734058380127,0.069462016
2025-09-03 23:33:16,15,5,0.007617022842168808,27.53162956237793,0.8658891320228577,,,,2e-05,97.6504065990448,0.069406208
2025-09-03 23:33:16,15,6,0.005153029691427946,27.53699493408203,0.882212221622467,,,,2e-05,97.7023549079895,0.069405696
2025-09-03 23:33:16,15,7,0.005480614025145769,27.535470962524414,0.87823885679245,,,,2e-05,97.75945925712585,0.06941184
2025-09-03 23:33:16,15,8,0.006625721696764231,27.53667449951172,0.8712403774261475,,,,2e-05,97.83021903038025,0.069440512
2025-09-03 23:33:16,15,9,0.006153220776468515,27.532976150512695,0.8737812638282776,,,,2e-05,97.91522526741028,0.069469184
2025-09-03 23:33:16,15,10,0.006997260265052319,27.535564422607422,0.8577626347541809,,,,2e-05,97.96307468414307,0.069398016
2025-09-03 23:33:16,15,11,0.00646641431376338,27.533205032348633,0.868339478969574,,,,2e-05,98.04886817932129,0.069470208
2025-09-03 23:33:16,15,12,0.006051952019333839,27.53622817993164,0.8683986663818359,,,,2e-05,98.10715055465698,0.069413888
2025-09-03 23:33:16,15,13,0.006563527509570122,27.538021087646484,0.8650326728820801,,,,2e-05,98.16179132461548,0.069408768
2025-09-03 23:33:17,15,14,0.020406801253557205,27.52931022644043,0.7951254844665527,,,,2e-05,98.21629285812378,0.069408768
2025-09-03 23:33:17,15,15,0.006716019008308649,27.53615379333496,0.8666306734085083,,,,2e-05,98.26000499725342,0.069392896
2025-09-03 23:33:17,15,16,0.006562408059835434,27.5385799407959,0.8699384927749634,,,,2e-05,98.29867744445801,0.069377536
2025-09-03 23:33:17,15,17,0.008571403101086617,27.530933380126953,0.8536863327026367,,,,2e-05,98.35429286956787,0.069410816
2025-09-03 23:33:17,15,18,0.006168648600578308,27.532800674438477,0.8727836608886719,,,,2e-05,98.40413331985474,0.069403648
2025-09-03 23:33:17,15,19,0.005600831471383572,27.534757614135742,0.872870683670044,,,,2e-05,98.45512247085571,0.069403648
2025-09-03 23:33:17,15,20,0.009220744483172894,27.530845642089844,0.843899667263031,,,,2e-05,98.49783682823181,0.069392384
2025-09-03 23:33:17,15,21,0.009829656220972538,27.531143188476562,0.8445860147476196,,,,2e-05,98.55694198608398,0.069414912
2025-09-03 23:33:17,15,22,0.010015004314482212,27.53069496154785,0.8449569940567017,,,,2e-05,98.63043403625488,0.069453312
2025-09-03 23:33:17,15,23,0.007752454373985529,27.533641815185547,0.8541644811630249,,,,2e-05,98.68774437904358,0.06941184
2025-09-03 23:33:17,15,24,0.0072055780328810215,27.532426834106445,0.8692601919174194,,,,2e-05,98.73138236999512,0.069394432
2025-09-03 23:33:17,15,25,0.007585858926177025,27.535789489746094,0.8661331534385681,,,,2e-05,98.77674412727356,0.069395456
2025-09-03 23:33:17,15,26,0.006975327152758837,27.53738021850586,0.8625350594520569,,,,2e-05,98.82090711593628,0.069394944
2025-09-03 23:33:17,15,27,0.005100645590573549,27.53464698791504,0.8853341937065125,,,,2e-05,98.8919746875763,0.069450752
2025-09-03 23:33:17,15,28,0.0062149688601493835,27.532413482666016,0.8700946569442749,,,,2e-05,98.93823266029358,0.069397504
2025-09-03 23:33:17,15,29,0.0062073455192148685,27.536195755004883,0.8656048774719238,,,,2e-05,98.98472499847412,0.069398016
2025-09-03 23:33:17,15,30,0.005954027641564608,27.532480239868164,0.8717726469039917,,,,2e-05,99.02623081207275,0.069382144
2025-09-03 23:33:17,15,31,0.005297691095620394,27.53607749938965,0.8845266699790955,,,,2e-05,99.0703992843628,0.069394944
2025-09-03 23:33:17,15,32,0.012151733972132206,27.530988693237305,0.8377753496170044,,,,2e-05,99.11950039863586,0.069401088
2025-09-03 23:33:17,15,33,0.007129191886633635,27.536022186279297,0.8551644682884216,,,,2e-05,99.18011522293091,0.069417472
2025-09-03 23:33:18,15,34,0.005538434721529484,27.536787033081055,0.8780695796012878,,,,2e-05,99.23701190948486,0.06941184
2025-09-03 23:33:18,15,35,0.005872130859643221,27.537521362304688,0.8771119713783264,,,,2e-05,99.28623604774475,0.069401088
2025-09-03 23:33:18,15,36,0.005697823129594326,27.53784942626953,0.8791730999946594,,,,2e-05,99.34195327758789,0.06941184
2025-09-03 23:33:18,15,37,0.008945479989051819,27.534875869750977,0.856611430644989,,,,2e-05,99.38955450057983,0.069400064
2025-09-03 23:33:18,15,38,0.008856466971337795,27.53067970275879,0.8548609018325806,,,,2e-05,99.45009803771973,0.069417472
2025-09-03 23:33:18,15,39,0.01766308583319187,27.52988624572754,0.8103081583976746,,,,2e-05,99.50645899772644,0.06941184
2025-09-03 23:33:18,15,40,0.015882020816206932,27.529752731323242,0.8090572953224182,,,,2e-05,99.56374621391296,0.06941184
2025-09-03 23:33:18,15,41,0.009383813478052616,27.530607223510742,0.8473287224769592,,,,2e-05,99.63845205307007,0.06945536
2025-09-03 23:33:18,15,42,0.012911518104374409,27.53070640563965,0.8222671747207642,,,,2e-05,99.70824122428894,0.069438464
2025-09-03 23:33:18,15,43,0.0075297183357179165,27.536029815673828,0.8627908825874329,,,,2e-05,99.76197695732117,0.069406208
2025-09-03 23:33:18,15,44,0.0073012011125683784,27.53765106201172,0.8570801019668579,,,,2e-05,99.8186993598938,0.06941184
2025-09-03 23:33:18,15,45,0.009766855277121067,27.534109115600586,0.8511072397232056,,,,2e-05,99.8715934753418,0.069406208
2025-09-03 23:33:18,15,46,0.005353243555873632,27.534513473510742,0.8802876472473145,,,,2e-05,99.91131782531738,0.069378048
2025-09-03 23:33:18,15,47,0.007988755591213703,27.534273147583008,0.8598012328147888,,,,2e-05,99.96515440940857,0.069406208
2025-09-03 23:33:18,15,48,0.008840703405439854,27.530969619750977,0.8527789115905762,,,,2e-05,100.02294158935547,0.06941184
2025-09-03 23:33:18,15,49,0.007246514782309532,27.534564971923828,0.8661304712295532,,,,2e-05,100.06748676300049,0.069394432
2025-09-03 23:33:18,15,50,0.005571591202169657,27.534168243408203,0.8820638656616211,,,,2e-05,100.12140250205994,0.069408256
2025-09-03 23:33:18,15,51,0.005390029866248369,27.537267684936523,0.8884193897247314,,,,2e-05,100.17631912231445,0.069408768
2025-09-03 23:33:19,15,52,0.011392162181437016,27.529541015625,0.8406326770782471,,,,2e-05,100.23749208450317,0.069417472
2025-09-03 23:33:19,15,53,0.009490197524428368,27.53104019165039,0.8463069200515747,,,,2e-05,100.29509353637695,0.069413888
2025-09-03 23:33:19,15,54,0.005143617745488882,27.534090042114258,0.8849577903747559,,,,2e-05,100.36826515197754,0.0694528
2025-09-03 23:33:19,15,55,0.0048596677370369434,27.53335189819336,0.8866939544677734,,,,2e-05,100.418692111969,0.069402624
2025-09-03 23:33:19,15,56,0.010930263437330723,27.53183937072754,0.8263643383979797,,,,2e-05,100.4581036567688,0.069378048
2025-09-03 23:33:19,15,57,0.006589148659259081,27.533859252929688,0.8699125647544861,,,,2e-05,100.51111102104187,0.069408256
2025-09-03 23:33:19,15,58,0.009572280570864677,27.5331974029541,0.8544995784759521,,,,2e-05,100.56223797798157,0.069405184
2025-09-03 23:33:19,15,59,0.006659652106463909,27.533416748046875,0.873324453830719,,,,2e-05,100.61513090133667,0.069406208
2025-09-03 23:33:19,15,60,0.011147086508572102,27.5312442779541,0.8366454839706421,,,,2e-05,100.68608260154724,0.069441024
2025-09-03 23:33:19,15,61,0.006404093001037836,27.533620834350586,0.8738533854484558,,,,2e-05,100.77726316452026,0.069477888
2025-09-03 23:33:19,15,62,0.010621861554682255,27.53119468688965,0.8362919092178345,,,,2e-05,100.85135650634766,0.0694528
2025-09-03 23:33:19,15,63,0.008715318515896797,27.535097122192383,0.8540723323822021,,,,2e-05,100.9050784111023,0.069406208
2025-09-03 23:33:19,15,64,0.007767542731016874,27.53707504272461,0.8566154837608337,,,,2e-05,100.97280764579773,0.069435392
2025-09-03 23:33:19,15,65,0.008299505338072777,27.536725997924805,0.8574237823486328,,,,2e-05,101.02414083480835,0.069403648
2025-09-03 23:33:19,15,66,0.00619086716324091,27.536588668823242,0.8768231868743896,,,,2e-05,101.07325291633606,0.069401088
2025-09-03 23:33:19,15,67,0.00678385840728879,27.535316467285156,0.8648176193237305,,,,2e-05,101.13356280326843,0.069417472
2025-09-03 23:33:19,15,68,0.010882616974413395,27.530498504638672,0.8420349359512329,,,,2e-05,101.18760108947754,0.069408256
2025-09-03 23:33:20,15,69,0.008181899785995483,27.534822463989258,0.8646576404571533,,,,2e-05,101.241201877594,0.069408256
2025-09-03 23:33:20,15,70,0.005171375814825296,27.535715103149414,0.8833329677581787,,,,2e-05,101.30252408981323,0.06941952
2025-09-03 23:33:20,15,71,0.010608971118927002,27.529571533203125,0.8448691964149475,,,,2e-05,101.34907650947571,0.069396992
2025-09-03 23:33:20,15,72,0.01320373173803091,27.52980613708496,0.8295875787734985,,,,2e-05,101.40143179893494,0.069406208
2025-09-03 23:33:20,15,73,0.007863098755478859,27.531103134155273,0.8541587591171265,,,,2e-05,101.45715665817261,0.069410816
2025-09-03 23:33:20,15,74,0.005650707520544529,27.534622192382812,0.8780580163002014,,,,2e-05,101.50552463531494,0.069401088
2025-09-03 23:33:20,15,75,0.009066618047654629,27.536880493164062,0.8427319526672363,,,,2e-05,101.54264807701111,0.069367296
2025-09-03 23:33:20,15,76,0.0074779074639081955,27.531612396240234,0.8684982657432556,,,,2e-05,101.61619091033936,0.069435392
2025-09-03 23:33:20,15,77,0.007077067159116268,27.531457901000977,0.8700250387191772,,,,2e-05,101.66289567947388,0.069394432
2025-09-03 23:33:20,15,78,0.005917209200561047,27.53483009338379,0.8724173307418823,,,,2e-05,101.70823788642883,0.069395456
2025-09-03 23:33:20,15,79,0.009189088828861713,27.53006362915039,0.8469263911247253,,,,2e-05,101.76118874549866,0.069406208
2025-09-03 23:33:20,15,80,0.008325373753905296,27.533512115478516,0.8646444082260132,,,,2e-05,101.81395387649536,0.069406208
2025-09-03 23:33:20,15,81,0.006361732259392738,27.53207778930664,0.866214394569397,,,,2e-05,101.87142443656921,0.069413888
2025-09-03 23:33:20,15,82,0.007025597151368856,27.53285789489746,0.8650789856910706,,,,2e-05,101.92792773246765,0.06941184
2025-09-03 23:33:20,15,83,0.008942732587456703,27.53666114807129,0.8405151963233948,,,,2e-05,101.97895002365112,0.069403648
2025-09-03 23:33:20,15,84,0.008570912294089794,27.53104019165039,0.8477339744567871,,,,2e-05,102.02250146865845,0.069392896
2025-09-03 23:33:20,15,85,0.010302931070327759,27.531171798706055,0.8471475839614868,,,,2e-05,102.07712531089783,0.069408768
2025-09-03 23:33:20,15,86,0.01186168659478426,27.52953338623047,0.8302806615829468,,,,2e-05,102.12709498405457,0.069403648
2025-09-03 23:33:20,15,87,0.010558373294770718,27.530990600585938,0.8494196534156799,,,,2e-05,102.18784141540527,0.06941952
2025-09-03 23:33:21,15,88,0.015256806276738644,27.53035545349121,0.8219680190086365,,,,2e-05,102.24845242500305,0.069417472
2025-09-03 23:33:21,15,89,0.009060999378561974,27.530771255493164,0.8580710887908936,,,,2e-05,102.30788207054138,0.069408256
2025-09-03 23:33:21,15,end,0.008137778715334006,27.533589765760635,0.8592623048358493,0.01112672481685877,27.533855628967284,0.8422079384326935,2e-05,102.45403838157654,0.06936832
2025-09-03 23:33:21,16,0,0.007208552677184343,27.53588104248047,0.8663620352745056,,,,2e-05,102.50560569763184,0.069395456
2025-09-03 23:33:21,16,1,0.010780377313494682,27.53038787841797,0.8490151762962341,,,,2e-05,102.56637930870056,0.069417472
2025-09-03 23:33:21,16,2,0.006578346248716116,27.535245895385742,0.8664013147354126,,,,2e-05,102.62645149230957,0.069417472
2025-09-03 23:33:21,16,3,0.00836369302123785,27.533580780029297,0.8643759489059448,,,,2e-05,102.67902445793152,0.069406208
2025-09-03 23:33:21,16,4,0.009107831865549088,27.53078269958496,0.8545414209365845,,,,2e-05,102.73761343955994,0.069414912
2025-09-03 23:33:21,16,5,0.005930251907557249,27.5347900390625,0.8750177025794983,,,,2e-05,102.78504252433777,0.069400064
2025-09-03 23:33:21,16,6,0.006304487120360136,27.532949447631836,0.8742422461509705,,,,2e-05,102.8757164478302,0.069477888
2025-09-03 23:33:21,16,7,0.005751681048423052,27.53441619873047,0.8748430013656616,,,,2e-05,102.92204785346985,0.069395456
2025-09-03 23:33:21,16,8,0.006932659540325403,27.536069869995117,0.8644399642944336,,,,2e-05,102.98919439315796,0.069435392
2025-09-03 23:33:21,16,9,0.008442861959338188,27.532773971557617,0.8446687459945679,,,,2e-05,103.04634118080139,0.06941184
2025-09-03 23:33:21,16,10,0.008942869491875172,27.53211212158203,0.8603857755661011,,,,2e-05,103.09783339500427,0.069405184
2025-09-03 23:33:21,16,11,0.006596872117370367,27.531522750854492,0.8676228523254395,,,,2e-05,103.14832162857056,0.069403648
2025-09-03 23:33:22,16,12,0.008238716050982475,27.530548095703125,0.8502742052078247,,,,2e-05,103.20328783988953,0.069410816
2025-09-03 23:33:22,16,13,0.011298478581011295,27.529905319213867,0.8376662731170654,,,,2e-05,103.2732765674591,0.069438464
2025-09-03 23:33:22,16,14,0.006733984220772982,27.53603744506836,0.8673372268676758,,,,2e-05,103.32793092727661,0.069408256
2025-09-03 23:33:22,16,15,0.009831443428993225,27.529356002807617,0.8410648703575134,,,,2e-05,103.38004565238953,0.069406208
2025-09-03 23:33:22,16,16,0.0051666502840816975,27.533889770507812,0.886273205280304,,,,2e-05,103.4591064453125,0.069462016
2025-09-03 23:33:22,16,17,0.006085749249905348,27.532690048217773,0.87235426902771,,,,2e-05,103.5436601638794,0.069469184
2025-09-03 23:33:22,16,18,0.007421670015901327,27.538774490356445,0.860846757888794,,,,2e-05,103.5834321975708,0.069377536
2025-09-03 23:33:22,16,19,0.009021392092108727,27.537181854248047,0.8415989279747009,,,,2e-05,103.63421702384949,0.069403648
2025-09-03 23:33:22,16,20,0.009406264871358871,27.530609130859375,0.8575072288513184,,,,2e-05,103.68005132675171,0.069396992
2025-09-03 23:33:22,16,21,0.007564273662865162,27.536500930786133,0.8561779260635376,,,,2e-05,103.72301316261292,0.069392896
2025-09-03 23:33:22,16,22,0.005985484924167395,27.53815269470215,0.8782197833061218,,,,2e-05,103.77669477462769,0.069408768
2025-09-03 23:33:22,16,23,0.009859259240329266,27.53091049194336,0.8445014357566833,,,,2e-05,103.84893703460693,0.0694528
2025-09-03 23:33:22,16,24,0.00710157910361886,27.532440185546875,0.8711453676223755,,,,2e-05,103.89263963699341,0.069394432
2025-09-03 23:33:22,16,25,0.005766804795712233,27.53466033935547,0.8798150420188904,,,,2e-05,103.94593667984009,0.069408256
2025-09-03 23:33:22,16,26,0.009210960008203983,27.534074783325195,0.8534611463546753,,,,2e-05,103.99791526794434,0.069406208
2025-09-03 23:33:22,16,27,0.012751571834087372,27.530078887939453,0.8326935172080994,,,,2e-05,104.05066418647766,0.069406208
2025-09-03 23:33:22,16,28,0.015253673307597637,27.529827117919922,0.8241887092590332,,,,2e-05,104.11144685745239,0.069417472
2025-09-03 23:33:22,16,29,0.005771255120635033,27.534292221069336,0.8691248893737793,,,,2e-05,104.16300320625305,0.069403648
2025-09-03 23:33:23,16,30,0.008429567329585552,27.530044555664062,0.8596612811088562,,,,2e-05,104.22350597381592,0.069417472
2025-09-03 23:33:23,16,31,0.006122159771621227,27.536346435546875,0.8678388595581055,,,,2e-05,104.27986264228821,0.06941184
2025-09-03 23:33:23,16,32,0.007094525266438723,27.53737449645996,0.8567094802856445,,,,2e-05,104.33386397361755,0.069408768
2025-09-03 23:33:23,16,33,0.004835525993257761,27.534088134765625,0.8885692358016968,,,,2e-05,104.40553450584412,0.069450752
2025-09-03 23:33:23,16,34,0.007253960240632296,27.534639358520508,0.8534479737281799,,,,2e-05,104.45298314094543,0.069398016
2025-09-03 23:33:23,16,35,0.006890381220728159,27.535280227661133,0.8679037690162659,,,,2e-05,104.50491976737976,0.069406208
2025-09-03 23:33:23,16,36,0.005386399570852518,27.53432273864746,0.881134569644928,,,,2e-05,104.5539083480835,0.069401088
2025-09-03 23:33:23,16,37,0.00876106321811676,27.53097915649414,0.8532314300537109,,,,2e-05,104.61120462417603,0.069413888
2025-09-03 23:33:23,16,38,0.005368907004594803,27.535663604736328,0.8816347718238831,,,,2e-05,104.65583109855652,0.069394944
2025-09-03 23:33:23,16,39,0.008314301259815693,27.53111457824707,0.8517626523971558,,,,2e-05,104.69712543487549,0.069382144
2025-09-03 23:33:23,16,40,0.02079722099006176,27.528162002563477,0.7960858345031738,,,,2e-05,104.75094819068909,0.069408768
2025-09-03 23:33:23,16,41,0.00793720968067646,27.534496307373047,0.8575245141983032,,,,2e-05,104.80599880218506,0.069406208
2025-09-03 23:33:23,16,42,0.005360608920454979,27.53658103942871,0.8801180124282837,,,,2e-05,104.86742353439331,0.06941952
2025-09-03 23:33:23,16,43,0.008652539923787117,27.53826141357422,0.8448711037635803,,,,2e-05,104.92425537109375,0.06941184
2025-09-03 23:33:23,16,44,0.009739065542817116,27.531494140625,0.8509222865104675,,,,2e-05,104.97788166999817,0.069408256
2025-09-03 23:33:23,16,45,0.006198061164468527,27.53646469116211,0.8669569492340088,,,,2e-05,105.0347809791565,0.06941184
2025-09-03 23:33:23,16,46,0.012870714999735355,27.5324764251709,0.8282365202903748,,,,2e-05,105.08391666412354,0.069401088
2025-09-03 23:33:23,16,47,0.008488512597978115,27.53860855102539,0.847946047782898,,,,2e-05,105.12806153297424,0.069394944
2025-09-03 23:33:23,16,48,0.008378341794013977,27.533903121948242,0.8511601090431213,,,,2e-05,105.18456149101257,0.06941184
2025-09-03 23:33:24,16,49,0.009861672297120094,27.530988693237305,0.8486506938934326,,,,2e-05,105.2581467628479,0.069453312
2025-09-03 23:33:24,16,50,0.007138055749237537,27.53388023376465,0.8685113191604614,,,,2e-05,105.3116147518158,0.069406208
2025-09-03 23:33:24,16,51,0.007775888312608004,27.532480239868164,0.8650529980659485,,,,2e-05,105.3641357421875,0.069406208
2025-09-03 23:33:24,16,52,0.008397066034376621,27.534982681274414,0.8572270274162292,,,,2e-05,105.41707301139832,0.069406208
2025-09-03 23:33:24,16,53,0.009409375488758087,27.530473709106445,0.8471081256866455,,,,2e-05,105.49306297302246,0.06945536
2025-09-03 23:33:24,16,54,0.00824440736323595,27.530683517456055,0.8578768372535706,,,,2e-05,105.55874466896057,0.069410816
2025-09-03 23:33:24,16,55,0.006567671895027161,27.53583526611328,0.8596417307853699,,,,2e-05,105.61833190917969,0.069413888
2025-09-03 23:33:24,16,56,0.006231287959963083,27.531768798828125,0.8687755465507507,,,,2e-05,105.6762421131134,0.069413888
2025-09-03 23:33:24,16,57,0.005295721814036369,27.534046173095703,0.8837141990661621,,,,2e-05,105.71618437767029,0.069378048
2025-09-03 23:33:24,16,58,0.008617768064141273,27.530561447143555,0.8480786085128784,,,,2e-05,105.75916790962219,0.069392896
2025-09-03 23:33:24,16,59,0.007259299047291279,27.530973434448242,0.8681827187538147,,,,2e-05,105.8024673461914,0.069394432
2025-09-03 23:33:24,16,60,0.01430312916636467,27.529449462890625,0.8218468427658081,,,,2e-05,105.85880064964294,0.06941184
2025-09-03 23:33:24,16,61,0.008849543519318104,27.530414581298828,0.849288284778595,,,,2e-05,105.90165853500366,0.069392384
2025-09-03 23:33:24,16,62,0.010490667074918747,27.530771255493164,0.8444035053253174,,,,2e-05,105.97238230705261,0.069441024
2025-09-03 23:33:24,16,63,0.010248017497360706,27.531023025512695,0.8537982702255249,,,,2e-05,106.03417682647705,0.06941952
2025-09-03 23:33:24,16,64,0.005126569420099258,27.534320831298828,0.8830273151397705,,,,2e-05,106.08379483222961,0.069402624
2025-09-03 23:33:24,16,65,0.008100397884845734,27.536460876464844,0.8463134765625,,,,2e-05,106.14420461654663,0.069417472
2025-09-03 23:33:25,16,66,0.008733929134905338,27.531475067138672,0.8556991815567017,,,,2e-05,106.20119595527649,0.06941184
2025-09-03 23:33:25,16,67,0.006252675782889128,27.534250259399414,0.8686219453811646,,,,2e-05,106.24297046661377,0.069382144
2025-09-03 23:33:25,16,68,0.011082051321864128,27.5318660736084,0.8398152589797974,,,,2e-05,106.29722833633423,0.069408768
2025-09-03 23:33:25,16,69,0.007724839262664318,27.535377502441406,0.8629453182220459,,,,2e-05,106.34130311012268,0.069394432
2025-09-03 23:33:25,16,70,0.0088977525010705,27.537555694580078,0.8439362645149231,,,,2e-05,106.37847208976746,0.069367296
2025-09-03 23:33:25,16,71,0.00741558475419879,27.531709671020508,0.8684364557266235,,,,2e-05,106.4452006816864,0.069435392
2025-09-03 23:33:25,16,72,0.005140411667525768,27.534534454345703,0.8843289613723755,,,,2e-05,106.51807165145874,0.0694528
2025-09-03 23:33:25,16,73,0.007356852758675814,27.53607177734375,0.8677133321762085,,,,2e-05,106.56907391548157,0.069403648
2025-09-03 23:33:25,16,74,0.006011262070387602,27.53742218017578,0.8735916614532471,,,,2e-05,106.62503790855408,0.06941184
2025-09-03 23:33:25,16,75,0.007874083705246449,27.534231185913086,0.8667680025100708,,,,2e-05,106.67312431335449,0.069400064
2025-09-03 23:33:25,16,76,0.0063324966467916965,27.533376693725586,0.8740142583847046,,,,2e-05,106.72664737701416,0.069408256
2025-09-03 23:33:25,16,77,0.01499946229159832,27.528217315673828,0.8102943897247314,,,,2e-05,106.77724933624268,0.069403648
2025-09-03 23:33:25,16,78,0.00588760431855917,27.53236961364746,0.8762788772583008,,,,2e-05,106.86303377151489,0.069470208
2025-09-03 23:33:25,16,79,0.009601232595741749,27.532268524169922,0.8374568223953247,,,,2e-05,106.90348291397095,0.069378048
2025-09-03 23:33:25,16,80,0.00524490512907505,27.53675651550293,0.8812733888626099,,,,2e-05,106.95512819290161,0.069405696
2025-09-03 23:33:25,16,81,0.006759537849575281,27.536272048950195,0.8584589958190918,,,,2e-05,107.0018744468689,0.069398016
2025-09-03 23:33:25,16,82,0.0057364571839571,27.536409378051758,0.8814195394515991,,,,2e-05,107.05340576171875,0.069401088
2025-09-03 23:33:25,16,83,0.007684965152293444,27.537670135498047,0.8519977927207947,,,,2e-05,107.09675621986389,0.069392384
2025-09-03 23:33:25,16,84,0.01063590683043003,27.530733108520508,0.8456804156303406,,,,2e-05,107.15157151222229,0.069408256
2025-09-03 23:33:26,16,85,0.0066655646078288555,27.53696060180664,0.8690058588981628,,,,2e-05,107.22280764579773,0.069440512
2025-09-03 23:33:26,16,86,0.0064902715384960175,27.532978057861328,0.8665603995323181,,,,2e-05,107.26886105537415,0.069397504
2025-09-03 23:33:26,16,87,0.01648443005979061,27.530546188354492,0.8142561912536621,,,,2e-05,107.32497644424438,0.06941184
2025-09-03 23:33:26,16,88,0.008502639830112457,27.535388946533203,0.8604090213775635,,,,2e-05,107.37819790840149,0.069408256
2025-09-03 23:33:26,16,89,0.006489695981144905,27.537752151489258,0.8683680891990662,,,,2e-05,107.42693448066711,0.069401088
2025-09-03 23:33:26,16,end,0.008180110146188073,27.5335783428616,0.85856344766087,0.01094080014154315,27.533849143981932,0.8444581806659699,2e-05,107.57184076309204,0.069364224
2025-09-03 23:33:26,17,0,0.006579053122550249,27.53537940979004,0.8674895167350769,,,,2e-05,107.63468313217163,0.069417472
2025-09-03 23:33:26,17,1,0.015989018604159355,27.530126571655273,0.8199687600135803,,,,2e-05,107.6914894580841,0.06941184
2025-09-03 23:33:26,17,2,0.009350491687655449,27.533130645751953,0.8566784858703613,,,,2e-05,107.74240827560425,0.069405184
2025-09-03 23:33:26,17,3,0.008065805770456791,27.534635543823242,0.8643433451652527,,,,2e-05,107.7927634716034,0.069400064
2025-09-03 23:33:26,17,4,0.0084074717015028,27.530738830566406,0.8506084680557251,,,,2e-05,107.83641195297241,0.069392896
2025-09-03 23:33:26,17,5,0.00604465464130044,27.531871795654297,0.8730211853981018,,,,2e-05,107.88179159164429,0.069397504
2025-09-03 23:33:26,17,6,0.006037863437086344,27.5320987701416,0.8743885159492493,,,,2e-05,107.93196296691895,0.069403648
2025-09-03 23:33:26,17,7,0.006899779662489891,27.536251068115234,0.865555465221405,,,,2e-05,108.00098752975464,0.069435392
2025-09-03 23:33:26,17,8,0.00692708557471633,27.532461166381836,0.8668252229690552,,,,2e-05,108.05804657936096,0.06941184
2025-09-03 23:33:26,17,9,0.005484380293637514,27.535001754760742,0.8781066536903381,,,,2e-05,108.1149353981018,0.06941184
2025-09-03 23:33:26,17,10,0.006040398962795734,27.53641700744629,0.8692585229873657,,,,2e-05,108.17127060890198,0.06941184
2025-09-03 23:33:27,17,11,0.005682890769094229,27.532896041870117,0.875671923160553,,,,2e-05,108.21319127082825,0.069382144
2025-09-03 23:33:27,17,12,0.006137937307357788,27.532896041870117,0.8766933083534241,,,,2e-05,108.30470752716064,0.069477888
2025-09-03 23:33:27,17,13,0.008273810148239136,27.530099868774414,0.8569849133491516,,,,2e-05,108.36089491844177,0.069410816
2025-09-03 23:33:27,17,14,0.004770524799823761,27.533754348754883,0.8873363137245178,,,,2e-05,108.41032981872559,0.069402624
2025-09-03 23:33:27,17,15,0.00784263201057911,27.53483009338379,0.8670921325683594,,,,2e-05,108.4636344909668,0.069408256
2025-09-03 23:33:27,17,16,0.008286470547318459,27.530231475830078,0.8618291616439819,,,,2e-05,108.52413582801819,0.069417472
2025-09-03 23:33:27,17,17,0.00760964909568429,27.53738784790039,0.8524968028068542,,,,2e-05,108.56669807434082,0.069392384
2025-09-03 23:33:27,17,18,0.009347939863801003,27.530466079711914,0.8496843576431274,,,,2e-05,108.63837599754333,0.0694528
2025-09-03 23:33:27,17,19,0.00871478021144867,27.53054428100586,0.8592663407325745,,,,2e-05,108.69765615463257,0.069414912
2025-09-03 23:33:27,17,20,0.008120146580040455,27.533235549926758,0.8491151332855225,,,,2e-05,108.75472140312195,0.06941184
2025-09-03 23:33:27,17,21,0.008880151435732841,27.529998779296875,0.8605993390083313,,,,2e-05,108.82800936698914,0.069453312
2025-09-03 23:33:27,17,22,0.008721987716853619,27.533666610717773,0.857825517654419,,,,2e-05,108.88066697120667,0.069406208
2025-09-03 23:33:27,17,23,0.004900958854705095,27.535797119140625,0.8868514895439148,,,,2e-05,108.94188451766968,0.06941952
2025-09-03 23:33:27,17,24,0.008110958151519299,27.533016204833984,0.8673951029777527,,,,2e-05,108.9949860572815,0.069406208
2025-09-03 23:33:27,17,25,0.006560091860592365,27.53431510925293,0.8744094371795654,,,,2e-05,109.03877186775208,0.069394432
2025-09-03 23:33:27,17,26,0.006565607152879238,27.535972595214844,0.8695535063743591,,,,2e-05,109.09186911582947,0.069408256
2025-09-03 23:33:27,17,27,0.0055803596042096615,27.534276962280273,0.8793749213218689,,,,2e-05,109.13923192024231,0.069400064
2025-09-03 23:33:27,17,28,0.0061185951344668865,27.533170700073242,0.8761016130447388,,,,2e-05,109.17836666107178,0.069378048
2025-09-03 23:33:28,17,29,0.007812952622771263,27.530521392822266,0.8553322553634644,,,,2e-05,109.23313546180725,0.069410816
2025-09-03 23:33:28,17,30,0.014135310426354408,27.528345108032227,0.815287709236145,,,,2e-05,109.28347325325012,0.069403648
2025-09-03 23:33:28,17,31,0.006855768617242575,27.5384521484375,0.8656300902366638,,,,2e-05,109.32236242294312,0.069377536
2025-09-03 23:33:28,17,32,0.008602220565080643,27.52999496459961,0.8544787764549255,,,,2e-05,109.37451171875,0.069406208
2025-09-03 23:33:28,17,33,0.006024619098752737,27.532899856567383,0.8733609318733215,,,,2e-05,109.45875334739685,0.069469184
2025-09-03 23:33:28,17,34,0.006748925428837538,27.536678314208984,0.8596740961074829,,,,2e-05,109.51690459251404,0.069413888
2025-09-03 23:33:28,17,35,0.009731296449899673,27.5323486328125,0.8416042923927307,,,,2e-05,109.57474160194397,0.069413888
2025-09-03 23:33:28,17,36,0.0112333744764328,27.53112030029297,0.839031457901001,,,,2e-05,109.62917637825012,0.069408256
2025-09-03 23:33:28,17,37,0.00794906448572874,27.532655715942383,0.8637984991073608,,,,2e-05,109.68158507347107,0.069406208
2025-09-03 23:33:28,17,38,0.008238362148404121,27.536697387695312,0.8558671474456787,,,,2e-05,109.72754907608032,0.069395456
2025-09-03 23:33:28,17,39,0.013959052041172981,27.531248092651367,0.8187772035598755,,,,2e-05,109.78017497062683,0.069406208
2025-09-03 23:33:28,17,40,0.005571127403527498,27.534589767456055,0.8812115788459778,,,,2e-05,109.85989952087402,0.069462016
2025-09-03 23:33:28,17,41,0.008163981139659882,27.536888122558594,0.8573207855224609,,,,2e-05,109.91068387031555,0.069403648
2025-09-03 23:33:28,17,42,0.007529783062636852,27.531885147094727,0.8669445514678955,,,,2e-05,109.97787237167358,0.069435392
2025-09-03 23:33:28,17,43,0.015570503659546375,27.530332565307617,0.8193513751029968,,,,2e-05,110.03919243812561,0.069417472
2025-09-03 23:33:28,17,44,0.007907385006546974,27.53740692138672,0.8512793183326721,,,,2e-05,110.08380246162415,0.069394944
2025-09-03 23:33:28,17,45,0.005973596591502428,27.532777786254883,0.8741645216941833,,,,2e-05,110.16916608810425,0.069470208
2025-09-03 23:33:29,17,46,0.008784526027739048,27.530241012573242,0.8500924110412598,,,,2e-05,110.21419191360474,0.069392384
2025-09-03 23:33:29,17,47,0.013737956993281841,27.52934455871582,0.8261527419090271,,,,2e-05,110.27064561843872,0.06941184
2025-09-03 23:33:29,17,48,0.007276545278728008,27.53754234313965,0.8540081977844238,,,,2e-05,110.32493019104004,0.069408768
2025-09-03 23:33:29,17,49,0.008879123255610466,27.536802291870117,0.842719554901123,,,,2e-05,110.36292791366577,0.069367296
2025-09-03 23:33:29,17,50,0.006868469063192606,27.53105354309082,0.8724770545959473,,,,2e-05,110.40581011772156,0.069394432
2025-09-03 23:33:29,17,51,0.010167650878429413,27.52976417541504,0.8567476272583008,,,,2e-05,110.46588277816772,0.069417472
2025-09-03 23:33:29,17,52,0.006182278506457806,27.533802032470703,0.8755780458450317,,,,2e-05,110.5189208984375,0.069408256
2025-09-03 23:33:29,17,53,0.00582153769209981,27.534442901611328,0.8678934574127197,,,,2e-05,110.57019710540771,0.069403648
2025-09-03 23:33:29,17,54,0.006052471697330475,27.537696838378906,0.8718566298484802,,,,2e-05,110.62622046470642,0.06941184
2025-09-03 23:33:29,17,55,0.007909804582595825,27.530725479125977,0.8645772933959961,,,,2e-05,110.68371772766113,0.06941184
2025-09-03 23:33:29,17,56,0.010035719722509384,27.530582427978516,0.8554604649543762,,,,2e-05,110.74546647071838,0.06941952
2025-09-03 23:33:29,17,57,0.005189442075788975,27.536996841430664,0.8809129595756531,,,,2e-05,110.79744362831116,0.069405696
2025-09-03 23:33:29,17,58,0.006882126908749342,27.535768508911133,0.8662659525871277,,,,2e-05,110.85022783279419,0.069406208
2025-09-03 23:33:29,17,59,0.00864405557513237,27.529996871948242,0.8624491095542908,,,,2e-05,110.90387892723083,0.069408256
2025-09-03 23:33:29,17,60,0.00806992407888174,27.53599739074707,0.846133291721344,,,,2e-05,110.96423530578613,0.069417472
2025-09-03 23:33:29,17,61,0.005468372255563736,27.5347957611084,0.8796188831329346,,,,2e-05,111.01342701911926,0.069401088
2025-09-03 23:33:29,17,62,0.00544870225712657,27.537700653076172,0.8852739334106445,,,,2e-05,111.06816244125366,0.069408768
2025-09-03 23:33:29,17,63,0.0065715741366147995,27.535863876342773,0.8666253089904785,,,,2e-05,111.11189317703247,0.069392896
2025-09-03 23:33:29,17,64,0.005360105074942112,27.53612518310547,0.8853228092193604,,,,2e-05,111.16079807281494,0.069401088
2025-09-03 23:33:30,17,65,0.010423367843031883,27.53046226501465,0.8490628004074097,,,,2e-05,111.21497535705566,0.069408768
2025-09-03 23:33:30,17,66,0.0049163526855409145,27.53435516357422,0.8867678046226501,,,,2e-05,111.28804039955139,0.0694528
2025-09-03 23:33:30,17,67,0.005845171865075827,27.531648635864258,0.8732856512069702,,,,2e-05,111.34663796424866,0.069413888
2025-09-03 23:33:30,17,68,0.00835235882550478,27.53668975830078,0.8447874188423157,,,,2e-05,111.39799427986145,0.069403648
2025-09-03 23:33:30,17,69,0.008616185747087002,27.529882431030273,0.8558952808380127,,,,2e-05,111.47295355796814,0.06945536
2025-09-03 23:33:30,17,70,0.0061140721663832664,27.53741455078125,0.8719544410705566,,,,2e-05,111.52350091934204,0.069401088
2025-09-03 23:33:30,17,71,0.007921784184873104,27.537405014038086,0.849431574344635,,,,2e-05,111.58098435401917,0.06941184
2025-09-03 23:33:30,17,72,0.009220480918884277,27.532428741455078,0.8408623337745667,,,,2e-05,111.62102818489075,0.069378048
2025-09-03 23:33:30,17,73,0.010099178180098534,27.530433654785156,0.8482319712638855,,,,2e-05,111.69184613227844,0.069441024
2025-09-03 23:33:30,17,74,0.005328358616679907,27.53632354736328,0.8809748291969299,,,,2e-05,111.73631238937378,0.069394944
2025-09-03 23:33:30,17,75,0.019374392926692963,27.528444290161133,0.8041560649871826,,,,2e-05,111.79041266441345,0.069408768
2025-09-03 23:33:30,17,76,0.006378518417477608,27.536863327026367,0.872484028339386,,,,2e-05,111.86159038543701,0.069440512
2025-09-03 23:33:30,17,77,0.00483574578538537,27.534900665283203,0.8884052038192749,,,,2e-05,111.93330955505371,0.069450752
2025-09-03 23:33:30,17,78,0.005905032157897949,27.53548812866211,0.8721093535423279,,,,2e-05,111.97962355613708,0.069395456
2025-09-03 23:33:30,17,79,0.008331658318638802,27.535064697265625,0.8573028445243835,,,,2e-05,112.03218030929565,0.069406208
2025-09-03 23:33:30,17,80,0.0071898153983056545,27.53590202331543,0.8549487590789795,,,,2e-05,112.07973575592041,0.069398016
2025-09-03 23:33:30,17,81,0.00913122110068798,27.5306396484375,0.8594483137130737,,,,2e-05,112.1253113746643,0.069396992
2025-09-03 23:33:30,17,82,0.005733773577958345,27.533241271972656,0.8730925917625427,,,,2e-05,112.16672110557556,0.069382144
2025-09-03 23:33:31,17,83,0.011265242472290993,27.5313720703125,0.8438059091567993,,,,2e-05,112.21554899215698,0.069401088
2025-09-03 23:33:31,17,84,0.006826121360063553,27.532337188720703,0.8742364645004272,,,,2e-05,112.25942897796631,0.069394432
2025-09-03 23:33:31,17,85,0.006506601348519325,27.536529541015625,0.8605293035507202,,,,2e-05,112.30571913719177,0.069398016
2025-09-03 23:33:31,17,86,0.006106335669755936,27.533008575439453,0.8805049657821655,,,,2e-05,112.36216926574707,0.069406208
2025-09-03 23:33:31,17,87,0.011734738945960999,27.530038833618164,0.8322654366493225,,,,2e-05,112.43884086608887,0.069438464
2025-09-03 23:33:31,17,88,0.0055056605488061905,27.534223556518555,0.8835868835449219,,,,2e-05,112.49254202842712,0.069408256
2025-09-03 23:33:31,17,89,0.007628242950886488,27.53391456604004,0.86273193359375,,,,2e-05,112.54490447044373,0.069406208
2025-09-03 23:33:31,17,end,0.007896662400000625,27.533486281500924,0.8613185326258341,0.010918466001749038,27.5330472946167,0.8451492786407471,2e-05,112.69017028808594,0.069367296
2025-09-03 23:33:31,18,0,0.009059716016054153,27.532241821289062,0.8425222635269165,,,,2e-05,112.73424768447876,0.069378048
2025-09-03 23:33:31,18,1,0.009329386986792088,27.532506942749023,0.8597608208656311,,,,2e-05,112.7848596572876,0.069405184
2025-09-03 23:33:31,18,2,0.005407918244600296,27.534177780151367,0.8731335401535034,,,,2e-05,112.83536720275879,0.069403648
2025-09-03 23:33:31,18,3,0.020097339525818825,27.528076171875,0.8006739616394043,,,,2e-05,112.8889422416687,0.069408768
2025-09-03 23:33:31,18,4,0.012990483082830906,27.529708862304688,0.8331102132797241,,,,2e-05,112.94219493865967,0.069406208
2025-09-03 23:33:31,18,5,0.010129792615771294,27.52989387512207,0.8562846779823303,,,,2e-05,113.00327968597412,0.069417472
2025-09-03 23:33:31,18,6,0.008719644509255886,27.530160903930664,0.8552611470222473,,,,2e-05,113.07812666893005,0.06945536
2025-09-03 23:33:31,18,7,0.005567843094468117,27.536643981933594,0.8778553009033203,,,,2e-05,113.12306022644043,0.069394944
2025-09-03 23:33:31,18,8,0.008126810193061829,27.534896850585938,0.8593764305114746,,,,2e-05,113.17528438568115,0.069406208
2025-09-03 23:33:32,18,9,0.009089904837310314,27.53093147277832,0.8552091121673584,,,,2e-05,113.23408389091492,0.069414912
2025-09-03 23:33:32,18,10,0.0060011111199855804,27.538293838500977,0.8725171685218811,,,,2e-05,113.2898862361908,0.06941184
2025-09-03 23:33:32,18,11,0.010009904392063618,27.531003952026367,0.8567740321159363,,,,2e-05,113.35155630111694,0.06941952
2025-09-03 23:33:32,18,12,0.008977850899100304,27.530344009399414,0.8621577620506287,,,,2e-05,113.39745211601257,0.069396992
2025-09-03 23:33:32,18,13,0.0058276476338505745,27.532743453979492,0.8762248754501343,,,,2e-05,113.48217606544495,0.069469184
2025-09-03 23:33:32,18,14,0.006020853295922279,27.533275604248047,0.8780981302261353,,,,2e-05,113.57445287704468,0.069477888
2025-09-03 23:33:32,18,15,0.007201652508229017,27.532930374145508,0.8630466461181641,,,,2e-05,113.63275194168091,0.06941184
2025-09-03 23:33:32,18,16,0.008774958550930023,27.530075073242188,0.8616234064102173,,,,2e-05,113.70656061172485,0.069453312
2025-09-03 23:33:32,18,17,0.007070040795952082,27.535930633544922,0.8646645545959473,,,,2e-05,113.75930190086365,0.069406208
2025-09-03 23:33:32,18,18,0.006307557225227356,27.53509521484375,0.8698490858078003,,,,2e-05,113.81931018829346,0.069417472
2025-09-03 23:33:32,18,19,0.007948646321892738,27.534780502319336,0.8665749430656433,,,,2e-05,113.87371873855591,0.069408256
2025-09-03 23:33:32,18,20,0.005437477491796017,27.53754425048828,0.8856680989265442,,,,2e-05,113.92800712585449,0.069408768
2025-09-03 23:33:32,18,21,0.009030892513692379,27.529050827026367,0.8501118421554565,,,,2e-05,113.98052668571472,0.069406208
2025-09-03 23:33:32,18,22,0.006805019918829203,27.536319732666016,0.8660986423492432,,,,2e-05,114.04878664016724,0.069435392
2025-09-03 23:33:32,18,23,0.008104631677269936,27.53720474243164,0.8471534848213196,,,,2e-05,114.10589790344238,0.06941184
2025-09-03 23:33:32,18,24,0.013823192566633224,27.528823852539062,0.8266748785972595,,,,2e-05,114.16363954544067,0.06941184
2025-09-03 23:33:33,18,25,0.0067434776574373245,27.53624153137207,0.8677071332931519,,,,2e-05,114.21686911582947,0.069408256
2025-09-03 23:33:33,18,26,0.004927138797938824,27.53437614440918,0.8863750696182251,,,,2e-05,114.28957176208496,0.0694528
2025-09-03 23:33:33,18,27,0.014880280941724777,27.5295467376709,0.827750563621521,,,,2e-05,114.35076808929443,0.069417472
2025-09-03 23:33:33,18,28,0.008216533809900284,27.533321380615234,0.8660814166069031,,,,2e-05,114.40370202064514,0.069406208
2025-09-03 23:33:33,18,29,0.006881013046950102,27.537918090820312,0.8595072031021118,,,,2e-05,114.45782279968262,0.069408768
2025-09-03 23:33:33,18,30,0.006882874295115471,27.53481101989746,0.8710222244262695,,,,2e-05,114.50157880783081,0.069394432
2025-09-03 23:33:33,18,31,0.005015628412365913,27.533842086791992,0.8883585929870605,,,,2e-05,114.58044028282166,0.069462016
2025-09-03 23:33:33,18,32,0.009555444121360779,27.52985954284668,0.8434263467788696,,,,2e-05,114.62475085258484,0.069392384
2025-09-03 23:33:33,18,33,0.004790506791323423,27.53391456604004,0.8865861296653748,,,,2e-05,114.67419099807739,0.069402624
2025-09-03 23:33:33,18,34,0.005219375714659691,27.537212371826172,0.88033127784729,,,,2e-05,114.72603178024292,0.069405696
2025-09-03 23:33:33,18,35,0.010420557111501694,27.530908584594727,0.8503071069717407,,,,2e-05,114.77502703666687,0.069401088
2025-09-03 23:33:33,18,36,0.005668792873620987,27.53510284423828,0.877162754535675,,,,2e-05,114.82393336296082,0.069401088
2025-09-03 23:33:33,18,37,0.01061335764825344,27.529447555541992,0.8439380526542664,,,,2e-05,114.87432980537415,0.069403648
2025-09-03 23:33:33,18,38,0.006307083647698164,27.536785125732422,0.871850848197937,,,,2e-05,114.94511914253235,0.069440512
2025-09-03 23:33:33,18,39,0.00514783663675189,27.536304473876953,0.8825252652168274,,,,2e-05,115.00712442398071,0.06941952
2025-09-03 23:33:33,18,40,0.007833695039153099,27.537723541259766,0.8531977534294128,,,,2e-05,115.05225324630737,0.069394944
2025-09-03 23:33:33,18,41,0.008491195738315582,27.530475616455078,0.8652738332748413,,,,2e-05,115.10539484024048,0.069408256
2025-09-03 23:33:33,18,42,0.006049373187124729,27.53205108642578,0.8695275187492371,,,,2e-05,115.16285061836243,0.069413888
2025-09-03 23:33:34,18,43,0.005646335892379284,27.53278923034668,0.8745809197425842,,,,2e-05,115.20425343513489,0.069382144
2025-09-03 23:33:34,18,44,0.00811799056828022,27.53487777709961,0.8624542355537415,,,,2e-05,115.25168776512146,0.069400064
2025-09-03 23:33:34,18,45,0.0062296707183122635,27.533950805664062,0.8749940991401672,,,,2e-05,115.30496287345886,0.069408256
2025-09-03 23:33:34,18,46,0.008680162020027637,27.531408309936523,0.8535129427909851,,,,2e-05,115.36221122741699,0.069413888
2025-09-03 23:33:34,18,47,0.0075653549283742905,27.53716278076172,0.8517537117004395,,,,2e-05,115.4048216342926,0.069392384
2025-09-03 23:33:34,18,48,0.005420929752290249,27.53597068786621,0.8853882551193237,,,,2e-05,115.45357704162598,0.069401088
2025-09-03 23:33:34,18,49,0.006834191735833883,27.535926818847656,0.8557366132736206,,,,2e-05,115.50039792060852,0.069398016
2025-09-03 23:33:34,18,50,0.006331601180136204,27.535619735717773,0.862045168876648,,,,2e-05,115.55753874778748,0.069413888
2025-09-03 23:33:34,18,51,0.005903837736696005,27.532442092895508,0.8829861283302307,,,,2e-05,115.61020517349243,0.069406208
2025-09-03 23:33:34,18,52,0.007523681968450546,27.530553817749023,0.8584975004196167,,,,2e-05,115.66574478149414,0.069410816
2025-09-03 23:33:34,18,53,0.004679687321186066,27.53409194946289,0.8908286094665527,,,,2e-05,115.73706889152527,0.069450752
2025-09-03 23:33:34,18,54,0.009630398824810982,27.529861450195312,0.8396297693252563,,,,2e-05,115.78093075752258,0.069392896
2025-09-03 23:33:34,18,55,0.015542860142886639,27.5290584564209,0.826129138469696,,,,2e-05,115.8375301361084,0.06941184
2025-09-03 23:33:34,18,56,0.005533976946026087,27.534832000732422,0.8763447403907776,,,,2e-05,115.8834159374237,0.069395456
2025-09-03 23:33:34,18,57,0.007937820628285408,27.5362548828125,0.8473641872406006,,,,2e-05,115.94408655166626,0.069417472
2025-09-03 23:33:34,18,58,0.007066420745104551,27.536052703857422,0.8675417900085449,,,,2e-05,115.98965549468994,0.069395456
2025-09-03 23:33:34,18,59,0.00599178671836853,27.537275314331055,0.8702906966209412,,,,2e-05,116.04525637626648,0.06941184
2025-09-03 23:33:34,18,60,0.006483325734734535,27.5380859375,0.8677471876144409,,,,2e-05,116.09485840797424,0.069401088
2025-09-03 23:33:34,18,61,0.007791703566908836,27.530826568603516,0.8630775809288025,,,,2e-05,116.1502537727356,0.069410816
2025-09-03 23:33:34,18,62,0.006852162070572376,27.53917121887207,0.8647000789642334,,,,2e-05,116.18933248519897,0.069377536
2025-09-03 23:33:35,18,63,0.007014920469373465,27.53660011291504,0.8622322082519531,,,,2e-05,116.2320408821106,0.069392896
2025-09-03 23:33:35,18,64,0.006082769017666578,27.5327205657959,0.8708191514015198,,,,2e-05,116.27783274650574,0.069397504
2025-09-03 23:33:35,18,65,0.011569499038159847,27.530349731445312,0.833702802658081,,,,2e-05,116.34749960899353,0.069438464
2025-09-03 23:33:35,18,66,0.008133096620440483,27.530982971191406,0.860737681388855,,,,2e-05,116.40538334846497,0.06941184
2025-09-03 23:33:35,18,67,0.009940014220774174,27.530113220214844,0.8530997633934021,,,,2e-05,116.45948457717896,0.069408256
2025-09-03 23:33:35,18,68,0.005356102250516415,27.5333194732666,0.8796097040176392,,,,2e-05,116.50103712081909,0.069382144
2025-09-03 23:33:35,18,69,0.006743339356034994,27.53162956237793,0.875560998916626,,,,2e-05,116.54456543922424,0.069394432
2025-09-03 23:33:35,18,70,0.007538924925029278,27.534027099609375,0.8634222149848938,,,,2e-05,116.60085129737854,0.069406208
2025-09-03 23:33:35,18,71,0.0076537961140275,27.53299331665039,0.8524516224861145,,,,2e-05,116.66143727302551,0.06941184
2025-09-03 23:33:35,18,72,0.005802047438919544,27.53452491760254,0.8786675930023193,,,,2e-05,116.70902514457703,0.069400064
2025-09-03 23:33:35,18,73,0.007058759219944477,27.531002044677734,0.8725169897079468,,,,2e-05,116.76102066040039,0.069406208
2025-09-03 23:33:35,18,74,0.006826603785157204,27.53472328186035,0.8572145104408264,,,,2e-05,116.80784344673157,0.069398016
2025-09-03 23:33:35,18,75,0.005825632717460394,27.531816482543945,0.8780165910720825,,,,2e-05,116.85797715187073,0.069403648
2025-09-03 23:33:35,18,76,0.008063830435276031,27.53645896911621,0.846158504486084,,,,2e-05,116.90932869911194,0.069403648
2025-09-03 23:33:35,18,77,0.007439782377332449,27.530580520629883,0.8648465871810913,,,,2e-05,116.95292162895203,0.069394432
2025-09-03 23:33:35,18,78,0.009396346285939217,27.530241012573242,0.8475204110145569,,,,2e-05,117.0252046585083,0.0694528
2025-09-03 23:33:35,18,79,0.007445431314408779,27.53635025024414,0.8668592572212219,,,,2e-05,117.07675552368164,0.069403648
2025-09-03 23:33:35,18,80,0.009278406389057636,27.53407096862793,0.8541108965873718,,,,2e-05,117.12954330444336,0.069406208
2025-09-03 23:33:35,18,81,0.007967250421643257,27.530275344848633,0.8661918640136719,,,,2e-05,117.19058918952942,0.069417472
2025-09-03 23:33:36,18,82,0.005959723610430956,27.532941818237305,0.8744716644287109,,,,2e-05,117.27697086334229,0.069470208
2025-09-03 23:33:36,18,83,0.007260327227413654,27.531635284423828,0.86869215965271,,,,2e-05,117.34489464759827,0.069435392
2025-09-03 23:33:36,18,84,0.0050232065841555595,27.53487777709961,0.8849499225616455,,,,2e-05,117.38545441627502,0.069378048
2025-09-03 23:33:36,18,85,0.0052292970940470695,27.535669326782227,0.8804597854614258,,,,2e-05,117.44176006317139,0.06941184
2025-09-03 23:33:36,18,86,0.010274659842252731,27.530603408813477,0.8462608456611633,,,,2e-05,117.51248025894165,0.069441024
2025-09-03 23:33:36,18,87,0.005471356213092804,27.534618377685547,0.8829715847969055,,,,2e-05,117.56623315811157,0.069408256
2025-09-03 23:33:36,18,88,0.01032963115721941,27.5308895111084,0.8499244451522827,,,,2e-05,117.61962747573853,0.069408768
2025-09-03 23:33:36,18,89,0.00807883869856596,27.537405014038086,0.8501402139663696,,,,2e-05,117.65675258636475,0.069367296
2025-09-03 23:33:36,18,end,0.0077559103723615404,27.533445888095432,0.8627618604236179,0.010588592756539584,27.533392715454102,0.8480956792831421,2e-05,117.8019003868103,0.069355008
2025-09-03 23:33:36,19,0,0.007059767842292786,27.532602310180664,0.8642104864120483,,,,2e-05,117.86400961875916,0.06941184
2025-09-03 23:33:36,19,1,0.007451345212757587,27.5360050201416,0.8513547778129578,,,,2e-05,117.92429089546204,0.069417472
2025-09-03 23:33:36,19,2,0.00584728829562664,27.53265380859375,0.8834737539291382,,,,2e-05,117.97767853736877,0.069406208
2025-09-03 23:33:36,19,3,0.00794743187725544,27.53659439086914,0.8476753234863281,,,,2e-05,118.02915000915527,0.069403648
2025-09-03 23:33:36,19,4,0.007321990095078945,27.533775329589844,0.8652734160423279,,,,2e-05,118.08208441734314,0.069406208
2025-09-03 23:33:36,19,5,0.006101157516241074,27.53470230102539,0.8731294870376587,,,,2e-05,118.14601230621338,0.069417472
2025-09-03 23:33:37,19,6,0.0046437024138867855,27.533246994018555,0.8896722793579102,,,,2e-05,118.19571185112,0.069402624
2025-09-03 23:33:37,19,7,0.008340371772646904,27.532634735107422,0.8666792511940002,,,,2e-05,118.24927473068237,0.069406208
2025-09-03 23:33:37,19,8,0.006068812683224678,27.53610610961914,0.8775343894958496,,,,2e-05,118.3315441608429,0.069440512
2025-09-03 23:33:37,19,9,0.0077134426683187485,27.533950805664062,0.8684749603271484,,,,2e-05,118.38157963752747,0.069400064
2025-09-03 23:33:37,19,10,0.016193697229027748,27.527536392211914,0.8057199716567993,,,,2e-05,118.43248963356018,0.069403648
2025-09-03 23:33:37,19,11,0.004524210002273321,27.5341796875,0.8929193019866943,,,,2e-05,118.50465154647827,0.069450752
2025-09-03 23:33:37,19,12,0.007794936653226614,27.530351638793945,0.8642440438270569,,,,2e-05,118.5621612071991,0.06941184
2025-09-03 23:33:37,19,13,0.00842883251607418,27.530292510986328,0.8619695901870728,,,,2e-05,118.62130117416382,0.069414912
2025-09-03 23:33:37,19,14,0.008372878655791283,27.529447555541992,0.8568081259727478,,,,2e-05,118.67455959320068,0.069406208
2025-09-03 23:33:37,19,15,0.00783504731953144,27.53785514831543,0.8504080176353455,,,,2e-05,118.73132514953613,0.06941184
2025-09-03 23:33:37,19,16,0.00828725565224886,27.535303115844727,0.8617051839828491,,,,2e-05,118.78540658950806,0.069408256
2025-09-03 23:33:37,19,17,0.010143947787582874,27.530109405517578,0.8566007614135742,,,,2e-05,118.8462233543396,0.069417472
2025-09-03 23:33:37,19,18,0.006756961811333895,27.53692054748535,0.8580566644668579,,,,2e-05,118.89362335205078,0.069398016
2025-09-03 23:33:37,19,19,0.005996473599225283,27.532814025878906,0.87361079454422,,,,2e-05,118.94458723068237,0.069403648
2025-09-03 23:33:37,19,20,0.005882924888283014,27.53500747680664,0.867456316947937,,,,2e-05,118.99557209014893,0.069403648
2025-09-03 23:33:37,19,21,0.005547105800360441,27.536710739135742,0.8777915835380554,,,,2e-05,119.04109811782837,0.069394944
2025-09-03 23:33:37,19,22,0.007526352070271969,27.531213760375977,0.859825849533081,,,,2e-05,119.08410358428955,0.069392896
2025-09-03 23:33:37,19,23,0.008038635365664959,27.530235290527344,0.8650416731834412,,,,2e-05,119.14482688903809,0.069417472
2025-09-03 23:33:37,19,24,0.007167424540966749,27.537588119506836,0.8557848930358887,,,,2e-05,119.18787455558777,0.069392384
2025-09-03 23:33:38,19,25,0.006961276289075613,27.535686492919922,0.8704631328582764,,,,2e-05,119.23268222808838,0.069395456
2025-09-03 23:33:38,19,26,0.009863797575235367,27.52975845336914,0.8533387184143066,,,,2e-05,119.28674459457397,0.069408256
2025-09-03 23:33:38,19,27,0.010520916432142258,27.5306396484375,0.8498512506484985,,,,2e-05,119.3407289981842,0.069408768
2025-09-03 23:33:38,19,28,0.008036667481064796,27.536869049072266,0.8498861789703369,,,,2e-05,119.3783004283905,0.069367296
2025-09-03 23:33:38,19,29,0.004992268979549408,27.536781311035156,0.8846927881240845,,,,2e-05,119.42985081672668,0.069405696
2025-09-03 23:33:38,19,30,0.00885534007102251,27.529523849487305,0.8590163588523865,,,,2e-05,119.48389339447021,0.069408256
2025-09-03 23:33:38,19,31,0.00885735172778368,27.532262802124023,0.8448056578636169,,,,2e-05,119.52395725250244,0.069378048
2025-09-03 23:33:38,19,32,0.008624706417322159,27.529752731323242,0.8629518747329712,,,,2e-05,119.59710431098938,0.069453312
2025-09-03 23:33:38,19,33,0.01147950068116188,27.52996063232422,0.8343742489814758,,,,2e-05,119.66735172271729,0.069438464
2025-09-03 23:33:38,19,34,0.007209788542240858,27.53496742248535,0.8669769167900085,,,,2e-05,119.71115636825562,0.069394432
2025-09-03 23:33:38,19,35,0.0063529540784657,27.53822135925293,0.8650379180908203,,,,2e-05,119.76505255699158,0.069408768
2025-09-03 23:33:38,19,36,0.009115771390497684,27.531618118286133,0.8480737209320068,,,,2e-05,119.82245111465454,0.069413888
2025-09-03 23:33:38,19,37,0.009498809464275837,27.53046417236328,0.8460608720779419,,,,2e-05,119.89510035514832,0.0694528
2025-09-03 23:33:38,19,38,0.007122166454792023,27.536157608032227,0.8645428419113159,,,,2e-05,119.94865608215332,0.069406208
2025-09-03 23:33:38,19,39,0.0070035713724792,27.536741256713867,0.8653688430786133,,,,2e-05,120.0026912689209,0.069408256
2025-09-03 23:33:38,19,40,0.004795195534825325,27.5362491607666,0.8885675072669983,,,,2e-05,120.06434202194214,0.06941952
2025-09-03 23:33:38,19,41,0.009225869551301003,27.52989387512207,0.8467880487442017,,,,2e-05,120.10737490653992,0.069392384
2025-09-03 23:33:38,19,42,0.007580374367535114,27.533403396606445,0.8543514013290405,,,,2e-05,120.16344118118286,0.06941184
2025-09-03 23:33:39,19,43,0.009137295186519623,27.529743194580078,0.8594503402709961,,,,2e-05,120.20944356918335,0.069396992
2025-09-03 23:33:39,19,44,0.006951566785573959,27.536943435668945,0.8647060990333557,,,,2e-05,120.27600598335266,0.069435392
2025-09-03 23:33:39,19,45,0.007694251369684935,27.536693572998047,0.8632203340530396,,,,2e-05,120.32662773132324,0.069403648
2025-09-03 23:33:39,19,46,0.00948292762041092,27.53432846069336,0.851249098777771,,,,2e-05,120.3791356086731,0.069406208
2025-09-03 23:33:39,19,47,0.005873775575309992,27.533321380615234,0.8801462650299072,,,,2e-05,120.46969866752625,0.069477888
2025-09-03 23:33:39,19,48,0.008541956543922424,27.53013038635254,0.8576286435127258,,,,2e-05,120.55484008789062,0.06945536
2025-09-03 23:33:39,19,49,0.005792262963950634,27.53204917907715,0.8741960525512695,,,,2e-05,120.61711859703064,0.069413888
2025-09-03 23:33:39,19,50,0.004891823045909405,27.534818649291992,0.8872010111808777,,,,2e-05,120.6571261882782,0.069378048
2025-09-03 23:33:39,19,51,0.004982576705515385,27.53466033935547,0.8857621550559998,,,,2e-05,120.72916316986084,0.0694528
2025-09-03 23:33:39,19,52,0.005237028002738953,27.535436630249023,0.8808492422103882,,,,2e-05,120.78606510162354,0.06941184
2025-09-03 23:33:39,19,53,0.005509783048182726,27.53628158569336,0.8842427134513855,,,,2e-05,120.8352918624878,0.069401088
2025-09-03 23:33:39,19,54,0.00662619061768055,27.531639099121094,0.8768028020858765,,,,2e-05,120.87879419326782,0.069394432
2025-09-03 23:33:39,19,55,0.005931927356868982,27.53740882873535,0.8739808201789856,,,,2e-05,120.92751502990723,0.069401088
2025-09-03 23:33:39,19,56,0.005721996538341045,27.53180503845215,0.8757031559944153,,,,2e-05,120.97329211235046,0.069397504
2025-09-03 23:33:39,19,57,0.005639740731567144,27.53766632080078,0.8775550723075867,,,,2e-05,121.02858066558838,0.06941184
2025-09-03 23:33:39,19,58,0.005870673339813948,27.53584098815918,0.8681095242500305,,,,2e-05,121.08599829673767,0.069413888
2025-09-03 23:33:39,19,59,0.004969011526554823,27.533729553222656,0.8888230323791504,,,,2e-05,121.16561794281006,0.069462016
2025-09-03 23:33:40,19,60,0.007757261861115694,27.529823303222656,0.8632847666740417,,,,2e-05,121.22204375267029,0.069410816
2025-09-03 23:33:40,19,61,0.010072970762848854,27.530231475830078,0.8488974571228027,,,,2e-05,121.29366278648376,0.069441024
2025-09-03 23:33:40,19,62,0.006789891980588436,27.531227111816406,0.8753992915153503,,,,2e-05,121.34665966033936,0.069406208
2025-09-03 23:33:40,19,63,0.005611286032944918,27.53205680847168,0.8748500943183899,,,,2e-05,121.38863825798035,0.069382144
2025-09-03 23:33:40,19,64,0.007622532546520233,27.534404754638672,0.8647575378417969,,,,2e-05,121.4408631324768,0.069406208
2025-09-03 23:33:40,19,65,0.005366439465433359,27.534456253051758,0.8844947814941406,,,,2e-05,121.49501729011536,0.069408256
2025-09-03 23:33:40,19,66,0.009119970723986626,27.532941818237305,0.8590206503868103,,,,2e-05,121.54688501358032,0.069405184
2025-09-03 23:33:40,19,67,0.005831264890730381,27.535001754760742,0.8765968084335327,,,,2e-05,121.59465837478638,0.069400064
2025-09-03 23:33:40,19,68,0.009646636433899403,27.530479431152344,0.8607807159423828,,,,2e-05,121.65591955184937,0.06941952
2025-09-03 23:33:40,19,69,0.006260025780647993,27.53390884399414,0.8735164403915405,,,,2e-05,121.71023297309875,0.069408256
2025-09-03 23:33:40,19,70,0.0052106743678450584,27.537857055664062,0.8889045715332031,,,,2e-05,121.76479840278625,0.069408768
2025-09-03 23:33:40,19,71,0.0057042911648750305,27.53261947631836,0.8773468732833862,,,,2e-05,121.85022449493408,0.069470208
2025-09-03 23:33:40,19,72,0.006291987374424934,27.535860061645508,0.8702578544616699,,,,2e-05,121.89404654502869,0.069392896
2025-09-03 23:33:40,19,73,0.007076436188071966,27.530725479125977,0.8637961745262146,,,,2e-05,121.94943428039551,0.069410816
2025-09-03 23:33:40,19,74,0.0055687399581074715,27.536645889282227,0.8747153282165527,,,,2e-05,122.00608563423157,0.06941184
2025-09-03 23:33:40,19,75,0.011321090161800385,27.529794692993164,0.8468915224075317,,,,2e-05,122.05588960647583,0.069401088
2025-09-03 23:33:40,19,76,0.015193420462310314,27.5291690826416,0.8269839286804199,,,,2e-05,122.11690878868103,0.069417472
2025-09-03 23:33:40,19,77,0.005336607340723276,27.53473472595215,0.878754734992981,,,,2e-05,122.1628668308258,0.069395456
2025-09-03 23:33:41,19,78,0.019089816138148308,27.528059005737305,0.8071011900901794,,,,2e-05,122.21662759780884,0.069408768
2025-09-03 23:33:41,19,79,0.007308074738830328,27.537763595581055,0.8578401803970337,,,,2e-05,122.26072335243225,0.069394944
2025-09-03 23:33:41,19,80,0.005695759784430265,27.532678604125977,0.8776823282241821,,,,2e-05,122.34457993507385,0.069469184
2025-09-03 23:33:41,19,81,0.0068317982368171215,27.539175033569336,0.8646537661552429,,,,2e-05,122.3849458694458,0.069377536
2025-09-03 23:33:41,19,82,0.013564087450504303,27.529861450195312,0.8261646628379822,,,,2e-05,122.44651937484741,0.06941184
2025-09-03 23:33:41,19,83,0.007305731996893883,27.531816482543945,0.8688787221908569,,,,2e-05,122.51611471176147,0.069435392
2025-09-03 23:33:41,19,84,0.00739756366237998,27.535900115966797,0.8525916337966919,,,,2e-05,122.56368851661682,0.069398016
2025-09-03 23:33:41,19,85,0.0057769897393882275,27.535484313964844,0.8758777976036072,,,,2e-05,122.6127073764801,0.069401088
2025-09-03 23:33:41,19,86,0.006670944858342409,27.531936645507812,0.8739358186721802,,,,2e-05,122.65581846237183,0.069394432
2025-09-03 23:33:41,19,87,0.005746474023908377,27.53389549255371,0.8741766214370728,,,,2e-05,122.69703459739685,0.069382144
2025-09-03 23:33:41,19,88,0.012632852420210838,27.530214309692383,0.8334174752235413,,,,2e-05,122.74856805801392,0.069406208
2025-09-03 23:33:41,19,89,0.01553923636674881,27.52963638305664,0.8242530822753906,,,,2e-05,122.80433535575867,0.06941184
2025-09-03 23:33:41,19,end,0.0076809329394665025,27.533418273925783,0.8638446483347151,0.010585737973451614,27.533420372009278,0.8478397905826569,2e-05,122.94892477989197,0.069370368
2025-09-03 23:33:41,20,0,0.005303297657519579,27.53534507751465,0.8796117901802063,,,,2e-05,123.01039600372314,0.06941184
2025-09-03 23:33:41,20,1,0.009720210917294025,27.530311584472656,0.8589992523193359,,,,2e-05,123.07203149795532,0.06941952
2025-09-03 23:33:41,20,2,0.0056933150626719,27.534610748291016,0.8784849047660828,,,,2e-05,123.11963939666748,0.069400064
2025-09-03 23:33:41,20,3,0.0070398421958088875,27.534774780273438,0.8546611070632935,,,,2e-05,123.16651606559753,0.069398016
2025-09-03 23:33:42,20,4,0.006287435535341501,27.53541374206543,0.8703100085258484,,,,2e-05,123.2100932598114,0.069392896
2025-09-03 23:33:42,20,5,0.008948217146098614,27.532203674316406,0.8623468279838562,,,,2e-05,123.26077914237976,0.069405184
2025-09-03 23:33:42,20,6,0.005029655992984772,27.536531448364258,0.8838034868240356,,,,2e-05,123.3121120929718,0.069405696
2025-09-03 23:33:42,20,7,0.0045842756517231464,27.533987045288086,0.8921557664871216,,,,2e-05,123.3834011554718,0.069450752
2025-09-03 23:33:42,20,8,0.016607627272605896,27.528255462646484,0.8206599354743958,,,,2e-05,123.44063663482666,0.06941184
2025-09-03 23:33:42,20,9,0.01379093062132597,27.52794647216797,0.8192998766899109,,,,2e-05,123.49076867103577,0.069403648
2025-09-03 23:33:42,20,10,0.0077614132314920425,27.53457260131836,0.8657538890838623,,,,2e-05,123.5380916595459,0.069400064
2025-09-03 23:33:42,20,11,0.008495411835610867,27.530479431152344,0.8619385957717896,,,,2e-05,123.59654355049133,0.069414912
2025-09-03 23:33:42,20,12,0.006395141594111919,27.538000106811523,0.8686058521270752,,,,2e-05,123.64550304412842,0.069401088
2025-09-03 23:33:42,20,13,0.008725053630769253,27.530229568481445,0.8627529144287109,,,,2e-05,123.71861004829407,0.069453312
2025-09-03 23:33:42,20,14,0.006865385919809341,27.53211784362793,0.8715827465057373,,,,2e-05,123.76289296150208,0.069394432
2025-09-03 23:33:42,20,15,0.009715993888676167,27.534690856933594,0.8463722467422485,,,,2e-05,123.81459856033325,0.069406208
2025-09-03 23:33:42,20,16,0.00954470969736576,27.53078269958496,0.8470582962036133,,,,2e-05,123.88731408119202,0.0694528
2025-09-03 23:33:42,20,17,0.006248088087886572,27.53427505493164,0.8681218028068542,,,,2e-05,123.92930006980896,0.069382144
2025-09-03 23:33:42,20,18,0.005839744582772255,27.53551483154297,0.8748277425765991,,,,2e-05,123.97884774208069,0.069401088
2025-09-03 23:33:42,20,19,0.006902436725795269,27.53907585144043,0.8639698028564453,,,,2e-05,124.01773023605347,0.069377536
2025-09-03 23:33:42,20,20,0.005798913072794676,27.53270149230957,0.8751617074012756,,,,2e-05,124.10173869132996,0.069469184
2025-09-03 23:33:42,20,21,0.01112221460789442,27.530109405517578,0.837921142578125,,,,2e-05,124.17122459411621,0.069438464
2025-09-03 23:33:43,20,22,0.008439835160970688,27.536884307861328,0.8432295918464661,,,,2e-05,124.22266173362732,0.069403648
2025-09-03 23:33:43,20,23,0.006702599581331015,27.535602569580078,0.8721021413803101,,,,2e-05,124.26789832115173,0.069395456
2025-09-03 23:33:43,20,24,0.008544146083295345,27.532732009887695,0.8471816778182983,,,,2e-05,124.30672192573547,0.069378048
2025-09-03 23:33:43,20,25,0.005889646243304014,27.536598205566406,0.8700848817825317,,,,2e-05,124.362544298172,0.06941184
2025-09-03 23:33:43,20,26,0.008073973469436169,27.537254333496094,0.8463219404220581,,,,2e-05,124.41905999183655,0.06941184
2025-09-03 23:33:43,20,27,0.006855413783341646,27.53555679321289,0.8674164414405823,,,,2e-05,124.47202277183533,0.069406208
2025-09-03 23:33:43,20,28,0.01073536742478609,27.530231475830078,0.8510395884513855,,,,2e-05,124.52111482620239,0.069401088
2025-09-03 23:33:43,20,29,0.007798403035849333,27.533016204833984,0.8504641652107239,,,,2e-05,124.57754731178284,0.06941184
2025-09-03 23:33:43,20,30,0.007391988765448332,27.53400421142578,0.8635786175727844,,,,2e-05,124.62984490394592,0.069406208
2025-09-03 23:33:43,20,31,0.006439046002924442,27.536149978637695,0.8602653741836548,,,,2e-05,124.67690134048462,0.069398016
2025-09-03 23:33:43,20,32,0.007109275087714195,27.536090850830078,0.8696042895317078,,,,2e-05,124.72734212875366,0.069403648
2025-09-03 23:33:43,20,33,0.008361231535673141,27.529708862304688,0.8590786457061768,,,,2e-05,124.80521416664124,0.06945536
2025-09-03 23:33:43,20,34,0.00642943661659956,27.537826538085938,0.8632516264915466,,,,2e-05,124.86025738716125,0.069408768
2025-09-03 23:33:43,20,35,0.009890126995742321,27.529129028320312,0.8531314134597778,,,,2e-05,124.90626764297485,0.069396992
2025-09-03 23:33:43,20,36,0.006665590684860945,27.53659439086914,0.8674790263175964,,,,2e-05,124.97316908836365,0.069435392
2025-09-03 23:33:43,20,37,0.008362066932022572,27.533409118652344,0.8645933866500854,,,,2e-05,125.02627944946289,0.069406208
2025-09-03 23:33:43,20,38,0.008152005262672901,27.537479400634766,0.8492534160614014,,,,2e-05,125.0635232925415,0.069367296
2025-09-03 23:33:43,20,39,0.005770597606897354,27.53218650817871,0.8746094107627869,,,,2e-05,125.10914015769958,0.069397504
2025-09-03 23:33:43,20,40,0.007478881161659956,27.536264419555664,0.8515446782112122,,,,2e-05,125.16959285736084,0.069417472
2025-09-03 23:33:44,20,41,0.013498414307832718,27.52934455871582,0.8286257982254028,,,,2e-05,125.22681975364685,0.06941184
2025-09-03 23:33:44,20,42,0.005237419158220291,27.536481857299805,0.8811742067337036,,,,2e-05,125.27101230621338,0.069394944
2025-09-03 23:33:44,20,43,0.006953504867851734,27.537681579589844,0.8579989671707153,,,,2e-05,125.31348752975464,0.069392384
2025-09-03 23:33:44,20,44,0.018715837970376015,27.528409957885742,0.8089103698730469,,,,2e-05,125.36729383468628,0.069408768
2025-09-03 23:33:44,20,45,0.00569412624463439,27.531909942626953,0.8752567172050476,,,,2e-05,125.42532634735107,0.069413888
2025-09-03 23:33:44,20,46,0.006206004414707422,27.536758422851562,0.874695360660553,,,,2e-05,125.49637174606323,0.069440512
2025-09-03 23:33:44,20,47,0.004768483340740204,27.534088134765625,0.8872396349906921,,,,2e-05,125.5461220741272,0.069402624
2025-09-03 23:33:44,20,48,0.005658176727592945,27.53249740600586,0.8781073093414307,,,,2e-05,125.59649705886841,0.069403648
2025-09-03 23:33:44,20,49,0.010203266516327858,27.530529022216797,0.8469116687774658,,,,2e-05,125.66734838485718,0.069441024
2025-09-03 23:33:44,20,50,0.0071909669786691666,27.532787322998047,0.8630505204200745,,,,2e-05,125.72452020645142,0.06941184
2025-09-03 23:33:44,20,51,0.00814111065119505,27.53498649597168,0.8641238212585449,,,,2e-05,125.77895641326904,0.069408256
2025-09-03 23:33:44,20,52,0.004751736298203468,27.536062240600586,0.8894879221916199,,,,2e-05,125.8404552936554,0.06941952
2025-09-03 23:33:44,20,53,0.004823800176382065,27.534318923950195,0.8884435892105103,,,,2e-05,125.88018774986267,0.069378048
2025-09-03 23:33:44,20,54,0.00625181756913662,27.533777236938477,0.8737714886665344,,,,2e-05,125.93323254585266,0.069408256
2025-09-03 23:33:44,20,55,0.005313871894031763,27.534255981445312,0.8858019113540649,,,,2e-05,125.98720264434814,0.069408256
2025-09-03 23:33:44,20,56,0.007486413698643446,27.534196853637695,0.8665958046913147,,,,2e-05,126.04029154777527,0.069406208
2025-09-03 23:33:44,20,57,0.005589254200458527,27.537614822387695,0.8778907656669617,,,,2e-05,126.09614276885986,0.06941184
2025-09-03 23:33:44,20,58,0.0058821458369493484,27.535757064819336,0.8675312399864197,,,,2e-05,126.1536750793457,0.069413888
2025-09-03 23:33:45,20,59,0.00868560466915369,27.529497146606445,0.8618899583816528,,,,2e-05,126.20751023292542,0.069408256
2025-09-03 23:33:45,20,60,0.005294393748044968,27.535982131958008,0.8866209387779236,,,,2e-05,126.25757598876953,0.069401088
2025-09-03 23:33:45,20,61,0.005349115934222937,27.534252166748047,0.8731734752655029,,,,2e-05,126.3089873790741,0.069403648
2025-09-03 23:33:45,20,62,0.004823223687708378,27.53434181213379,0.8875215649604797,,,,2e-05,126.38153433799744,0.0694528
2025-09-03 23:33:45,20,63,0.009774127043783665,27.529502868652344,0.8549931049346924,,,,2e-05,126.436363697052,0.069408256
2025-09-03 23:33:45,20,64,0.0066865249536931515,27.531169891357422,0.877480149269104,,,,2e-05,126.48833656311035,0.069406208
2025-09-03 23:33:45,20,65,0.0069175660610198975,27.531230926513672,0.873785674571991,,,,2e-05,126.55569052696228,0.069435392
2025-09-03 23:33:45,20,66,0.0067356363870203495,27.534730911254883,0.8720743656158447,,,,2e-05,126.59978175163269,0.069394432
2025-09-03 23:33:45,20,67,0.005167046096175909,27.537845611572266,0.8889977335929871,,,,2e-05,126.65387272834778,0.069408768
2025-09-03 23:33:45,20,68,0.009729432873427868,27.529531478881836,0.8619040846824646,,,,2e-05,126.71461772918701,0.069417472
2025-09-03 23:33:45,20,69,0.007648122031241655,27.52987289428711,0.8640629053115845,,,,2e-05,126.77057218551636,0.069410816
2025-09-03 23:33:45,20,70,0.008293461054563522,27.530385971069336,0.8513333201408386,,,,2e-05,126.81405925750732,0.069392896
2025-09-03 23:33:45,20,71,0.008279161527752876,27.52939796447754,0.8582630157470703,,,,2e-05,126.8660945892334,0.069406208
2025-09-03 23:33:45,20,72,0.014885639771819115,27.529766082763672,0.8268429636955261,,,,2e-05,126.92656946182251,0.069417472
2025-09-03 23:33:45,20,73,0.006322257686406374,27.535465240478516,0.8686949610710144,,,,2e-05,126.98744988441467,0.069417472
2025-09-03 23:33:45,20,74,0.005895457696169615,27.533329010009766,0.8788737058639526,,,,2e-05,127.07869672775269,0.069477888
2025-09-03 23:33:45,20,75,0.007180689834058285,27.53699493408203,0.8620374202728271,,,,2e-05,127.1340537071228,0.069408256
2025-09-03 23:33:46,20,76,0.005084315314888954,27.53429412841797,0.8869470357894897,,,,2e-05,127.21397376060486,0.069462016
2025-09-03 23:33:46,20,77,0.007538498379290104,27.538114547729492,0.8554275035858154,,,,2e-05,127.2589910030365,0.069394944
2025-09-03 23:33:46,20,78,0.005783827975392342,27.535377502441406,0.8724462985992432,,,,2e-05,127.30491304397583,0.069395456
2025-09-03 23:33:46,20,79,0.007089271675795317,27.531347274780273,0.8637858629226685,,,,2e-05,127.36067628860474,0.069410816
2025-09-03 23:33:46,20,80,0.00806627981364727,27.53042221069336,0.8575354218482971,,,,2e-05,127.4039511680603,0.069392384
2025-09-03 23:33:46,20,81,0.006084325723350048,27.53310775756836,0.8799204230308533,,,,2e-05,127.46148920059204,0.069406208
2025-09-03 23:33:46,20,82,0.010234124027192593,27.53104591369629,0.848688542842865,,,,2e-05,127.51830124855042,0.069408768
2025-09-03 23:33:46,20,83,0.005343924276530743,27.532445907592773,0.877608060836792,,,,2e-05,127.56024193763733,0.069382144
2025-09-03 23:33:46,20,84,0.01243501901626587,27.52976417541504,0.8372907638549805,,,,2e-05,127.61498045921326,0.069406208
2025-09-03 23:33:46,20,85,0.005740598775446415,27.532699584960938,0.8766801357269287,,,,2e-05,127.7024257183075,0.069470208
2025-09-03 23:33:46,20,86,0.007793251890689135,27.529869079589844,0.8679010272026062,,,,2e-05,127.76417922973633,0.069417472
2025-09-03 23:33:46,20,87,0.0076883346773684025,27.530466079711914,0.8657556176185608,,,,2e-05,127.82109427452087,0.06941184
2025-09-03 23:33:46,20,88,0.008574106730520725,27.53117561340332,0.8546448945999146,,,,2e-05,127.87822604179382,0.069413888
2025-09-03 23:33:46,20,89,0.006622618529945612,27.53135108947754,0.8768922686576843,,,,2e-05,127.92202138900757,0.069394432
2025-09-03 23:33:46,20,end,0.007618013945304685,27.533387607998318,0.8641591144932641,0.010511772707104683,27.533200073242188,0.8486450672149658,2e-05,128.0637435913086,0.06936064
2025-09-03 23:33:46,21,0,0.005312267690896988,27.532915115356445,0.8801087737083435,,,,2e-05,128.11116933822632,0.069382144
2025-09-03 23:33:46,21,1,0.00530611164867878,27.536130905151367,0.8862638473510742,,,,2e-05,128.15997791290283,0.069401088
2025-09-03 23:33:47,21,2,0.008111102506518364,27.53312110900879,0.8681021928787231,,,,2e-05,128.21249389648438,0.069406208
2025-09-03 23:33:47,21,3,0.005637853406369686,27.537778854370117,0.8763176798820496,,,,2e-05,128.2681667804718,0.06941184
2025-09-03 23:33:47,21,4,0.006596558261662722,27.534563064575195,0.874401867389679,,,,2e-05,128.31204533576965,0.069394432
2025-09-03 23:33:47,21,5,0.005256305914372206,27.534204483032227,0.8857786059379578,,,,2e-05,128.3653666973114,0.069408256
2025-09-03 23:33:47,21,6,0.006614918354898691,27.53782844543457,0.8609232306480408,,,,2e-05,128.41957831382751,0.069408768
2025-09-03 23:33:47,21,7,0.007811043411493301,27.532936096191406,0.8503405451774597,,,,2e-05,128.4759964942932,0.06941184
2025-09-03 23:33:47,21,8,0.008655254729092121,27.52927589416504,0.862845778465271,,,,2e-05,128.52966356277466,0.069408256
2025-09-03 23:33:47,21,9,0.007696193642914295,27.52956199645996,0.8686041831970215,,,,2e-05,128.59052991867065,0.069417472
2025-09-03 23:33:47,21,10,0.004816003609448671,27.533721923828125,0.8909422159194946,,,,2e-05,128.67030310630798,0.069462016
2025-09-03 23:33:47,21,11,0.004858106374740601,27.537094116210938,0.8851159811019897,,,,2e-05,128.72256779670715,0.069405696
2025-09-03 23:33:47,21,12,0.0067998250015079975,27.531160354614258,0.8755736351013184,,,,2e-05,128.78967142105103,0.069435392
2025-09-03 23:33:47,21,13,0.008699278347194195,27.532670974731445,0.861859142780304,,,,2e-05,128.8413770198822,0.069405184
2025-09-03 23:33:47,21,14,0.012461376376450062,27.52915382385254,0.8383867740631104,,,,2e-05,128.8939492702484,0.069406208
2025-09-03 23:33:47,21,15,0.01460846234112978,27.529296875,0.8307842016220093,,,,2e-05,128.954576253891,0.069417472
2025-09-03 23:33:47,21,16,0.005652552470564842,27.531984329223633,0.8763885498046875,,,,2e-05,129.0007839202881,0.069397504
2025-09-03 23:33:47,21,17,0.008488379418849945,27.531429290771484,0.8545330762863159,,,,2e-05,129.05757451057434,0.069413888
2025-09-03 23:33:47,21,18,0.00579791609197855,27.531871795654297,0.8718469142913818,,,,2e-05,129.11514019966125,0.069413888
2025-09-03 23:33:47,21,19,0.004841657821089029,27.534725189208984,0.8864539861679077,,,,2e-05,129.18777513504028,0.0694528
2025-09-03 23:33:48,21,20,0.004613400902599096,27.53470230102539,0.8905519247055054,,,,2e-05,129.25971508026123,0.069450752
2025-09-03 23:33:48,21,21,0.009512893855571747,27.530380249023438,0.8535162806510925,,,,2e-05,129.3308982849121,0.069441024
2025-09-03 23:33:48,21,22,0.0075915101915597916,27.537830352783203,0.8549772500991821,,,,2e-05,129.3757574558258,0.069394944
2025-09-03 23:33:48,21,23,0.006820117123425007,27.5366268157959,0.8653578162193298,,,,2e-05,129.42916059494019,0.069408256
2025-09-03 23:33:48,21,24,0.005957248155027628,27.53386878967285,0.8776712417602539,,,,2e-05,129.48278188705444,0.069408256
2025-09-03 23:33:48,21,25,0.008706622757017612,27.529987335205078,0.8563140034675598,,,,2e-05,129.55526995658875,0.0694528
2025-09-03 23:33:48,21,26,0.009293446317315102,27.53217315673828,0.8384836912155151,,,,2e-05,129.59516859054565,0.069378048
2025-09-03 23:33:48,21,27,0.005322109907865524,27.536100387573242,0.8798671960830688,,,,2e-05,129.63969779014587,0.069394944
2025-09-03 23:33:48,21,28,0.005674420855939388,27.534339904785156,0.868768036365509,,,,2e-05,129.69090485572815,0.069403648
2025-09-03 23:33:48,21,29,0.008521068841218948,27.53359603881836,0.8589889407157898,,,,2e-05,129.74349665641785,0.069406208
2025-09-03 23:33:48,21,30,0.007685214746743441,27.52962303161621,0.8632907867431641,,,,2e-05,129.79896998405457,0.069410816
2025-09-03 23:33:48,21,31,0.007195427082479,27.53506088256836,0.8538269400596619,,,,2e-05,129.84607577323914,0.069398016
2025-09-03 23:33:48,21,32,0.005663004703819752,27.531986236572266,0.8764161467552185,,,,2e-05,129.89653897285461,0.069403648
2025-09-03 23:33:48,21,33,0.009499605745077133,27.52946662902832,0.844578742980957,,,,2e-05,129.9398365020752,0.069392384
2025-09-03 23:33:48,21,34,0.008147098124027252,27.537708282470703,0.846664309501648,,,,2e-05,129.99607062339783,0.06941184
2025-09-03 23:33:48,21,35,0.0068336669355630875,27.536300659179688,0.8636875152587891,,,,2e-05,130.03996229171753,0.069392896
2025-09-03 23:33:48,21,36,0.00659922743216157,27.532121658325195,0.877101480960846,,,,2e-05,130.0835657119751,0.069394432
2025-09-03 23:33:48,21,37,0.008487878367304802,27.530019760131836,0.8687479496002197,,,,2e-05,130.12928009033203,0.069396992
2025-09-03 23:33:48,21,38,0.004932728596031666,27.534326553344727,0.8850144147872925,,,,2e-05,130.17839360237122,0.069402624
2025-09-03 23:33:49,21,39,0.005661749746650457,27.535385131835938,0.8772009015083313,,,,2e-05,130.22759556770325,0.069401088
2025-09-03 23:33:49,21,40,0.007185154594480991,27.533061981201172,0.8638179302215576,,,,2e-05,130.28431749343872,0.06941184
2025-09-03 23:33:49,21,41,0.004911844152957201,27.53506851196289,0.887018084526062,,,,2e-05,130.32420992851257,0.069378048
2025-09-03 23:33:49,21,42,0.00547585217282176,27.53817367553711,0.8851866126060486,,,,2e-05,130.3784637451172,0.069408768
2025-09-03 23:33:49,21,43,0.007603620178997517,27.53653907775879,0.8637843728065491,,,,2e-05,130.4291398525238,0.069403648
2025-09-03 23:33:49,21,44,0.007006349042057991,27.536773681640625,0.8636819124221802,,,,2e-05,130.49587392807007,0.069435392
2025-09-03 23:33:49,21,45,0.00609322777017951,27.536088943481445,0.864787220954895,,,,2e-05,130.5535023212433,0.069413888
2025-09-03 23:33:49,21,46,0.008254198357462883,27.537147521972656,0.8480300903320312,,,,2e-05,130.59124088287354,0.069367296
2025-09-03 23:33:49,21,47,0.009613009169697762,27.530195236206055,0.8605346083641052,,,,2e-05,130.65339612960815,0.06941952
2025-09-03 23:33:49,21,48,0.005644948687404394,27.5318546295166,0.8757220506668091,,,,2e-05,130.69543766975403,0.069382144
2025-09-03 23:33:49,21,49,0.005914325825870037,27.537351608276367,0.8736674785614014,,,,2e-05,130.74453616142273,0.069401088
2025-09-03 23:33:49,21,50,0.005600632634013891,27.536664962768555,0.874148964881897,,,,2e-05,130.8009955883026,0.06941184
2025-09-03 23:33:49,21,51,0.0079296650364995,27.534454345703125,0.8657800555229187,,,,2e-05,130.84934067726135,0.069400064
2025-09-03 23:33:49,21,52,0.00820259191095829,27.529560089111328,0.8614335060119629,,,,2e-05,130.92425537109375,0.06945536
2025-09-03 23:33:49,21,53,0.008239947259426117,27.53002166748047,0.8646664619445801,,,,2e-05,130.9839792251587,0.069414912
2025-09-03 23:33:49,21,54,0.008354158140718937,27.529537200927734,0.8671486973762512,,,,2e-05,131.05800437927246,0.069453312
2025-09-03 23:33:49,21,55,0.007462249603122473,27.5341854095459,0.8667680621147156,,,,2e-05,131.1119408607483,0.069406208
2025-09-03 23:33:49,21,56,0.006515454035252333,27.535417556762695,0.8746170997619629,,,,2e-05,131.1577548980713,0.069395456
2025-09-03 23:33:50,21,57,0.00515182688832283,27.534496307373047,0.8813698291778564,,,,2e-05,131.2031638622284,0.069395456
2025-09-03 23:33:50,21,58,0.007768683135509491,27.536598205566406,0.8493409156799316,,,,2e-05,131.25417160987854,0.069403648
2025-09-03 23:33:50,21,59,0.0056945281103253365,27.53270149230957,0.8823155760765076,,,,2e-05,131.34438848495483,0.069477888
2025-09-03 23:33:50,21,60,0.006656649522483349,27.535497665405273,0.8702192902565002,,,,2e-05,131.3986291885376,0.069406208
2025-09-03 23:33:50,21,61,0.006114161107689142,27.536012649536133,0.8640169501304626,,,,2e-05,131.44850540161133,0.069398016
2025-09-03 23:33:50,21,62,0.00554230809211731,27.534412384033203,0.8801224231719971,,,,2e-05,131.49674677848816,0.069400064
2025-09-03 23:33:50,21,63,0.005049810744822025,27.534992218017578,0.8832991123199463,,,,2e-05,131.554044008255,0.06941184
2025-09-03 23:33:50,21,64,0.011868844740092754,27.529064178466797,0.8257072567939758,,,,2e-05,131.60533452033997,0.069392896
2025-09-03 23:33:50,21,65,0.004603174515068531,27.53597640991211,0.8913396596908569,,,,2e-05,131.6692156791687,0.06941952
2025-09-03 23:33:50,21,66,0.006146805826574564,27.535198211669922,0.871861457824707,,,,2e-05,131.73025035858154,0.069417472
2025-09-03 23:33:50,21,67,0.007941138930618763,27.530719757080078,0.8620665073394775,,,,2e-05,131.7873728275299,0.06941184
2025-09-03 23:33:50,21,68,0.010453782975673676,27.53114128112793,0.8479024171829224,,,,2e-05,131.84185409545898,0.069408768
2025-09-03 23:33:50,21,69,0.006892359349876642,27.53141212463379,0.8673973679542542,,,,2e-05,131.897479057312,0.069410816
2025-09-03 23:33:50,21,70,0.005997822619974613,27.533082962036133,0.8735225796699524,,,,2e-05,131.9832091331482,0.069470208
2025-09-03 23:33:50,21,71,0.0063704391941428185,27.53713607788086,0.8720762729644775,,,,2e-05,132.05498480796814,0.069440512
2025-09-03 23:33:50,21,72,0.006391081027686596,27.533437728881836,0.8762447237968445,,,,2e-05,132.10897254943848,0.069406208
2025-09-03 23:33:50,21,73,0.006530233658850193,27.531827926635742,0.8751127123832703,,,,2e-05,132.15343475341797,0.069394432
2025-09-03 23:33:51,21,74,0.016073105856776237,27.52985382080078,0.8193467855453491,,,,2e-05,132.2098515033722,0.06941184
2025-09-03 23:33:51,21,75,0.008372006937861443,27.535303115844727,0.8609340190887451,,,,2e-05,132.26367950439453,0.069408256
2025-09-03 23:33:51,21,76,0.0068998453207314014,27.537778854370117,0.8582661747932434,,,,2e-05,132.30662512779236,0.069392384
2025-09-03 23:33:51,21,77,0.007355041801929474,27.53622055053711,0.8517271876335144,,,,2e-05,132.3673985004425,0.069417472
2025-09-03 23:33:51,21,78,0.006191167049109936,27.53857421875,0.8712003231048584,,,,2e-05,132.40691781044006,0.069377536
2025-09-03 23:33:51,21,79,0.010909877717494965,27.530269622802734,0.8502059578895569,,,,2e-05,132.45618081092834,0.069401088
2025-09-03 23:33:51,21,80,0.011442717164754868,27.528467178344727,0.8361610174179077,,,,2e-05,132.50927805900574,0.069403648
2025-09-03 23:33:51,21,81,0.019072892144322395,27.528053283691406,0.8076710104942322,,,,2e-05,132.5667827129364,0.069408768
2025-09-03 23:33:51,21,82,0.009614718146622181,27.529815673828125,0.8559975624084473,,,,2e-05,132.6205587387085,0.069408256
2025-09-03 23:33:51,21,83,0.005574764218181372,27.532588958740234,0.8796544075012207,,,,2e-05,132.7049958705902,0.069469184
2025-09-03 23:33:51,21,84,0.0069002932868897915,27.531770706176758,0.8744422793388367,,,,2e-05,132.75848698616028,0.069406208
2025-09-03 23:33:51,21,85,0.013691526837646961,27.52969741821289,0.8260482549667358,,,,2e-05,132.81577253341675,0.06941184
2025-09-03 23:33:51,21,86,0.011451613157987595,27.53025245666504,0.8342233896255493,,,,2e-05,132.8849356174469,0.069438464
2025-09-03 23:33:51,21,87,0.01003977283835411,27.530088424682617,0.8582404851913452,,,,2e-05,132.94567346572876,0.069417472
2025-09-03 23:33:51,21,88,0.008125553838908672,27.534791946411133,0.8555830717086792,,,,2e-05,132.9982488155365,0.069406208
2025-09-03 23:33:51,21,89,0.008069556206464767,27.530000686645508,0.8609597086906433,,,,2e-05,133.05038690567017,0.069406208
2025-09-03 23:33:51,21,end,0.0075744993260337245,27.533359548780652,0.8646885183122422,0.01056295894086361,27.53385829925537,0.8475852847099304,2e-05,133.19229865074158,0.069367296
2025-09-03 23:33:52,22,0,0.009375892579555511,27.534358978271484,0.8512080907821655,,,,2e-05,133.24988198280334,0.069406208
2025-09-03 23:33:52,22,1,0.005767311900854111,27.532426834106445,0.8744328022003174,,,,2e-05,133.2962188720703,0.069397504
2025-09-03 23:33:52,22,2,0.005193075630813837,27.535587310791016,0.8804305195808411,,,,2e-05,133.35304975509644,0.06941184
2025-09-03 23:33:52,22,3,0.0061851730570197105,27.535207748413086,0.8705756068229675,,,,2e-05,133.4135401248932,0.069417472
2025-09-03 23:33:52,22,4,0.007791973650455475,27.53754425048828,0.8495173454284668,,,,2e-05,133.47032570838928,0.06941184
2025-09-03 23:33:52,22,5,0.0056070685386657715,27.53474235534668,0.87867271900177,,,,2e-05,133.51781749725342,0.069400064
2025-09-03 23:33:52,22,6,0.010647370480000973,27.530019760131836,0.852035641670227,,,,2e-05,133.56727290153503,0.069401088
2025-09-03 23:33:52,22,7,0.008319800719618797,27.529436111450195,0.8674039244651794,,,,2e-05,133.64075207710266,0.069453312
2025-09-03 23:33:52,22,8,0.00711687421426177,27.530370712280273,0.8689476251602173,,,,2e-05,133.685049533844,0.069394432
2025-09-03 23:33:52,22,9,0.008811470121145248,27.52988624572754,0.8544834852218628,,,,2e-05,133.7579288482666,0.0694528
2025-09-03 23:33:52,22,10,0.005339003633707762,27.534608840942383,0.8782897591590881,,,,2e-05,133.80400609970093,0.069395456
2025-09-03 23:33:52,22,11,0.007644563913345337,27.53451156616211,0.8668088912963867,,,,2e-05,133.85169911384583,0.069400064
2025-09-03 23:33:52,22,12,0.00697639025747776,27.536142349243164,0.8697461485862732,,,,2e-05,133.90184330940247,0.069403648
2025-09-03 23:33:52,22,13,0.005205477122217417,27.53775978088379,0.8878568410873413,,,,2e-05,133.95572972297668,0.069408768
2025-09-03 23:33:52,22,14,0.0052603804506361485,27.534730911254883,0.8811203837394714,,,,2e-05,134.00520634651184,0.069401088
2025-09-03 23:33:52,22,15,0.008255927823483944,27.531084060668945,0.857639729976654,,,,2e-05,134.06224942207336,0.069413888
2025-09-03 23:33:52,22,16,0.006369438953697681,27.535791397094727,0.8683314919471741,,,,2e-05,134.10571146011353,0.069392896
2025-09-03 23:33:52,22,17,0.009907844476401806,27.528797149658203,0.8548174500465393,,,,2e-05,134.15139365196228,0.069396992
2025-09-03 23:33:53,22,18,0.0049112457782030106,27.53702163696289,0.8842806220054626,,,,2e-05,134.20313835144043,0.069405696
2025-09-03 23:33:53,22,19,0.01197900716215372,27.52944564819336,0.8412793874740601,,,,2e-05,134.2558295726776,0.069406208
2025-09-03 23:33:53,22,20,0.005990200210362673,27.532888412475586,0.8805036544799805,,,,2e-05,134.30882835388184,0.069406208
2025-09-03 23:33:53,22,21,0.009616167284548283,27.529634475708008,0.8641776442527771,,,,2e-05,134.36969304084778,0.069417472
2025-09-03 23:33:53,22,22,0.006714888382703066,27.538860321044922,0.865784764289856,,,,2e-05,134.40902400016785,0.069377536
2025-09-03 23:33:53,22,23,0.005685714539140463,27.532514572143555,0.8761352300643921,,,,2e-05,134.49324083328247,0.069469184
2025-09-03 23:33:53,22,24,0.0055418433621525764,27.53352165222168,0.8765502572059631,,,,2e-05,134.53587865829468,0.069382144
2025-09-03 23:33:53,22,25,0.008448373526334763,27.537057876586914,0.8441900014877319,,,,2e-05,134.58738350868225,0.069403648
2025-09-03 23:33:53,22,26,0.006054950412362814,27.534025192260742,0.8765852451324463,,,,2e-05,134.64124155044556,0.069408256
2025-09-03 23:33:53,22,27,0.008063139393925667,27.533435821533203,0.8673527240753174,,,,2e-05,134.69374012947083,0.069406208
2025-09-03 23:33:53,22,28,0.007546974811702967,27.53054428100586,0.8685266971588135,,,,2e-05,134.75105953216553,0.06941184
2025-09-03 23:33:53,22,29,0.008116429671645164,27.52978515625,0.8694159984588623,,,,2e-05,134.80500650405884,0.069408256
2025-09-03 23:33:53,22,30,0.006122772116214037,27.537494659423828,0.870887279510498,,,,2e-05,134.85402870178223,0.069401088
2025-09-03 23:33:53,22,31,0.00487360218539834,27.53377342224121,0.8903456926345825,,,,2e-05,134.93370270729065,0.069462016
2025-09-03 23:33:53,22,32,0.0045386976562440395,27.533605575561523,0.8899363875389099,,,,2e-05,134.98399186134338,0.069402624
2025-09-03 23:33:53,22,33,0.005703238304704428,27.531911849975586,0.8764618635177612,,,,2e-05,135.0344364643097,0.069403648
2025-09-03 23:33:53,22,34,0.0048170085065066814,27.5339412689209,0.888799250125885,,,,2e-05,135.07390546798706,0.069378048
2025-09-03 23:33:53,22,35,0.005677392240613699,27.537675857543945,0.8754789233207703,,,,2e-05,135.13024163246155,0.06941184
2025-09-03 23:33:54,22,36,0.0047575440257787704,27.534345626831055,0.8877600431442261,,,,2e-05,135.20339012145996,0.0694528
2025-09-03 23:33:54,22,37,0.006561124697327614,27.531051635742188,0.8797826766967773,,,,2e-05,135.25640511512756,0.069406208
2025-09-03 23:33:54,22,38,0.005151103250682354,27.536149978637695,0.8873697519302368,,,,2e-05,135.30629301071167,0.069401088
2025-09-03 23:33:54,22,39,0.006412980146706104,27.5355281829834,0.8745359182357788,,,,2e-05,135.35224390029907,0.069395456
2025-09-03 23:33:54,22,40,0.005699368193745613,27.53676414489746,0.8723027110099792,,,,2e-05,135.40785884857178,0.06941184
2025-09-03 23:33:54,22,41,0.013093878515064716,27.528718948364258,0.8336855173110962,,,,2e-05,135.46514654159546,0.06941184
2025-09-03 23:33:54,22,42,0.007077059708535671,27.530746459960938,0.8628591299057007,,,,2e-05,135.52489280700684,0.069410816
2025-09-03 23:33:54,22,43,0.009577881544828415,27.53024673461914,0.8608220219612122,,,,2e-05,135.58873414993286,0.06941952
2025-09-03 23:33:54,22,44,0.00870776828378439,27.532821655273438,0.8612805604934692,,,,2e-05,135.6404857635498,0.069405184
2025-09-03 23:33:54,22,45,0.007452773861587048,27.529905319213867,0.866244912147522,,,,2e-05,135.69621872901917,0.069410816
2025-09-03 23:33:54,22,46,0.005345085170120001,27.53645896911621,0.8791221380233765,,,,2e-05,135.74084949493408,0.069394944
2025-09-03 23:33:54,22,47,0.009844412095844746,27.530763626098633,0.8517882227897644,,,,2e-05,135.79512453079224,0.069408768
2025-09-03 23:33:54,22,48,0.010676315054297447,27.529848098754883,0.842995285987854,,,,2e-05,135.86469435691833,0.069438464
2025-09-03 23:33:54,22,49,0.005807339679449797,27.533061981201172,0.8795316815376282,,,,2e-05,135.9559977054596,0.069477888
2025-09-03 23:33:54,22,50,0.014439678750932217,27.529430389404297,0.8312650918960571,,,,2e-05,136.01828622817993,0.069417472
2025-09-03 23:33:54,22,51,0.0073531330563127995,27.53453254699707,0.8663520812988281,,,,2e-05,136.07135200500488,0.069406208
2025-09-03 23:33:54,22,52,0.018556514754891396,27.527790069580078,0.8114713430404663,,,,2e-05,136.12536311149597,0.069408768
2025-09-03 23:33:54,22,53,0.008207399398088455,27.530269622802734,0.8654593825340271,,,,2e-05,136.1840844154358,0.069414912
2025-09-03 23:33:55,22,54,0.006644994020462036,27.532747268676758,0.8689980506896973,,,,2e-05,136.2410945892334,0.06941184
2025-09-03 23:33:55,22,55,0.005784810520708561,27.53182029724121,0.871393620967865,,,,2e-05,136.2992558479309,0.069413888
2025-09-03 23:33:55,22,56,0.014534513466060162,27.529306411743164,0.8321785926818848,,,,2e-05,136.35630798339844,0.06941184
2025-09-03 23:33:55,22,57,0.005554740317165852,27.53276824951172,0.8774975538253784,,,,2e-05,136.44219040870667,0.069470208
2025-09-03 23:33:55,22,58,0.00925891101360321,27.530311584472656,0.8559316396713257,,,,2e-05,136.51419353485107,0.069441024
2025-09-03 23:33:55,22,59,0.004589980002492666,27.534584045410156,0.890120267868042,,,,2e-05,136.5865068435669,0.069450752
2025-09-03 23:33:55,22,60,0.006743285339325666,27.535919189453125,0.8661177158355713,,,,2e-05,136.63977217674255,0.069406208
2025-09-03 23:33:55,22,61,0.007404189556837082,27.534875869750977,0.8702162504196167,,,,2e-05,136.69332265853882,0.069408256
2025-09-03 23:33:55,22,62,0.005920712370425463,27.534379959106445,0.8656174540519714,,,,2e-05,136.74451518058777,0.069403648
2025-09-03 23:33:55,22,63,0.005804465152323246,27.536396026611328,0.8764856457710266,,,,2e-05,136.81570053100586,0.069440512
2025-09-03 23:33:55,22,64,0.00793188065290451,27.53720474243164,0.8509328961372375,,,,2e-05,136.86045813560486,0.069394944
2025-09-03 23:33:55,22,65,0.0065948087722063065,27.536272048950195,0.8663378357887268,,,,2e-05,136.92724180221558,0.069435392
2025-09-03 23:33:55,22,66,0.00662608677521348,27.5307559967041,0.8791106343269348,,,,2e-05,136.99426770210266,0.069435392
2025-09-03 23:33:55,22,67,0.010129548609256744,27.528799057006836,0.85137540102005,,,,2e-05,137.053307056427,0.069408256
2025-09-03 23:33:55,22,68,0.007792358286678791,27.53690528869629,0.8491590023040771,,,,2e-05,137.09998536109924,0.069392384
2025-09-03 23:33:55,22,69,0.006887344177812338,27.531131744384766,0.8624172806739807,,,,2e-05,137.14363980293274,0.069382144
2025-09-03 23:33:56,22,70,0.007737519685178995,27.529428482055664,0.8661062121391296,,,,2e-05,137.2048943042755,0.069417472
2025-09-03 23:33:56,22,71,0.007196477614343166,27.534034729003906,0.8626272678375244,,,,2e-05,137.25781774520874,0.069406208
2025-09-03 23:33:56,22,72,0.008834495209157467,27.532766342163086,0.8433235287666321,,,,2e-05,137.2975673675537,0.069378048
2025-09-03 23:33:56,22,73,0.008466039784252644,27.530086517333984,0.853178858757019,,,,2e-05,137.34043383598328,0.069392384
2025-09-03 23:33:56,22,74,0.008615515194833279,27.53358268737793,0.844343900680542,,,,2e-05,137.3970024585724,0.06941184
2025-09-03 23:33:56,22,75,0.008695547468960285,27.53006362915039,0.855235755443573,,,,2e-05,137.47233986854553,0.06945536
2025-09-03 23:33:56,22,76,0.006863661576062441,27.536766052246094,0.8574106097221375,,,,2e-05,137.53001976013184,0.069413888
2025-09-03 23:33:56,22,77,0.00822333712130785,27.53179359436035,0.8509477376937866,,,,2e-05,137.5735001564026,0.069392896
2025-09-03 23:33:56,22,78,0.005937402136623859,27.535198211669922,0.8757069110870361,,,,2e-05,137.626793384552,0.069408256
2025-09-03 23:33:56,22,79,0.005340293515473604,27.536813735961914,0.8787795305252075,,,,2e-05,137.68806290626526,0.06941952
2025-09-03 23:33:56,22,80,0.008376956917345524,27.536794662475586,0.8432843089103699,,,,2e-05,137.7489528656006,0.069417472
2025-09-03 23:33:56,22,81,0.009323484264314175,27.53811264038086,0.8391128182411194,,,,2e-05,137.78756952285767,0.069367296
2025-09-03 23:33:56,22,82,0.008051523938775063,27.529970169067383,0.8616338968276978,,,,2e-05,137.8396954536438,0.069406208
2025-09-03 23:33:56,22,83,0.006671221926808357,27.532230377197266,0.8763503432273865,,,,2e-05,137.88304233551025,0.069394432
2025-09-03 23:33:56,22,84,0.006655743811279535,27.536579132080078,0.8576709032058716,,,,2e-05,137.92954277992249,0.069398016
2025-09-03 23:33:56,22,85,0.007013791706413031,27.535253524780273,0.8547143936157227,,,,2e-05,137.97613048553467,0.069398016
2025-09-03 23:33:56,22,86,0.006641382351517677,27.537893295288086,0.8596476912498474,,,,2e-05,138.0298764705658,0.069408768
2025-09-03 23:33:56,22,87,0.010941576212644577,27.528564453125,0.8402456045150757,,,,2e-05,138.07980298995972,0.069403648
2025-09-03 23:33:56,22,88,0.006940643303096294,27.536283493041992,0.8663552403450012,,,,2e-05,138.1355381011963,0.069408256
2025-09-03 23:33:56,22,89,0.00701101403683424,27.53458023071289,0.8706566095352173,,,,2e-05,138.17905473709106,0.069394432
2025-09-03 23:33:57,22,end,0.007518203334055013,27.533328353034126,0.8647206723690033,0.010535515192896128,27.53321781158447,0.8486195266246795,2e-05,138.32098960876465,0.06936064
2025-09-03 23:33:57,23,0,0.009534110315144062,27.5301570892334,0.8613423109054565,,,,1e-05,138.38883781433105,0.06941952
2025-09-03 23:33:57,23,1,0.018900474533438683,27.528057098388672,0.8091985583305359,,,,1e-05,138.44285416603088,0.069408768
2025-09-03 23:33:57,23,2,0.0058264280669391155,27.537477493286133,0.8745216131210327,,,,1e-05,138.49228930473328,0.069401088
2025-09-03 23:33:57,23,3,0.009210757911205292,27.533823013305664,0.8559672832489014,,,,1e-05,138.54441237449646,0.069406208
2025-09-03 23:33:57,23,4,0.007651537656784058,27.53421401977539,0.8621229529380798,,,,1e-05,138.5970528125763,0.069406208
2025-09-03 23:33:57,23,5,0.00818174984306097,27.534955978393555,0.8641790151596069,,,,1e-05,138.6504738330841,0.069408256
2025-09-03 23:33:57,23,6,0.008233852684497833,27.53475570678711,0.8627647161483765,,,,1e-05,138.69863438606262,0.069400064
2025-09-03 23:33:57,23,7,0.005155375227332115,27.534936904907227,0.8830295205116272,,,,1e-05,138.74748849868774,0.069401088
2025-09-03 23:33:57,23,8,0.00674993172287941,27.536706924438477,0.8672147989273071,,,,1e-05,138.81435894966125,0.069435392
2025-09-03 23:33:57,23,9,0.006149997003376484,27.536657333374023,0.8758018016815186,,,,1e-05,138.88567638397217,0.069440512
2025-09-03 23:33:57,23,10,0.006475930102169514,27.53169822692871,0.878594696521759,,,,1e-05,138.93022537231445,0.069394432
2025-09-03 23:33:57,23,11,0.0052721332758665085,27.534473419189453,0.8859578967094421,,,,1e-05,138.98452734947205,0.069408256
2025-09-03 23:33:57,23,12,0.015595977194607258,27.52926254272461,0.8257744312286377,,,,1e-05,139.04150319099426,0.06941184
2025-09-03 23:33:57,23,13,0.007347969338297844,27.537647247314453,0.853868842124939,,,,1e-05,139.09842586517334,0.06941184
2025-09-03 23:33:57,23,14,0.005505033768713474,27.532222747802734,0.8799921870231628,,,,1e-05,139.1487205028534,0.069403648
2025-09-03 23:33:58,23,15,0.006159595213830471,27.538084030151367,0.8661152124404907,,,,1e-05,139.20303773880005,0.069408768
2025-09-03 23:33:58,23,16,0.006807840894907713,27.53589630126953,0.8679510951042175,,,,1e-05,139.25540161132812,0.069406208
2025-09-03 23:33:58,23,17,0.006885663140565157,27.53481674194336,0.8703279495239258,,,,1e-05,139.2991588115692,0.069394432
2025-09-03 23:33:58,23,18,0.009907522238790989,27.530202865600586,0.8504809141159058,,,,1e-05,139.36995887756348,0.069441024
2025-09-03 23:33:58,23,19,0.005813715048134327,27.532760620117188,0.8838340640068054,,,,1e-05,139.4232096672058,0.069406208
2025-09-03 23:33:58,23,20,0.00563466502353549,27.53195571899414,0.8745142221450806,,,,1e-05,139.46521306037903,0.069382144
2025-09-03 23:33:58,23,21,0.010820189490914345,27.530128479003906,0.8507990837097168,,,,1e-05,139.51394033432007,0.069401088
2025-09-03 23:33:58,23,22,0.0054083168506622314,27.537912368774414,0.8795004487037659,,,,1e-05,139.56946468353271,0.06941184
2025-09-03 23:33:58,23,23,0.007796017918735743,27.537281036376953,0.8521714806556702,,,,1e-05,139.60708570480347,0.069367296
2025-09-03 23:33:58,23,24,0.005207381676882505,27.534793853759766,0.8801237344741821,,,,1e-05,139.65207505226135,0.069395456
2025-09-03 23:33:58,23,25,0.009481065906584263,27.529075622558594,0.857032835483551,,,,1e-05,139.69750809669495,0.069396992
2025-09-03 23:33:58,23,26,0.006077256053686142,27.53872299194336,0.8723675012588501,,,,1e-05,139.7361180782318,0.069377536
2025-09-03 23:33:58,23,27,0.006228769198060036,27.536087036132812,0.87116539478302,,,,1e-05,139.7791132926941,0.069392896
2025-09-03 23:33:58,23,28,0.004814598709344864,27.53460121154785,0.887312114238739,,,,1e-05,139.8511986732483,0.0694528
2025-09-03 23:33:58,23,29,0.006878806743770838,27.53768539428711,0.8615818619728088,,,,1e-05,139.8985641002655,0.069394944
2025-09-03 23:33:58,23,30,0.007461892906576395,27.533300399780273,0.8547990918159485,,,,1e-05,139.95616674423218,0.06941184
2025-09-03 23:33:58,23,31,0.0067463163286447525,27.536611557006836,0.8678306937217712,,,,1e-05,140.0099902153015,0.069408256
2025-09-03 23:33:58,23,32,0.005061631090939045,27.535491943359375,0.8826427459716797,,,,1e-05,140.06646394729614,0.06941184
2025-09-03 23:33:58,23,33,0.006134344730526209,27.5364933013916,0.8639542460441589,,,,1e-05,140.1130015850067,0.069398016
2025-09-03 23:33:58,23,34,0.008013847284018993,27.529298782348633,0.8615595102310181,,,,1e-05,140.1653516292572,0.069406208
2025-09-03 23:33:59,23,35,0.007238032296299934,27.53620147705078,0.8532816171646118,,,,1e-05,140.2256338596344,0.069417472
2025-09-03 23:33:59,23,36,0.012627668678760529,27.529644012451172,0.836688756942749,,,,1e-05,140.27845454216003,0.069406208
2025-09-03 23:33:59,23,37,0.004904530942440033,27.533967971801758,0.8892366886138916,,,,1e-05,140.357351064682,0.069462016
2025-09-03 23:33:59,23,38,0.00471241632476449,27.537269592285156,0.8879820108413696,,,,1e-05,140.40977120399475,0.069405696
2025-09-03 23:33:59,23,39,0.007707580458372831,27.534515380859375,0.863811731338501,,,,1e-05,140.4625301361084,0.069406208
2025-09-03 23:33:59,23,40,0.006453292444348335,27.53106117248535,0.8762680888175964,,,,1e-05,140.50616788864136,0.069394432
2025-09-03 23:33:59,23,41,0.013467790558934212,27.52907943725586,0.8303325176239014,,,,1e-05,140.56289649009705,0.06941184
2025-09-03 23:33:59,23,42,0.007254261989146471,27.529985427856445,0.869318962097168,,,,1e-05,140.61819672584534,0.069410816
2025-09-03 23:33:59,23,43,0.008322380483150482,27.5302791595459,0.8636754751205444,,,,1e-05,140.6768548488617,0.069414912
2025-09-03 23:33:59,23,44,0.0066875130869448185,27.53765106201172,0.8603596687316895,,,,1e-05,140.7200062274933,0.069392384
2025-09-03 23:33:59,23,45,0.0046386332251131535,27.533937454223633,0.8888643383979797,,,,1e-05,140.7697012424469,0.069402624
2025-09-03 23:33:59,23,46,0.006155406590551138,27.535219192504883,0.8721157312393188,,,,1e-05,140.82979035377502,0.069417472
2025-09-03 23:33:59,23,47,0.007586305495351553,27.52984046936035,0.8709818124771118,,,,1e-05,140.8915331363678,0.069417472
2025-09-03 23:33:59,23,48,0.006686806213110685,27.53132438659668,0.8766072988510132,,,,1e-05,140.94457387924194,0.069406208
2025-09-03 23:33:59,23,49,0.008791997097432613,27.531259536743164,0.8519872426986694,,,,1e-05,141.002295255661,0.069413888
2025-09-03 23:33:59,23,50,0.009140885435044765,27.532808303833008,0.8599575757980347,,,,1e-05,141.05350995063782,0.069405184
2025-09-03 23:33:59,23,51,0.005358426366001368,27.536865234375,0.8773342370986938,,,,1e-05,141.10944771766663,0.06941184
2025-09-03 23:33:59,23,52,0.005338209215551615,27.536258697509766,0.8856319189071655,,,,1e-05,141.15856957435608,0.069401088
2025-09-03 23:34:00,23,53,0.007682345807552338,27.530317306518555,0.8651913404464722,,,,1e-05,141.2177369594574,0.06941184
2025-09-03 23:34:00,23,54,0.008347568102180958,27.53312873840332,0.8658895492553711,,,,1e-05,141.27750706672668,0.069406208
2025-09-03 23:34:00,23,55,0.004987604450434446,27.536083221435547,0.8853205442428589,,,,1e-05,141.32716703414917,0.069394944
2025-09-03 23:34:00,23,56,0.010336528532207012,27.530336380004883,0.8517012000083923,,,,1e-05,141.38930940628052,0.069408768
2025-09-03 23:34:00,23,57,0.006546183489263058,27.534971237182617,0.8601044416427612,,,,1e-05,141.4448733329773,0.069398016
2025-09-03 23:34:00,23,58,0.015175997279584408,27.52904510498047,0.8276894688606262,,,,1e-05,141.515234708786,0.069417472
2025-09-03 23:34:00,23,59,0.006124283652752638,27.53364372253418,0.8749549388885498,,,,1e-05,141.57314586639404,0.069408256
2025-09-03 23:34:00,23,60,0.009983902797102928,27.529239654541016,0.8418344259262085,,,,1e-05,141.62036156654358,0.069392384
2025-09-03 23:34:00,23,61,0.00503865210339427,27.537841796875,0.8912894129753113,,,,1e-05,141.67804718017578,0.069408768
2025-09-03 23:34:00,23,62,0.00544604379683733,27.532344818115234,0.8811330199241638,,,,1e-05,141.76485800743103,0.069469184
2025-09-03 23:34:00,23,63,0.010778220370411873,27.528667449951172,0.84305739402771,,,,1e-05,141.81651878356934,0.069403648
2025-09-03 23:34:00,23,64,0.00945387501269579,27.529829025268555,0.8585637211799622,,,,1e-05,141.87560081481934,0.069408256
2025-09-03 23:34:00,23,65,0.006983648985624313,27.531455993652344,0.8727483749389648,,,,1e-05,141.95558309555054,0.069435392
2025-09-03 23:34:00,23,66,0.005756567697972059,27.53326988220215,0.8809717297554016,,,,1e-05,142.06008911132812,0.069477888
2025-09-03 23:34:00,23,67,0.008167978376150131,27.530305862426758,0.8690029382705688,,,,1e-05,142.1211953163147,0.069408256
2025-09-03 23:34:00,23,68,0.007283770013600588,27.533103942871094,0.8618171811103821,,,,1e-05,142.18739414215088,0.06941184
2025-09-03 23:34:01,23,69,0.006244590971618891,27.53554916381836,0.8710415363311768,,,,1e-05,142.2429301738739,0.069400064
2025-09-03 23:34:01,23,70,0.0058949729427695274,27.5330753326416,0.8744702339172363,,,,1e-05,142.3379328250885,0.069470208
2025-09-03 23:34:01,23,71,0.005788917187601328,27.535091400146484,0.8684795498847961,,,,1e-05,142.39299201965332,0.069403648
2025-09-03 23:34:01,23,72,0.007461920380592346,27.53139305114746,0.8600144982337952,,,,1e-05,142.43666052818298,0.069392896
2025-09-03 23:34:01,23,73,0.009270671755075455,27.530427932739258,0.8491849303245544,,,,1e-05,142.5180926322937,0.0694528
2025-09-03 23:34:01,23,74,0.004860479384660721,27.53508949279785,0.8874807357788086,,,,1e-05,142.5639705657959,0.069378048
2025-09-03 23:34:01,23,75,0.00755894323810935,27.53668785095215,0.8640235662460327,,,,1e-05,142.62171983718872,0.069403648
2025-09-03 23:34:01,23,76,0.007895232178270817,27.533353805541992,0.8538432121276855,,,,1e-05,142.66180300712585,0.069378048
